id,word,gloss_vi,cefr,status,rank,difficulty_tier,duration_band,min_seconds,target_seconds,max_seconds,english_early_range,english_late_range,reasons
wake.v,wake,thức giấc,A1,done,1,2,short,45,60,65,20–35%,35–50%,Nghĩa có thể minh họa trực tiếp; một câu mẫu và lượt thực hành ngắn đủ cho mục tiêu ban đầu.
wake up.phr,wake up,thức dậy,A1,done,2,3,medium,65,80,90,20–35%,35–50%,Cần thêm ngữ cảnh hoặc làm rõ cách dùng trong câu; ưu tiên một tình huống và phản hồi.
get up.phr,get up,"rời giường, ngồi dậy",A1,done,3,3,medium,65,80,90,20–35%,35–50%,Cần thêm ngữ cảnh hoặc làm rõ cách dùng trong câu; ưu tiên một tình huống và phản hồi.
brush.v,brush,"chải, đánh (răng, tóc)",A1,done,4,2,short,45,60,65,20–35%,35–50%,Nghĩa có thể minh họa trực tiếp; một câu mẫu và lượt thực hành ngắn đủ cho mục tiêu ban đầu.
toothbrush.n,toothbrush,bàn chải đánh răng,A1,done,5,1,short,45,60,65,20–35%,35–50%,Nghĩa có thể minh họa trực tiếp; một câu mẫu và lượt thực hành ngắn đủ cho mục tiêu ban đầu.
toothpaste.n,toothpaste,kem đánh răng,A1,done,6,1,short,45,60,65,20–35%,35–50%,Nghĩa có thể minh họa trực tiếp; một câu mẫu và lượt thực hành ngắn đủ cho mục tiêu ban đầu.
shower.n,shower,"vòi sen, việc tắm vòi sen",A1,done,7,1,short,45,60,65,20–35%,35–50%,Nghĩa có thể minh họa trực tiếp; một câu mẫu và lượt thực hành ngắn đủ cho mục tiêu ban đầu.
bath.n,bath,"bồn tắm, việc tắm bồn",A1,done,8,1,short,45,60,65,20–35%,35–50%,Nghĩa có thể minh họa trực tiếp; một câu mẫu và lượt thực hành ngắn đủ cho mục tiêu ban đầu.
towel.n,towel,khăn tắm,A1,done,9,1,short,45,60,65,20–35%,35–50%,Nghĩa có thể minh họa trực tiếp; một câu mẫu và lượt thực hành ngắn đủ cho mục tiêu ban đầu.
soap.n,soap,xà phòng,A1,done,10,1,short,45,60,65,20–35%,35–50%,Nghĩa có thể minh họa trực tiếp; một câu mẫu và lượt thực hành ngắn đủ cho mục tiêu ban đầu.
mirror.n,mirror,gương,A1,done,11,1,short,45,60,65,20–35%,35–50%,Nghĩa có thể minh họa trực tiếp; một câu mẫu và lượt thực hành ngắn đủ cho mục tiêu ban đầu.
dress.v.clothe,dress,mặc quần áo,A1,done,12,2,short,45,60,65,20–35%,35–50%,Nghĩa có thể minh họa trực tiếp; một câu mẫu và lượt thực hành ngắn đủ cho mục tiêu ban đầu.
breakfast.n,breakfast,bữa sáng,A1,done,13,1,short,45,60,65,20–35%,35–50%,Nghĩa có thể minh họa trực tiếp; một câu mẫu và lượt thực hành ngắn đủ cho mục tiêu ban đầu.
lunch.n,lunch,bữa trưa,A1,done,14,1,short,45,60,65,20–35%,35–50%,Nghĩa có thể minh họa trực tiếp; một câu mẫu và lượt thực hành ngắn đủ cho mục tiêu ban đầu.
dinner.n,dinner,bữa tối,A1,done,15,1,short,45,60,65,20–35%,35–50%,Nghĩa có thể minh họa trực tiếp; một câu mẫu và lượt thực hành ngắn đủ cho mục tiêu ban đầu.
meal.n,meal,bữa ăn,A1,done,16,1,short,45,60,65,20–35%,35–50%,Nghĩa có thể minh họa trực tiếp; một câu mẫu và lượt thực hành ngắn đủ cho mục tiêu ban đầu.
leave.v.depart,leave,rời đi,A1,done,17,2,short,45,60,65,20–35%,35–50%,Nghĩa có thể minh họa trực tiếp; một câu mẫu và lượt thực hành ngắn đủ cho mục tiêu ban đầu.
arrive.v,arrive,đến nơi,A1,done,18,2,short,45,60,65,20–35%,35–50%,Nghĩa có thể minh họa trực tiếp; một câu mẫu và lượt thực hành ngắn đủ cho mục tiêu ban đầu.
wash.v,wash,"rửa, giặt",A1,done,19,2,short,45,60,65,20–35%,35–50%,Nghĩa có thể minh họa trực tiếp; một câu mẫu và lượt thực hành ngắn đủ cho mục tiêu ban đầu.
rest.v,rest,nghỉ ngơi,A1,done,20,2,short,45,60,65,20–35%,35–50%,Nghĩa có thể minh họa trực tiếp; một câu mẫu và lượt thực hành ngắn đủ cho mục tiêu ban đầu.
tired.adj,tired,mệt,A1,done,21,2,short,45,60,65,20–35%,35–50%,Nghĩa có thể minh họa trực tiếp; một câu mẫu và lượt thực hành ngắn đủ cho mục tiêu ban đầu.
morning.n,morning,buổi sáng,A1,done,22,1,short,45,60,65,20–35%,35–50%,Nghĩa có thể minh họa trực tiếp; một câu mẫu và lượt thực hành ngắn đủ cho mục tiêu ban đầu.
afternoon.n,afternoon,buổi chiều,A1,done,23,1,short,45,60,65,20–35%,35–50%,Nghĩa có thể minh họa trực tiếp; một câu mẫu và lượt thực hành ngắn đủ cho mục tiêu ban đầu.
evening.n,evening,buổi tối sớm,A1,done,24,1,short,45,60,65,20–35%,35–50%,Nghĩa có thể minh họa trực tiếp; một câu mẫu và lượt thực hành ngắn đủ cho mục tiêu ban đầu.
night.n,night,ban đêm,A1,done,25,1,short,45,60,65,20–35%,35–50%,Nghĩa có thể minh họa trực tiếp; một câu mẫu và lượt thực hành ngắn đủ cho mục tiêu ban đầu.
weekend.n,weekend,cuối tuần,A1,done,26,1,short,45,60,65,20–35%,35–50%,Nghĩa có thể minh họa trực tiếp; một câu mẫu và lượt thực hành ngắn đủ cho mục tiêu ban đầu.
holiday.n,holiday,ngày nghỉ lễ,A1,done,27,1,short,45,60,65,20–35%,35–50%,Nghĩa có thể minh họa trực tiếp; một câu mẫu và lượt thực hành ngắn đủ cho mục tiêu ban đầu.
key.n.door,key,chìa khoá,A1,done,28,1,short,45,60,65,20–35%,35–50%,Nghĩa có thể minh họa trực tiếp; một câu mẫu và lượt thực hành ngắn đủ cho mục tiêu ban đầu.
bathroom.n,bathroom,"phòng tắm, nhà vệ sinh",A1,reserved,29,1,short,45,60,65,20–35%,35–50%,Nghĩa có thể minh họa trực tiếp; một câu mẫu và lượt thực hành ngắn đủ cho mục tiêu ban đầu.
toilet.n,toilet,"bồn cầu, nhà vệ sinh",A1,reserved,30,1,short,45,60,65,20–35%,35–50%,Nghĩa có thể minh họa trực tiếp; một câu mẫu và lượt thực hành ngắn đủ cho mục tiêu ban đầu.
forget.v,forget,quên,A1,reserved,31,2,short,45,60,65,20–35%,35–50%,Nghĩa có thể minh họa trực tiếp; một câu mẫu và lượt thực hành ngắn đủ cho mục tiêu ban đầu.
remember.v,remember,nhớ,A1,reserved,32,2,short,45,60,65,20–35%,35–50%,Nghĩa có thể minh họa trực tiếp; một câu mẫu và lượt thực hành ngắn đủ cho mục tiêu ban đầu.
carry.v,carry,"mang, xách",A1,reserved,33,2,short,45,60,65,20–35%,35–50%,Nghĩa có thể minh họa trực tiếp; một câu mẫu và lượt thực hành ngắn đủ cho mục tiêu ban đầu.
late.adj,late,muộn,A1,reserved,34,2,short,45,60,65,20–35%,35–50%,Nghĩa có thể minh họa trực tiếp; một câu mẫu và lượt thực hành ngắn đủ cho mục tiêu ban đầu.
early.adj,early,sớm,A1,reserved,35,2,short,45,60,65,20–35%,35–50%,Nghĩa có thể minh họa trực tiếp; một câu mẫu và lượt thực hành ngắn đủ cho mục tiêu ban đầu.
wait.v,wait,chờ,A1,reserved,36,2,short,45,60,65,20–35%,35–50%,Nghĩa có thể minh họa trực tiếp; một câu mẫu và lượt thực hành ngắn đủ cho mục tiêu ban đầu.
walk.v,walk,đi bộ,A1,reserved,37,2,short,45,60,65,20–35%,35–50%,Nghĩa có thể minh họa trực tiếp; một câu mẫu và lượt thực hành ngắn đủ cho mục tiêu ban đầu.
cook.v,cook,nấu ăn,A1,reserved,38,2,short,45,60,65,20–35%,35–50%,Nghĩa có thể minh họa trực tiếp; một câu mẫu và lượt thực hành ngắn đủ cho mục tiêu ban đầu.
done.adj,done,đã xong,A1,reserved,39,2,short,45,60,65,20–35%,35–50%,Nghĩa có thể minh họa trực tiếp; một câu mẫu và lượt thực hành ngắn đủ cho mục tiêu ban đầu.
busy.adj,busy,bận,A1,reserved,40,2,short,45,60,65,20–35%,35–50%,Nghĩa có thể minh họa trực tiếp; một câu mẫu và lượt thực hành ngắn đủ cho mục tiêu ban đầu.
free.adj.available,free,rảnh,A1,reserved,41,2,short,45,60,65,20–35%,35–50%,Nghĩa có thể minh họa trực tiếp; một câu mẫu và lượt thực hành ngắn đủ cho mục tiêu ban đầu.
get dressed.phr,get dressed,mặc đồ xong xuôi,A1,reserved,42,3,medium,65,80,90,20–35%,35–50%,Cần thêm ngữ cảnh hoặc làm rõ cách dùng trong câu; ưu tiên một tình huống và phản hồi.
get ready.phr,get ready,chuẩn bị xong để đi,A1,reserved,43,3,medium,65,80,90,20–35%,35–50%,Cần thêm ngữ cảnh hoặc làm rõ cách dùng trong câu; ưu tiên một tình huống và phản hồi.
family.n,family,gia đình,A1,reserved,44,1,short,45,60,65,20–35%,35–50%,Nghĩa có thể minh họa trực tiếp; một câu mẫu và lượt thực hành ngắn đủ cho mục tiêu ban đầu.
parent.n,parent,cha hoặc mẹ,A1,reserved,45,1,short,45,60,65,20–35%,35–50%,Nghĩa có thể minh họa trực tiếp; một câu mẫu và lượt thực hành ngắn đủ cho mục tiêu ban đầu.
mother.n,mother,mẹ,A1,reserved,46,1,short,45,60,65,20–35%,35–50%,Nghĩa có thể minh họa trực tiếp; một câu mẫu và lượt thực hành ngắn đủ cho mục tiêu ban đầu.
father.n,father,cha,A1,reserved,47,1,short,45,60,65,20–35%,35–50%,Nghĩa có thể minh họa trực tiếp; một câu mẫu và lượt thực hành ngắn đủ cho mục tiêu ban đầu.
mum.n,mum,mẹ (thân mật),A1,reserved,48,1,short,45,60,65,20–35%,35–50%,Nghĩa có thể minh họa trực tiếp; một câu mẫu và lượt thực hành ngắn đủ cho mục tiêu ban đầu.
dad.n,dad,bố (thân mật),A1,reserved,49,1,short,45,60,65,20–35%,35–50%,Nghĩa có thể minh họa trực tiếp; một câu mẫu và lượt thực hành ngắn đủ cho mục tiêu ban đầu.
son.n,son,con trai,A1,reserved,50,1,short,45,60,65,20–35%,35–50%,Nghĩa có thể minh họa trực tiếp; một câu mẫu và lượt thực hành ngắn đủ cho mục tiêu ban đầu.
daughter.n,daughter,con gái,A1,reserved,51,1,short,45,60,65,20–35%,35–50%,Nghĩa có thể minh họa trực tiếp; một câu mẫu và lượt thực hành ngắn đủ cho mục tiêu ban đầu.
child.n,child,"đứa trẻ, người con",A1,reserved,52,1,short,45,60,65,20–35%,35–50%,Nghĩa có thể minh họa trực tiếp; một câu mẫu và lượt thực hành ngắn đủ cho mục tiêu ban đầu.
kid.n,kid,trẻ con (thân mật),A1,reserved,53,1,short,45,60,65,20–35%,35–50%,Nghĩa có thể minh họa trực tiếp; một câu mẫu và lượt thực hành ngắn đủ cho mục tiêu ban đầu.
baby.n,baby,em bé,A1,reserved,54,1,short,45,60,65,20–35%,35–50%,Nghĩa có thể minh họa trực tiếp; một câu mẫu và lượt thực hành ngắn đủ cho mục tiêu ban đầu.
brother.n,brother,anh hoặc em trai,A1,reserved,55,1,short,45,60,65,20–35%,35–50%,Nghĩa có thể minh họa trực tiếp; một câu mẫu và lượt thực hành ngắn đủ cho mục tiêu ban đầu.
sister.n,sister,chị hoặc em gái,A1,reserved,56,1,short,45,60,65,20–35%,35–50%,Nghĩa có thể minh họa trực tiếp; một câu mẫu và lượt thực hành ngắn đủ cho mục tiêu ban đầu.
grandparent.n,grandparent,ông bà,A1,reserved,57,1,short,45,60,65,20–35%,35–50%,Nghĩa có thể minh họa trực tiếp; một câu mẫu và lượt thực hành ngắn đủ cho mục tiêu ban đầu.
grandmother.n,grandmother,bà,A1,reserved,58,1,short,45,60,65,20–35%,35–50%,Nghĩa có thể minh họa trực tiếp; một câu mẫu và lượt thực hành ngắn đủ cho mục tiêu ban đầu.
grandfather.n,grandfather,ông,A1,reserved,59,1,short,45,60,65,20–35%,35–50%,Nghĩa có thể minh họa trực tiếp; một câu mẫu và lượt thực hành ngắn đủ cho mục tiêu ban đầu.
uncle.n,uncle,"chú, bác, cậu",A1,reserved,60,1,short,45,60,65,20–35%,35–50%,Nghĩa có thể minh họa trực tiếp; một câu mẫu và lượt thực hành ngắn đủ cho mục tiêu ban đầu.
aunt.n,aunt,"cô, dì, thím",A1,reserved,61,1,short,45,60,65,20–35%,35–50%,Nghĩa có thể minh họa trực tiếp; một câu mẫu và lượt thực hành ngắn đủ cho mục tiêu ban đầu.
cousin.n,cousin,anh chị em họ,A1,reserved,62,1,short,45,60,65,20–35%,35–50%,Nghĩa có thể minh họa trực tiếp; một câu mẫu và lượt thực hành ngắn đủ cho mục tiêu ban đầu.
husband.n,husband,chồng,A1,reserved,63,1,short,45,60,65,20–35%,35–50%,Nghĩa có thể minh họa trực tiếp; một câu mẫu và lượt thực hành ngắn đủ cho mục tiêu ban đầu.
wife.n,wife,vợ,A1,reserved,64,1,short,45,60,65,20–35%,35–50%,Nghĩa có thể minh họa trực tiếp; một câu mẫu và lượt thực hành ngắn đủ cho mục tiêu ban đầu.
friend.n,friend,bạn,A1,reserved,65,1,short,45,60,65,20–35%,35–50%,Nghĩa có thể minh họa trực tiếp; một câu mẫu và lượt thực hành ngắn đủ cho mục tiêu ban đầu.
best friend.phr,best friend,bạn thân nhất,A1,reserved,66,3,medium,65,80,90,20–35%,35–50%,Cần thêm ngữ cảnh hoặc làm rõ cách dùng trong câu; ưu tiên một tình huống và phản hồi.
classmate.n,classmate,bạn cùng lớp,A1,reserved,67,1,short,45,60,65,20–35%,35–50%,Nghĩa có thể minh họa trực tiếp; một câu mẫu và lượt thực hành ngắn đủ cho mục tiêu ban đầu.
boyfriend.n,boyfriend,bạn trai,A1,reserved,68,1,short,45,60,65,20–35%,35–50%,Nghĩa có thể minh họa trực tiếp; một câu mẫu và lượt thực hành ngắn đủ cho mục tiêu ban đầu.
girlfriend.n,girlfriend,bạn gái,A1,reserved,69,1,short,45,60,65,20–35%,35–50%,Nghĩa có thể minh họa trực tiếp; một câu mẫu và lượt thực hành ngắn đủ cho mục tiêu ban đầu.
love.v,love,yêu,A1,reserved,70,2,short,45,60,65,20–35%,35–50%,Nghĩa có thể minh họa trực tiếp; một câu mẫu và lượt thực hành ngắn đủ cho mục tiêu ban đầu.
hate.v,hate,ghét,A1,reserved,71,2,short,45,60,65,20–35%,35–50%,Nghĩa có thể minh họa trực tiếp; một câu mẫu và lượt thực hành ngắn đủ cho mục tiêu ban đầu.
visit.v,visit,đến thăm,A1,reserved,72,2,short,45,60,65,20–35%,35–50%,Nghĩa có thể minh họa trực tiếp; một câu mẫu và lượt thực hành ngắn đủ cho mục tiêu ban đầu.
body.n,body,cơ thể,A1,reserved,73,1,short,45,60,65,20–35%,35–50%,Nghĩa có thể minh họa trực tiếp; một câu mẫu và lượt thực hành ngắn đủ cho mục tiêu ban đầu.
head.n,head,đầu,A1,reserved,74,1,short,45,60,65,20–35%,35–50%,Nghĩa có thể minh họa trực tiếp; một câu mẫu và lượt thực hành ngắn đủ cho mục tiêu ban đầu.
hair.n,hair,tóc,A1,reserved,75,1,short,45,60,65,20–35%,35–50%,Nghĩa có thể minh họa trực tiếp; một câu mẫu và lượt thực hành ngắn đủ cho mục tiêu ban đầu.
face.n,face,khuôn mặt,A1,reserved,76,1,short,45,60,65,20–35%,35–50%,Nghĩa có thể minh họa trực tiếp; một câu mẫu và lượt thực hành ngắn đủ cho mục tiêu ban đầu.
eye.n,eye,mắt,A1,reserved,77,1,short,45,60,65,20–35%,35–50%,Nghĩa có thể minh họa trực tiếp; một câu mẫu và lượt thực hành ngắn đủ cho mục tiêu ban đầu.
nose.n,nose,mũi,A1,reserved,78,1,short,45,60,65,20–35%,35–50%,Nghĩa có thể minh họa trực tiếp; một câu mẫu và lượt thực hành ngắn đủ cho mục tiêu ban đầu.
mouth.n,mouth,miệng,A1,reserved,79,1,short,45,60,65,20–35%,35–50%,Nghĩa có thể minh họa trực tiếp; một câu mẫu và lượt thực hành ngắn đủ cho mục tiêu ban đầu.
tooth.n,tooth,răng,A1,reserved,80,1,short,45,60,65,20–35%,35–50%,Nghĩa có thể minh họa trực tiếp; một câu mẫu và lượt thực hành ngắn đủ cho mục tiêu ban đầu.
ear.n,ear,tai,A1,reserved,81,1,short,45,60,65,20–35%,35–50%,Nghĩa có thể minh họa trực tiếp; một câu mẫu và lượt thực hành ngắn đủ cho mục tiêu ban đầu.
neck.n,neck,cổ,A1,reserved,82,1,short,45,60,65,20–35%,35–50%,Nghĩa có thể minh họa trực tiếp; một câu mẫu và lượt thực hành ngắn đủ cho mục tiêu ban đầu.
arm.n,arm,cánh tay,A1,reserved,83,1,short,45,60,65,20–35%,35–50%,Nghĩa có thể minh họa trực tiếp; một câu mẫu và lượt thực hành ngắn đủ cho mục tiêu ban đầu.
hand.n,hand,bàn tay,A1,reserved,84,1,short,45,60,65,20–35%,35–50%,Nghĩa có thể minh họa trực tiếp; một câu mẫu và lượt thực hành ngắn đủ cho mục tiêu ban đầu.
finger.n,finger,ngón tay,A1,reserved,85,1,short,45,60,65,20–35%,35–50%,Nghĩa có thể minh họa trực tiếp; một câu mẫu và lượt thực hành ngắn đủ cho mục tiêu ban đầu.
back.n.body-part,back,lưng,A1,reserved,86,1,short,45,60,65,20–35%,35–50%,Nghĩa có thể minh họa trực tiếp; một câu mẫu và lượt thực hành ngắn đủ cho mục tiêu ban đầu.
leg.n,leg,chân,A1,reserved,87,1,short,45,60,65,20–35%,35–50%,Nghĩa có thể minh họa trực tiếp; một câu mẫu và lượt thực hành ngắn đủ cho mục tiêu ban đầu.
foot.n,foot,bàn chân,A1,reserved,88,1,short,45,60,65,20–35%,35–50%,Nghĩa có thể minh họa trực tiếp; một câu mẫu và lượt thực hành ngắn đủ cho mục tiêu ban đầu.
heart.n,heart,tim,A1,done,89,1,short,45,60,65,20–35%,35–50%,Nghĩa có thể minh họa trực tiếp; một câu mẫu và lượt thực hành ngắn đủ cho mục tiêu ban đầu.
health.n,health,sức khoẻ,A1,done,90,3,medium,65,80,90,20–35%,35–50%,Cần thêm ngữ cảnh hoặc làm rõ cách dùng trong câu; ưu tiên một tình huống và phản hồi.
healthy.adj,healthy,khoẻ mạnh,A1,done,91,2,short,45,60,65,20–35%,35–50%,Nghĩa có thể minh họa trực tiếp; một câu mẫu và lượt thực hành ngắn đủ cho mục tiêu ban đầu.
strong.adj,strong,"khoẻ, mạnh",A1,done,92,2,short,45,60,65,20–35%,35–50%,Nghĩa có thể minh họa trực tiếp; một câu mẫu và lượt thực hành ngắn đủ cho mục tiêu ban đầu.
sick.adj,sick,"ốm, buồn nôn",A1,done,93,2,short,45,60,65,20–35%,35–50%,Nghĩa có thể minh họa trực tiếp; một câu mẫu và lượt thực hành ngắn đủ cho mục tiêu ban đầu.
cold.n.illness,cold,bệnh cảm,A1,done,94,1,short,45,60,65,20–35%,35–50%,Nghĩa có thể minh họa trực tiếp; một câu mẫu và lượt thực hành ngắn đủ cho mục tiêu ban đầu.
sleep.n,sleep,giấc ngủ,A1,done,95,1,short,45,60,65,20–35%,35–50%,Nghĩa có thể minh họa trực tiếp; một câu mẫu và lượt thực hành ngắn đủ cho mục tiêu ban đầu.
hospital.n,hospital,bệnh viện,A1,done,96,1,short,45,60,65,20–35%,35–50%,Nghĩa có thể minh họa trực tiếp; một câu mẫu và lượt thực hành ngắn đủ cho mục tiêu ban đầu.
doctor.n,doctor,bác sĩ,A1,done,97,1,short,45,60,65,20–35%,35–50%,Nghĩa có thể minh họa trực tiếp; một câu mẫu và lượt thực hành ngắn đủ cho mục tiêu ban đầu.
nurse.n,nurse,y tá,A1,done,98,1,short,45,60,65,20–35%,35–50%,Nghĩa có thể minh họa trực tiếp; một câu mẫu và lượt thực hành ngắn đủ cho mục tiêu ban đầu.
medicine.n,medicine,thuốc,A1,done,99,1,short,45,60,65,20–35%,35–50%,Nghĩa có thể minh họa trực tiếp; một câu mẫu và lượt thực hành ngắn đủ cho mục tiêu ban đầu.
free.adj.no-cost,free,miễn phí,A1,done,100,2,short,45,60,65,20–35%,35–50%,Nghĩa có thể minh họa trực tiếp; một câu mẫu và lượt thực hành ngắn đủ cho mục tiêu ban đầu.
food.n,food,thức ăn,A1,done,101,1,short,45,60,65,20–35%,35–50%,Nghĩa có thể minh họa trực tiếp; một câu mẫu và lượt thực hành ngắn đủ cho mục tiêu ban đầu.
drink.n,drink,đồ uống,A1,done,102,1,short,45,60,65,20–35%,35–50%,Nghĩa có thể minh họa trực tiếp; một câu mẫu và lượt thực hành ngắn đủ cho mục tiêu ban đầu.
water.n,water,nước,A1,done,103,1,short,45,60,65,20–35%,35–50%,Nghĩa có thể minh họa trực tiếp; một câu mẫu và lượt thực hành ngắn đủ cho mục tiêu ban đầu.
rice.n,rice,"cơm, gạo",A1,done,104,1,short,45,60,65,20–35%,35–50%,Nghĩa có thể minh họa trực tiếp; một câu mẫu và lượt thực hành ngắn đủ cho mục tiêu ban đầu.
bread.n,bread,bánh mì,A1,done,105,1,short,45,60,65,20–35%,35–50%,Nghĩa có thể minh họa trực tiếp; một câu mẫu và lượt thực hành ngắn đủ cho mục tiêu ban đầu.
noodle.n,noodle,"mì, bún",A1,done,106,1,short,45,60,65,20–35%,35–50%,Nghĩa có thể minh họa trực tiếp; một câu mẫu và lượt thực hành ngắn đủ cho mục tiêu ban đầu.
soup.n,soup,"canh, súp",A1,done,107,1,short,45,60,65,20–35%,35–50%,Nghĩa có thể minh họa trực tiếp; một câu mẫu và lượt thực hành ngắn đủ cho mục tiêu ban đầu.
egg.n,egg,trứng,A1,done,108,1,short,45,60,65,20–35%,35–50%,Nghĩa có thể minh họa trực tiếp; một câu mẫu và lượt thực hành ngắn đủ cho mục tiêu ban đầu.
meat.n,meat,thịt,A1,done,109,1,short,45,60,65,20–35%,35–50%,Nghĩa có thể minh họa trực tiếp; một câu mẫu và lượt thực hành ngắn đủ cho mục tiêu ban đầu.
beef.n,beef,thịt bò,A1,done,110,1,short,45,60,65,20–35%,35–50%,Nghĩa có thể minh họa trực tiếp; một câu mẫu và lượt thực hành ngắn đủ cho mục tiêu ban đầu.
pork.n,pork,thịt heo,A1,done,111,1,short,45,60,65,20–35%,35–50%,Nghĩa có thể minh họa trực tiếp; một câu mẫu và lượt thực hành ngắn đủ cho mục tiêu ban đầu.
chicken.n,chicken,thịt gà,A1,done,112,1,short,45,60,65,20–35%,35–50%,Nghĩa có thể minh họa trực tiếp; một câu mẫu và lượt thực hành ngắn đủ cho mục tiêu ban đầu.
fish.n,fish,cá,A1,done,113,1,short,45,60,65,20–35%,35–50%,Nghĩa có thể minh họa trực tiếp; một câu mẫu và lượt thực hành ngắn đủ cho mục tiêu ban đầu.
vegetable.n,vegetable,rau củ,A1,done,114,1,short,45,60,65,20–35%,35–50%,Nghĩa có thể minh họa trực tiếp; một câu mẫu và lượt thực hành ngắn đủ cho mục tiêu ban đầu.
fruit.n,fruit,trái cây,A1,done,115,1,short,45,60,65,20–35%,35–50%,Nghĩa có thể minh họa trực tiếp; một câu mẫu và lượt thực hành ngắn đủ cho mục tiêu ban đầu.
apple.n,apple,quả táo,A1,done,116,1,short,45,60,65,20–35%,35–50%,Nghĩa có thể minh họa trực tiếp; một câu mẫu và lượt thực hành ngắn đủ cho mục tiêu ban đầu.
banana.n,banana,quả chuối,A1,done,117,1,short,45,60,65,20–35%,35–50%,Nghĩa có thể minh họa trực tiếp; một câu mẫu và lượt thực hành ngắn đủ cho mục tiêu ban đầu.
orange.n.fruit,orange,quả cam,A1,done,118,1,short,45,60,65,20–35%,35–50%,Nghĩa có thể minh họa trực tiếp; một câu mẫu và lượt thực hành ngắn đủ cho mục tiêu ban đầu.
mango.n,mango,quả xoài,A1,done,119,1,short,45,60,65,20–35%,35–50%,Nghĩa có thể minh họa trực tiếp; một câu mẫu và lượt thực hành ngắn đủ cho mục tiêu ban đầu.
tomato.n,tomato,cà chua,A1,done,120,1,short,45,60,65,20–35%,35–50%,Nghĩa có thể minh họa trực tiếp; một câu mẫu và lượt thực hành ngắn đủ cho mục tiêu ban đầu.
potato.n,potato,khoai tây,A1,done,121,1,short,45,60,65,20–35%,35–50%,Nghĩa có thể minh họa trực tiếp; một câu mẫu và lượt thực hành ngắn đủ cho mục tiêu ban đầu.
carrot.n,carrot,cà rốt,A1,done,122,1,short,45,60,65,20–35%,35–50%,Nghĩa có thể minh họa trực tiếp; một câu mẫu và lượt thực hành ngắn đủ cho mục tiêu ban đầu.
salad.n,salad,món rau trộn,A1,reserved,123,1,short,45,60,65,20–35%,35–50%,Nghĩa có thể minh họa trực tiếp; một câu mẫu và lượt thực hành ngắn đủ cho mục tiêu ban đầu.
sandwich.n,sandwich,bánh mì kẹp,A1,reserved,124,1,short,45,60,65,20–35%,35–50%,Nghĩa có thể minh họa trực tiếp; một câu mẫu và lượt thực hành ngắn đủ cho mục tiêu ban đầu.
pizza.n,pizza,bánh pizza,A1,reserved,125,1,short,45,60,65,20–35%,35–50%,Nghĩa có thể minh họa trực tiếp; một câu mẫu và lượt thực hành ngắn đủ cho mục tiêu ban đầu.
cheese.n,cheese,phô mai,A1,reserved,126,1,short,45,60,65,20–35%,35–50%,Nghĩa có thể minh họa trực tiếp; một câu mẫu và lượt thực hành ngắn đủ cho mục tiêu ban đầu.
butter.n,butter,bơ,A1,reserved,127,1,short,45,60,65,20–35%,35–50%,Nghĩa có thể minh họa trực tiếp; một câu mẫu và lượt thực hành ngắn đủ cho mục tiêu ban đầu.
milk.n,milk,sữa,A1,reserved,128,1,short,45,60,65,20–35%,35–50%,Nghĩa có thể minh họa trực tiếp; một câu mẫu và lượt thực hành ngắn đủ cho mục tiêu ban đầu.
sugar.n,sugar,đường,A1,reserved,129,1,short,45,60,65,20–35%,35–50%,Nghĩa có thể minh họa trực tiếp; một câu mẫu và lượt thực hành ngắn đủ cho mục tiêu ban đầu.
salt.n,salt,muối,A1,reserved,130,1,short,45,60,65,20–35%,35–50%,Nghĩa có thể minh họa trực tiếp; một câu mẫu và lượt thực hành ngắn đủ cho mục tiêu ban đầu.
cake.n,cake,bánh ngọt,A1,done,131,1,short,45,60,65,20–35%,35–50%,Nghĩa có thể minh họa trực tiếp; một câu mẫu và lượt thực hành ngắn đủ cho mục tiêu ban đầu.
cookie.n.food,cookie,bánh quy,A1,done,132,1,short,45,60,65,20–35%,35–50%,Nghĩa có thể minh họa trực tiếp; một câu mẫu và lượt thực hành ngắn đủ cho mục tiêu ban đầu.
chocolate.n,chocolate,sô cô la,A1,done,133,1,short,45,60,65,20–35%,35–50%,Nghĩa có thể minh họa trực tiếp; một câu mẫu và lượt thực hành ngắn đủ cho mục tiêu ban đầu.
candy.n,candy,kẹo,A1,done,134,1,short,45,60,65,20–35%,35–50%,Nghĩa có thể minh họa trực tiếp; một câu mẫu và lượt thực hành ngắn đủ cho mục tiêu ban đầu.
ice cream.phr,ice cream,kem lạnh,A1,done,135,3,medium,65,80,90,20–35%,35–50%,Cần thêm ngữ cảnh hoặc làm rõ cách dùng trong câu; ưu tiên một tình huống và phản hồi.
tea.n,tea,trà,A1,done,136,1,short,45,60,65,20–35%,35–50%,Nghĩa có thể minh họa trực tiếp; một câu mẫu và lượt thực hành ngắn đủ cho mục tiêu ban đầu.
coffee.n,coffee,cà phê,A1,reserved,137,1,short,45,60,65,20–35%,35–50%,Nghĩa có thể minh họa trực tiếp; một câu mẫu và lượt thực hành ngắn đủ cho mục tiêu ban đầu.
juice.n,juice,nước ép,A1,reserved,138,1,short,45,60,65,20–35%,35–50%,Nghĩa có thể minh họa trực tiếp; một câu mẫu và lượt thực hành ngắn đủ cho mục tiêu ban đầu.
beer.n,beer,bia,A1,reserved,139,1,short,45,60,65,20–35%,35–50%,Nghĩa có thể minh họa trực tiếp; một câu mẫu và lượt thực hành ngắn đủ cho mục tiêu ban đầu.
menu.n,menu,thực đơn,A1,reserved,140,1,short,45,60,65,20–35%,35–50%,Nghĩa có thể minh họa trực tiếp; một câu mẫu và lượt thực hành ngắn đủ cho mục tiêu ban đầu.
order.v.restaurant,order,gọi món,A1,reserved,141,2,short,45,60,65,20–35%,35–50%,Nghĩa có thể minh họa trực tiếp; một câu mẫu và lượt thực hành ngắn đủ cho mục tiêu ban đầu.
waiter.n,waiter,nhân viên phục vụ bàn,A1,reserved,142,1,short,45,60,65,20–35%,35–50%,Nghĩa có thể minh họa trực tiếp; một câu mẫu và lượt thực hành ngắn đủ cho mục tiêu ban đầu.
restaurant.n,restaurant,nhà hàng,A1,reserved,143,1,short,45,60,65,20–35%,35–50%,Nghĩa có thể minh họa trực tiếp; một câu mẫu và lượt thực hành ngắn đủ cho mục tiêu ban đầu.
cafe.n,cafe,quán cà phê,A1,reserved,144,1,short,45,60,65,20–35%,35–50%,Nghĩa có thể minh họa trực tiếp; một câu mẫu và lượt thực hành ngắn đủ cho mục tiêu ban đầu.
sweet.adj,sweet,ngọt,A1,reserved,145,2,short,45,60,65,20–35%,35–50%,Nghĩa có thể minh họa trực tiếp; một câu mẫu và lượt thực hành ngắn đủ cho mục tiêu ban đầu.
fresh.adj,fresh,tươi,A1,reserved,146,2,short,45,60,65,20–35%,35–50%,Nghĩa có thể minh họa trực tiếp; một câu mẫu và lượt thực hành ngắn đủ cho mục tiêu ban đầu.
delicious.adj,delicious,ngon,A1,reserved,147,2,short,45,60,65,20–35%,35–50%,Nghĩa có thể minh họa trực tiếp; một câu mẫu và lượt thực hành ngắn đủ cho mục tiêu ban đầu.
hungry.adj,hungry,đói,A1,reserved,148,2,short,45,60,65,20–35%,35–50%,Nghĩa có thể minh họa trực tiếp; một câu mẫu và lượt thực hành ngắn đủ cho mục tiêu ban đầu.
thirsty.adj,thirsty,khát,A1,reserved,149,2,short,45,60,65,20–35%,35–50%,Nghĩa có thể minh họa trực tiếp; một câu mẫu và lượt thực hành ngắn đủ cho mục tiêu ban đầu.
full.adj.satisfied,full,no,A1,reserved,150,2,short,45,60,65,20–35%,35–50%,Nghĩa có thể minh họa trực tiếp; một câu mẫu và lượt thực hành ngắn đủ cho mục tiêu ban đầu.
kitchen.n,kitchen,nhà bếp,A1,done,151,1,short,45,60,65,20–35%,35–50%,Nghĩa có thể minh họa trực tiếp; một câu mẫu và lượt thực hành ngắn đủ cho mục tiêu ban đầu.
fridge.n,fridge,tủ lạnh,A1,reserved,152,1,short,45,60,65,20–35%,35–50%,Nghĩa có thể minh họa trực tiếp; một câu mẫu và lượt thực hành ngắn đủ cho mục tiêu ban đầu.
pot.n,pot,nồi,A1,reserved,153,1,short,45,60,65,20–35%,35–50%,Nghĩa có thể minh họa trực tiếp; một câu mẫu và lượt thực hành ngắn đủ cho mục tiêu ban đầu.
pan.n,pan,chảo,A1,reserved,154,1,short,45,60,65,20–35%,35–50%,Nghĩa có thể minh họa trực tiếp; một câu mẫu và lượt thực hành ngắn đủ cho mục tiêu ban đầu.
knife.n,knife,con dao,A1,reserved,155,1,short,45,60,65,20–35%,35–50%,Nghĩa có thể minh họa trực tiếp; một câu mẫu và lượt thực hành ngắn đủ cho mục tiêu ban đầu.
spoon.n,spoon,thìa,A1,reserved,156,1,short,45,60,65,20–35%,35–50%,Nghĩa có thể minh họa trực tiếp; một câu mẫu và lượt thực hành ngắn đủ cho mục tiêu ban đầu.
fork.n,fork,nĩa,A1,reserved,157,1,short,45,60,65,20–35%,35–50%,Nghĩa có thể minh họa trực tiếp; một câu mẫu và lượt thực hành ngắn đủ cho mục tiêu ban đầu.
chopstick.n,chopstick,đũa,A1,reserved,158,1,short,45,60,65,20–35%,35–50%,Nghĩa có thể minh họa trực tiếp; một câu mẫu và lượt thực hành ngắn đủ cho mục tiêu ban đầu.
bowl.n,bowl,bát,A1,reserved,159,1,short,45,60,65,20–35%,35–50%,Nghĩa có thể minh họa trực tiếp; một câu mẫu và lượt thực hành ngắn đủ cho mục tiêu ban đầu.
plate.n,plate,đĩa,A1,reserved,160,1,short,45,60,65,20–35%,35–50%,Nghĩa có thể minh họa trực tiếp; một câu mẫu và lượt thực hành ngắn đủ cho mục tiêu ban đầu.
cup.n,cup,cốc,A1,reserved,161,1,short,45,60,65,20–35%,35–50%,Nghĩa có thể minh họa trực tiếp; một câu mẫu và lượt thực hành ngắn đủ cho mục tiêu ban đầu.
glass.n.drinkware,glass,ly thuỷ tinh,A1,reserved,162,1,short,45,60,65,20–35%,35–50%,Nghĩa có thể minh họa trực tiếp; một câu mẫu và lượt thực hành ngắn đủ cho mục tiêu ban đầu.
bottle.n,bottle,chai,A1,reserved,163,1,short,45,60,65,20–35%,35–50%,Nghĩa có thể minh họa trực tiếp; một câu mẫu và lượt thực hành ngắn đủ cho mục tiêu ban đầu.
house.n,house,căn nhà,A1,reserved,164,1,short,45,60,65,20–35%,35–50%,Nghĩa có thể minh họa trực tiếp; một câu mẫu và lượt thực hành ngắn đủ cho mục tiêu ban đầu.
home.n,home,"nhà, tổ ấm",A1,reserved,165,1,short,45,60,65,20–35%,35–50%,Nghĩa có thể minh họa trực tiếp; một câu mẫu và lượt thực hành ngắn đủ cho mục tiêu ban đầu.
apartment.n,apartment,"chung cư, căn hộ",A1,reserved,166,1,short,45,60,65,20–35%,35–50%,Nghĩa có thể minh họa trực tiếp; một câu mẫu và lượt thực hành ngắn đủ cho mục tiêu ban đầu.
room.n,room,căn phòng,A1,reserved,167,1,short,45,60,65,20–35%,35–50%,Nghĩa có thể minh họa trực tiếp; một câu mẫu và lượt thực hành ngắn đủ cho mục tiêu ban đầu.
bedroom.n,bedroom,phòng ngủ,A1,reserved,168,1,short,45,60,65,20–35%,35–50%,Nghĩa có thể minh họa trực tiếp; một câu mẫu và lượt thực hành ngắn đủ cho mục tiêu ban đầu.
living room.phr,living room,phòng khách,A1,reserved,169,3,medium,65,80,90,20–35%,35–50%,Cần thêm ngữ cảnh hoặc làm rõ cách dùng trong câu; ưu tiên một tình huống và phản hồi.
garden.n,garden,khu vườn,A1,reserved,170,1,short,45,60,65,20–35%,35–50%,Nghĩa có thể minh họa trực tiếp; một câu mẫu và lượt thực hành ngắn đủ cho mục tiêu ban đầu.
door.n,door,cửa ra vào,A1,reserved,171,1,short,45,60,65,20–35%,35–50%,Nghĩa có thể minh họa trực tiếp; một câu mẫu và lượt thực hành ngắn đủ cho mục tiêu ban đầu.
window.n,window,cửa sổ,A1,reserved,172,1,short,45,60,65,20–35%,35–50%,Nghĩa có thể minh họa trực tiếp; một câu mẫu và lượt thực hành ngắn đủ cho mục tiêu ban đầu.
wall.n,wall,bức tường,A1,reserved,173,1,short,45,60,65,20–35%,35–50%,Nghĩa có thể minh họa trực tiếp; một câu mẫu và lượt thực hành ngắn đủ cho mục tiêu ban đầu.
floor.n,floor,sàn nhà,A1,reserved,174,1,short,45,60,65,20–35%,35–50%,Nghĩa có thể minh họa trực tiếp; một câu mẫu và lượt thực hành ngắn đủ cho mục tiêu ban đầu.
table.n,table,cái bàn,A1,reserved,175,1,short,45,60,65,20–35%,35–50%,Nghĩa có thể minh họa trực tiếp; một câu mẫu và lượt thực hành ngắn đủ cho mục tiêu ban đầu.
chair.n,chair,cái ghế,A1,reserved,176,1,short,45,60,65,20–35%,35–50%,Nghĩa có thể minh họa trực tiếp; một câu mẫu và lượt thực hành ngắn đủ cho mục tiêu ban đầu.
sofa.n,sofa,ghế dài,A1,reserved,177,1,short,45,60,65,20–35%,35–50%,Nghĩa có thể minh họa trực tiếp; một câu mẫu và lượt thực hành ngắn đủ cho mục tiêu ban đầu.
bed.n,bed,giường,A1,reserved,178,1,short,45,60,65,20–35%,35–50%,Nghĩa có thể minh họa trực tiếp; một câu mẫu và lượt thực hành ngắn đủ cho mục tiêu ban đầu.
pillow.n,pillow,gối,A1,reserved,179,1,short,45,60,65,20–35%,35–50%,Nghĩa có thể minh họa trực tiếp; một câu mẫu và lượt thực hành ngắn đủ cho mục tiêu ban đầu.
desk.n,desk,bàn làm việc,A1,reserved,180,1,short,45,60,65,20–35%,35–50%,Nghĩa có thể minh họa trực tiếp; một câu mẫu và lượt thực hành ngắn đủ cho mục tiêu ban đầu.
lamp.n,lamp,đèn bàn,A1,reserved,181,1,short,45,60,65,20–35%,35–50%,Nghĩa có thể minh họa trực tiếp; một câu mẫu và lượt thực hành ngắn đủ cho mục tiêu ban đầu.
light.n,light,"đèn, ánh sáng",A1,reserved,182,1,short,45,60,65,20–35%,35–50%,Nghĩa có thể minh họa trực tiếp; một câu mẫu và lượt thực hành ngắn đủ cho mục tiêu ban đầu.
fan.n.home,fan,quạt,A1,reserved,183,1,short,45,60,65,20–35%,35–50%,Nghĩa có thể minh họa trực tiếp; một câu mẫu và lượt thực hành ngắn đủ cho mục tiêu ban đầu.
clock.n,clock,đồng hồ treo,A1,reserved,184,1,short,45,60,65,20–35%,35–50%,Nghĩa có thể minh họa trực tiếp; một câu mẫu và lượt thực hành ngắn đủ cho mục tiêu ban đầu.
picture.n,picture,bức tranh treo tường,A1,reserved,185,1,short,45,60,65,20–35%,35–50%,Nghĩa có thể minh họa trực tiếp; một câu mẫu và lượt thực hành ngắn đủ cho mục tiêu ban đầu.
build.v,build,xây,A1,reserved,186,2,short,45,60,65,20–35%,35–50%,Nghĩa có thể minh họa trực tiếp; một câu mẫu và lượt thực hành ngắn đủ cho mục tiêu ban đầu.
quiet.adj.home,quiet,yên tĩnh,A1,reserved,187,2,short,45,60,65,20–35%,35–50%,Nghĩa có thể minh họa trực tiếp; một câu mẫu và lượt thực hành ngắn đủ cho mục tiêu ban đầu.
address.n,address,địa chỉ,A1,reserved,188,1,short,45,60,65,20–35%,35–50%,Nghĩa có thể minh họa trực tiếp; một câu mẫu và lượt thực hành ngắn đủ cho mục tiêu ban đầu.
clothes.n,clothes,quần áo,A1,reserved,189,1,short,45,60,65,20–35%,35–50%,Nghĩa có thể minh họa trực tiếp; một câu mẫu và lượt thực hành ngắn đủ cho mục tiêu ban đầu.
shirt.n,shirt,áo sơ mi,A1,reserved,190,1,short,45,60,65,20–35%,35–50%,Nghĩa có thể minh họa trực tiếp; một câu mẫu và lượt thực hành ngắn đủ cho mục tiêu ban đầu.
t-shirt.n,t-shirt,áo thun,A1,reserved,191,1,short,45,60,65,20–35%,35–50%,Nghĩa có thể minh họa trực tiếp; một câu mẫu và lượt thực hành ngắn đủ cho mục tiêu ban đầu.
sweater.n,sweater,áo len,A1,reserved,192,1,short,45,60,65,20–35%,35–50%,Nghĩa có thể minh họa trực tiếp; một câu mẫu và lượt thực hành ngắn đủ cho mục tiêu ban đầu.
jacket.n,jacket,áo khoác,A1,reserved,193,1,short,45,60,65,20–35%,35–50%,Nghĩa có thể minh họa trực tiếp; một câu mẫu và lượt thực hành ngắn đủ cho mục tiêu ban đầu.
coat.n,coat,áo choàng dày,A1,reserved,194,1,short,45,60,65,20–35%,35–50%,Nghĩa có thể minh họa trực tiếp; một câu mẫu và lượt thực hành ngắn đủ cho mục tiêu ban đầu.
trousers.n,trousers,quần dài,A1,reserved,195,1,short,45,60,65,20–35%,35–50%,Nghĩa có thể minh họa trực tiếp; một câu mẫu và lượt thực hành ngắn đủ cho mục tiêu ban đầu.
pants.n,pants,quần,A1,reserved,196,1,short,45,60,65,20–35%,35–50%,Nghĩa có thể minh họa trực tiếp; một câu mẫu và lượt thực hành ngắn đủ cho mục tiêu ban đầu.
jeans.n,jeans,quần bò,A1,reserved,197,1,short,45,60,65,20–35%,35–50%,Nghĩa có thể minh họa trực tiếp; một câu mẫu và lượt thực hành ngắn đủ cho mục tiêu ban đầu.
shorts.n,shorts,quần đùi,A1,reserved,198,1,short,45,60,65,20–35%,35–50%,Nghĩa có thể minh họa trực tiếp; một câu mẫu và lượt thực hành ngắn đủ cho mục tiêu ban đầu.
skirt.n,skirt,váy ngắn,A1,reserved,199,1,short,45,60,65,20–35%,35–50%,Nghĩa có thể minh họa trực tiếp; một câu mẫu và lượt thực hành ngắn đủ cho mục tiêu ban đầu.
dress.n,dress,váy liền,A1,reserved,200,1,short,45,60,65,20–35%,35–50%,Nghĩa có thể minh họa trực tiếp; một câu mẫu và lượt thực hành ngắn đủ cho mục tiêu ban đầu.
sock.n,sock,tất,A1,reserved,201,1,short,45,60,65,20–35%,35–50%,Nghĩa có thể minh họa trực tiếp; một câu mẫu và lượt thực hành ngắn đủ cho mục tiêu ban đầu.
shoe.n,shoe,giày,A1,reserved,202,1,short,45,60,65,20–35%,35–50%,Nghĩa có thể minh họa trực tiếp; một câu mẫu và lượt thực hành ngắn đủ cho mục tiêu ban đầu.
hat.n,hat,mũ,A1,reserved,203,1,short,45,60,65,20–35%,35–50%,Nghĩa có thể minh họa trực tiếp; một câu mẫu và lượt thực hành ngắn đủ cho mục tiêu ban đầu.
cap.n,cap,mũ lưỡi trai,A1,reserved,204,1,short,45,60,65,20–35%,35–50%,Nghĩa có thể minh họa trực tiếp; một câu mẫu và lượt thực hành ngắn đủ cho mục tiêu ban đầu.
bag.n,bag,túi xách,A1,reserved,205,1,short,45,60,65,20–35%,35–50%,Nghĩa có thể minh họa trực tiếp; một câu mẫu và lượt thực hành ngắn đủ cho mục tiêu ban đầu.
backpack.n,backpack,ba lô,A1,reserved,206,1,short,45,60,65,20–35%,35–50%,Nghĩa có thể minh họa trực tiếp; một câu mẫu và lượt thực hành ngắn đủ cho mục tiêu ban đầu.
watch.n,watch,đồng hồ đeo tay,A1,reserved,207,1,short,45,60,65,20–35%,35–50%,Nghĩa cụ thể hoặc quan hệ sở hữu đơn giản; không kéo dài vì từ đồng dạng có cách dùng khác.
glasses.n,glasses,kính mắt,A1,reserved,208,1,short,45,60,65,20–35%,35–50%,Nghĩa có thể minh họa trực tiếp; một câu mẫu và lượt thực hành ngắn đủ cho mục tiêu ban đầu.
pocket.n,pocket,túi áo quần,A1,reserved,209,1,short,45,60,65,20–35%,35–50%,Nghĩa có thể minh họa trực tiếp; một câu mẫu và lượt thực hành ngắn đủ cho mục tiêu ban đầu.
size.n,size,cỡ,A1,reserved,210,1,short,45,60,65,20–35%,35–50%,Nghĩa có thể minh họa trực tiếp; một câu mẫu và lượt thực hành ngắn đủ cho mục tiêu ban đầu.
wear.v,wear,"mặc, đeo",A1,reserved,211,3,medium,65,80,90,20–35%,35–50%,Cần thêm ngữ cảnh hoặc làm rõ cách dùng trong câu; ưu tiên một tình huống và phản hồi.
put on.phr,put on,mặc vào,A1,reserved,212,3,medium,65,80,90,20–35%,35–50%,Cần thêm ngữ cảnh hoặc làm rõ cách dùng trong câu; ưu tiên một tình huống và phản hồi.
take off.phr.clothes,take off,cởi ra,A1,reserved,213,3,medium,65,80,90,20–35%,35–50%,Cần thêm ngữ cảnh hoặc làm rõ cách dùng trong câu; ưu tiên một tình huống và phản hồi.
change.v.clothes,change,thay đồ,A1,reserved,214,2,short,45,60,65,20–35%,35–50%,Nghĩa có thể minh họa trực tiếp; một câu mẫu và lượt thực hành ngắn đủ cho mục tiêu ban đầu.
shop.n,shop,cửa hàng,A1,reserved,215,1,short,45,60,65,20–35%,35–50%,Nghĩa có thể minh họa trực tiếp; một câu mẫu và lượt thực hành ngắn đủ cho mục tiêu ban đầu.
store.n,store,cửa hiệu,A1,reserved,216,1,short,45,60,65,20–35%,35–50%,Nghĩa có thể minh họa trực tiếp; một câu mẫu và lượt thực hành ngắn đủ cho mục tiêu ban đầu.
market.n,market,chợ,A1,reserved,217,1,short,45,60,65,20–35%,35–50%,Nghĩa có thể minh họa trực tiếp; một câu mẫu và lượt thực hành ngắn đủ cho mục tiêu ban đầu.
supermarket.n,supermarket,siêu thị,A1,reserved,218,1,short,45,60,65,20–35%,35–50%,Nghĩa có thể minh họa trực tiếp; một câu mẫu và lượt thực hành ngắn đủ cho mục tiêu ban đầu.
customer.n,customer,khách hàng,A1,reserved,219,1,short,45,60,65,20–35%,35–50%,Nghĩa có thể minh họa trực tiếp; một câu mẫu và lượt thực hành ngắn đủ cho mục tiêu ban đầu.
buy.v,buy,mua,A1,reserved,220,2,short,45,60,65,20–35%,35–50%,Nghĩa có thể minh họa trực tiếp; một câu mẫu và lượt thực hành ngắn đủ cho mục tiêu ban đầu.
sell.v,sell,bán,A1,reserved,221,2,short,45,60,65,20–35%,35–50%,Nghĩa có thể minh họa trực tiếp; một câu mẫu và lượt thực hành ngắn đủ cho mục tiêu ban đầu.
pay.v,pay,trả tiền,A1,reserved,222,2,short,45,60,65,20–35%,35–50%,Nghĩa có thể minh họa trực tiếp; một câu mẫu và lượt thực hành ngắn đủ cho mục tiêu ban đầu.
spend.v,spend,tiêu tiền,A1,reserved,223,2,short,45,60,65,20–35%,35–50%,Nghĩa có thể minh họa trực tiếp; một câu mẫu và lượt thực hành ngắn đủ cho mục tiêu ban đầu.
save.v.money,save,tiết kiệm,A1,reserved,224,2,short,45,60,65,20–35%,35–50%,Nghĩa có thể minh họa trực tiếp; một câu mẫu và lượt thực hành ngắn đủ cho mục tiêu ban đầu.
cost.v,cost,có giá là,A1,reserved,225,2,short,45,60,65,20–35%,35–50%,Nghĩa có thể minh họa trực tiếp; một câu mẫu và lượt thực hành ngắn đủ cho mục tiêu ban đầu.
money.n,money,tiền,A1,reserved,226,1,short,45,60,65,20–35%,35–50%,Nghĩa có thể minh họa trực tiếp; một câu mẫu và lượt thực hành ngắn đủ cho mục tiêu ban đầu.
price.n,price,giá,A1,reserved,227,1,short,45,60,65,20–35%,35–50%,Nghĩa có thể minh họa trực tiếp; một câu mẫu và lượt thực hành ngắn đủ cho mục tiêu ban đầu.
sale.n,sale,đợt giảm giá,A1,reserved,228,1,short,45,60,65,20–35%,35–50%,Nghĩa có thể minh họa trực tiếp; một câu mẫu và lượt thực hành ngắn đủ cho mục tiêu ban đầu.
expensive.adj,expensive,đắt,A1,reserved,229,2,short,45,60,65,20–35%,35–50%,Nghĩa có thể minh họa trực tiếp; một câu mẫu và lượt thực hành ngắn đủ cho mục tiêu ban đầu.
cheap.adj,cheap,rẻ,A1,reserved,230,2,short,45,60,65,20–35%,35–50%,Nghĩa có thể minh họa trực tiếp; một câu mẫu và lượt thực hành ngắn đủ cho mục tiêu ban đầu.
classmate.n.peer,classmate,bạn học,A1,todo,231,1,short,45,60,65,20–35%,35–50%,Nghĩa có thể minh họa trực tiếp; một câu mẫu và lượt thực hành ngắn đủ cho mục tiêu ban đầu.
bank.n.finance,bank,ngân hàng,A1,reserved,232,1,short,45,60,65,20–35%,35–50%,Nghĩa có thể minh họa trực tiếp; một câu mẫu và lượt thực hành ngắn đủ cho mục tiêu ban đầu.
rich.adj,rich,giàu,A1,reserved,233,2,short,45,60,65,20–35%,35–50%,Nghĩa có thể minh họa trực tiếp; một câu mẫu và lượt thực hành ngắn đủ cho mục tiêu ban đầu.
poor.adj,poor,nghèo,A1,reserved,234,2,short,45,60,65,20–35%,35–50%,Nghĩa có thể minh họa trực tiếp; một câu mẫu và lượt thực hành ngắn đủ cho mục tiêu ban đầu.
school.n,school,trường học,A1,reserved,235,1,short,45,60,65,20–35%,35–50%,Nghĩa có thể minh họa trực tiếp; một câu mẫu và lượt thực hành ngắn đủ cho mục tiêu ban đầu.
class.n.lesson-group,class,lớp học,A1,reserved,236,1,short,45,60,65,20–35%,35–50%,Nghĩa có thể minh họa trực tiếp; một câu mẫu và lượt thực hành ngắn đủ cho mục tiêu ban đầu.
classroom.n,classroom,phòng học,A1,reserved,237,1,short,45,60,65,20–35%,35–50%,Nghĩa có thể minh họa trực tiếp; một câu mẫu và lượt thực hành ngắn đủ cho mục tiêu ban đầu.
lesson.n,lesson,bài học,A1,reserved,238,1,short,45,60,65,20–35%,35–50%,Nghĩa có thể minh họa trực tiếp; một câu mẫu và lượt thực hành ngắn đủ cho mục tiêu ban đầu.
subject.n,subject,môn học,A1,reserved,239,1,short,45,60,65,20–35%,35–50%,Nghĩa có thể minh họa trực tiếp; một câu mẫu và lượt thực hành ngắn đủ cho mục tiêu ban đầu.
teacher.n,teacher,giáo viên,A1,reserved,240,1,short,45,60,65,20–35%,35–50%,Nghĩa có thể minh họa trực tiếp; một câu mẫu và lượt thực hành ngắn đủ cho mục tiêu ban đầu.
student.n,student,"học sinh, sinh viên",A1,reserved,241,1,short,45,60,65,20–35%,35–50%,Nghĩa có thể minh họa trực tiếp; một câu mẫu và lượt thực hành ngắn đủ cho mục tiêu ban đầu.
waiter.n.job,waiter,bồi bàn,A1,todo,242,1,short,45,60,65,20–35%,35–50%,Nghĩa có thể minh họa trực tiếp; một câu mẫu và lượt thực hành ngắn đủ cho mục tiêu ban đầu.
university.n,university,trường đại học,A1,reserved,243,1,short,45,60,65,20–35%,35–50%,Nghĩa có thể minh họa trực tiếp; một câu mẫu và lượt thực hành ngắn đủ cho mục tiêu ban đầu.
library.n,library,thư viện,A1,reserved,244,1,short,45,60,65,20–35%,35–50%,Nghĩa có thể minh họa trực tiếp; một câu mẫu và lượt thực hành ngắn đủ cho mục tiêu ban đầu.
break.n.recess,break,giờ ra chơi,A1,reserved,245,1,short,45,60,65,20–35%,35–50%,Nghĩa có thể minh họa trực tiếp; một câu mẫu và lượt thực hành ngắn đủ cho mục tiêu ban đầu.
homework.n,homework,bài tập về nhà,A1,reserved,246,1,short,45,60,65,20–35%,35–50%,Nghĩa có thể minh họa trực tiếp; một câu mẫu và lượt thực hành ngắn đủ cho mục tiêu ban đầu.
test.n,test,bài kiểm tra,A1,reserved,247,1,short,45,60,65,20–35%,35–50%,Nghĩa có thể minh họa trực tiếp; một câu mẫu và lượt thực hành ngắn đủ cho mục tiêu ban đầu.
exam.n.school,exam,kỳ thi,A1,reserved,248,1,short,45,60,65,20–35%,35–50%,Nghĩa có thể minh họa trực tiếp; một câu mẫu và lượt thực hành ngắn đủ cho mục tiêu ban đầu.
study.v,study,học,A1,reserved,249,3,medium,65,80,90,20–35%,35–50%,Cần thêm ngữ cảnh hoặc làm rõ cách dùng trong câu; ưu tiên một tình huống và phản hồi.
learn.v,learn,"học được, tiếp thu",A1,reserved,250,3,medium,65,80,90,20–35%,35–50%,Cần thêm ngữ cảnh hoặc làm rõ cách dùng trong câu; ưu tiên một tình huống và phản hồi.
understand.v,understand,hiểu,A1,reserved,251,2,short,45,60,65,20–35%,35–50%,Nghĩa có thể minh họa trực tiếp; một câu mẫu và lượt thực hành ngắn đủ cho mục tiêu ban đầu.
teach.v,teach,dạy,A1,reserved,252,3,medium,65,80,90,20–35%,35–50%,Cần thêm ngữ cảnh hoặc làm rõ cách dùng trong câu; ưu tiên một tình huống và phản hồi.
notebook.n,notebook,vở ghi,A1,reserved,253,1,short,45,60,65,20–35%,35–50%,Nghĩa có thể minh họa trực tiếp; một câu mẫu và lượt thực hành ngắn đủ cho mục tiêu ban đầu.
pen.n,pen,bút mực,A1,reserved,254,1,short,45,60,65,20–35%,35–50%,Nghĩa có thể minh họa trực tiếp; một câu mẫu và lượt thực hành ngắn đủ cho mục tiêu ban đầu.
pencil.n,pencil,bút chì,A1,reserved,255,1,short,45,60,65,20–35%,35–50%,Nghĩa có thể minh họa trực tiếp; một câu mẫu và lượt thực hành ngắn đủ cho mục tiêu ban đầu.
eraser.n,eraser,cục tẩy,A1,reserved,256,1,short,45,60,65,20–35%,35–50%,Nghĩa có thể minh họa trực tiếp; một câu mẫu và lượt thực hành ngắn đủ cho mục tiêu ban đầu.
ruler.n,ruler,thước kẻ,A1,reserved,257,1,short,45,60,65,20–35%,35–50%,Nghĩa có thể minh họa trực tiếp; một câu mẫu và lượt thực hành ngắn đủ cho mục tiêu ban đầu.
board.n.classroom,board,bảng,A1,reserved,258,1,short,45,60,65,20–35%,35–50%,Nghĩa có thể minh họa trực tiếp; một câu mẫu và lượt thực hành ngắn đủ cho mục tiêu ban đầu.
question.n,question,câu hỏi,A1,reserved,259,1,short,45,60,65,20–35%,35–50%,Nghĩa có thể minh họa trực tiếp; một câu mẫu và lượt thực hành ngắn đủ cho mục tiêu ban đầu.
answer.n,answer,câu trả lời,A1,reserved,260,1,short,45,60,65,20–35%,35–50%,Nghĩa có thể minh họa trực tiếp; một câu mẫu và lượt thực hành ngắn đủ cho mục tiêu ban đầu.
work.n,work,công việc,A1,reserved,261,1,short,45,60,65,20–35%,35–50%,Nghĩa có thể minh họa trực tiếp; một câu mẫu và lượt thực hành ngắn đủ cho mục tiêu ban đầu.
job.n,job,việc làm,A1,reserved,262,1,short,45,60,65,20–35%,35–50%,Nghĩa có thể minh họa trực tiếp; một câu mẫu và lượt thực hành ngắn đủ cho mục tiêu ban đầu.
office.n,office,văn phòng,A1,reserved,263,1,short,45,60,65,20–35%,35–50%,Nghĩa có thể minh họa trực tiếp; một câu mẫu và lượt thực hành ngắn đủ cho mục tiêu ban đầu.
break.n.rest,break,giờ nghỉ giữa ca,A1,reserved,264,1,short,45,60,65,20–35%,35–50%,Nghĩa có thể minh họa trực tiếp; một câu mẫu và lượt thực hành ngắn đủ cho mục tiêu ban đầu.
email.n,email,thư điện tử,A1,reserved,265,1,short,45,60,65,20–35%,35–50%,Nghĩa có thể minh họa trực tiếp; một câu mẫu và lượt thực hành ngắn đủ cho mục tiêu ban đầu.
file.n,file,"tập tin, hồ sơ",A1,reserved,266,1,short,45,60,65,20–35%,35–50%,Nghĩa có thể minh họa trực tiếp; một câu mẫu và lượt thực hành ngắn đủ cho mục tiêu ban đầu.
worker.n,worker,người lao động,A1,reserved,267,1,short,45,60,65,20–35%,35–50%,Nghĩa có thể minh họa trực tiếp; một câu mẫu và lượt thực hành ngắn đủ cho mục tiêu ban đầu.
farmer.n,farmer,nông dân,A1,reserved,268,1,short,45,60,65,20–35%,35–50%,Nghĩa có thể minh họa trực tiếp; một câu mẫu và lượt thực hành ngắn đủ cho mục tiêu ban đầu.
engineer.n,engineer,kỹ sư,A1,reserved,269,1,short,45,60,65,20–35%,35–50%,Nghĩa có thể minh họa trực tiếp; một câu mẫu và lượt thực hành ngắn đủ cho mục tiêu ban đầu.
driver.n,driver,tài xế,A1,reserved,270,1,short,45,60,65,20–35%,35–50%,Nghĩa có thể minh họa trực tiếp; một câu mẫu và lượt thực hành ngắn đủ cho mục tiêu ban đầu.
police officer.phr,police officer,cảnh sát,A1,reserved,271,3,medium,65,80,90,20–35%,35–50%,Cần thêm ngữ cảnh hoặc làm rõ cách dùng trong câu; ưu tiên một tình huống và phản hồi.
artist.n,artist,nghệ sĩ,A1,reserved,272,1,short,45,60,65,20–35%,35–50%,Nghĩa có thể minh họa trực tiếp; một câu mẫu và lượt thực hành ngắn đủ cho mục tiêu ban đầu.
singer.n,singer,ca sĩ,A1,reserved,273,1,short,45,60,65,20–35%,35–50%,Nghĩa có thể minh họa trực tiếp; một câu mẫu và lượt thực hành ngắn đủ cho mục tiêu ban đầu.
actor.n,actor,diễn viên,A1,reserved,274,1,short,45,60,65,20–35%,35–50%,Nghĩa có thể minh họa trực tiếp; một câu mẫu và lượt thực hành ngắn đủ cho mục tiêu ban đầu.
writer.n,writer,người viết,A1,reserved,275,1,short,45,60,65,20–35%,35–50%,Nghĩa có thể minh họa trực tiếp; một câu mẫu và lượt thực hành ngắn đủ cho mục tiêu ban đầu.
cook.n,cook,người nấu bếp,A1,reserved,276,1,short,45,60,65,20–35%,35–50%,Nghĩa có thể minh họa trực tiếp; một câu mẫu và lượt thực hành ngắn đủ cho mục tiêu ban đầu.
holiday.n.vacation,holiday,kỳ nghỉ,A1,todo,277,1,short,45,60,65,20–35%,35–50%,Nghĩa có thể minh họa trực tiếp; một câu mẫu và lượt thực hành ngắn đủ cho mục tiêu ban đầu.
business.n,business,việc kinh doanh,A1,reserved,278,3,medium,65,80,90,20–35%,35–50%,Cần thêm ngữ cảnh hoặc làm rõ cách dùng trong câu; ưu tiên một tình huống và phản hồi.
company.n,company,công ty,A1,reserved,279,1,short,45,60,65,20–35%,35–50%,Nghĩa có thể minh họa trực tiếp; một câu mẫu và lượt thực hành ngắn đủ cho mục tiêu ban đầu.
computer.n,computer,máy tính,A1,reserved,280,1,short,45,60,65,20–35%,35–50%,Nghĩa có thể minh họa trực tiếp; một câu mẫu và lượt thực hành ngắn đủ cho mục tiêu ban đầu.
laptop.n,laptop,máy tính xách tay,A1,reserved,281,1,short,45,60,65,20–35%,35–50%,Nghĩa có thể minh họa trực tiếp; một câu mẫu và lượt thực hành ngắn đủ cho mục tiêu ban đầu.
phone.n,phone,điện thoại,A1,reserved,282,1,short,45,60,65,20–35%,35–50%,Nghĩa có thể minh họa trực tiếp; một câu mẫu và lượt thực hành ngắn đủ cho mục tiêu ban đầu.
screen.n,screen,màn hình,A1,reserved,283,1,short,45,60,65,20–35%,35–50%,Nghĩa có thể minh họa trực tiếp; một câu mẫu và lượt thực hành ngắn đủ cho mục tiêu ban đầu.
keyboard.n.tech,keyboard,bàn phím,A1,reserved,284,1,short,45,60,65,20–35%,35–50%,Nghĩa có thể minh họa trực tiếp; một câu mẫu và lượt thực hành ngắn đủ cho mục tiêu ban đầu.
mouse.n.device,mouse,chuột máy tính,A1,reserved,285,1,short,45,60,65,20–35%,35–50%,Nghĩa có thể minh họa trực tiếp; một câu mẫu và lượt thực hành ngắn đủ cho mục tiêu ban đầu.
app.n,app,ứng dụng,A1,reserved,286,1,short,45,60,65,20–35%,35–50%,Nghĩa có thể minh họa trực tiếp; một câu mẫu và lượt thực hành ngắn đủ cho mục tiêu ban đầu.
download.v,download,tải xuống,A1,reserved,287,2,short,45,60,65,20–35%,35–50%,Nghĩa có thể minh họa trực tiếp; một câu mẫu và lượt thực hành ngắn đủ cho mục tiêu ban đầu.
save.v.file,save,lưu tệp,A1,reserved,288,2,short,45,60,65,20–35%,35–50%,Nghĩa có thể minh họa trực tiếp; một câu mẫu và lượt thực hành ngắn đủ cho mục tiêu ban đầu.
delete.v,delete,xoá,A1,reserved,289,2,short,45,60,65,20–35%,35–50%,Nghĩa có thể minh họa trực tiếp; một câu mẫu và lượt thực hành ngắn đủ cho mục tiêu ban đầu.
click.v,click,nhấp chuột,A1,reserved,290,2,short,45,60,65,20–35%,35–50%,Nghĩa có thể minh họa trực tiếp; một câu mẫu và lượt thực hành ngắn đủ cho mục tiêu ban đầu.
type.v,type,gõ chữ,A1,reserved,291,2,short,45,60,65,20–35%,35–50%,Nghĩa có thể minh họa trực tiếp; một câu mẫu và lượt thực hành ngắn đủ cho mục tiêu ban đầu.
copy.v,copy,sao chép,A1,reserved,292,2,short,45,60,65,20–35%,35–50%,Nghĩa có thể minh họa trực tiếp; một câu mẫu và lượt thực hành ngắn đủ cho mục tiêu ban đầu.
internet.n,internet,mạng Internet,A1,reserved,293,1,short,45,60,65,20–35%,35–50%,Nghĩa có thể minh họa trực tiếp; một câu mẫu và lượt thực hành ngắn đủ cho mục tiêu ban đầu.
website.n,website,trang web,A1,reserved,294,1,short,45,60,65,20–35%,35–50%,Nghĩa có thể minh họa trực tiếp; một câu mẫu và lượt thực hành ngắn đủ cho mục tiêu ban đầu.
wifi.n,wifi,mạng không dây,A1,reserved,295,1,short,45,60,65,20–35%,35–50%,Nghĩa có thể minh họa trực tiếp; một câu mẫu và lượt thực hành ngắn đủ cho mục tiêu ban đầu.
online.adj,online,trực tuyến,A1,reserved,296,2,short,45,60,65,20–35%,35–50%,Nghĩa có thể minh họa trực tiếp; một câu mẫu và lượt thực hành ngắn đủ cho mục tiêu ban đầu.
password.n,password,mật khẩu,A1,reserved,297,1,short,45,60,65,20–35%,35–50%,Nghĩa có thể minh họa trực tiếp; một câu mẫu và lượt thực hành ngắn đủ cho mục tiêu ban đầu.
guitar.n,guitar,đàn ghi-ta,A1,todo,298,1,short,45,60,65,20–35%,35–50%,Nghĩa có thể minh họa trực tiếp; một câu mẫu và lượt thực hành ngắn đủ cho mục tiêu ban đầu.
message.n,message,tin nhắn,A1,reserved,299,1,short,45,60,65,20–35%,35–50%,Nghĩa có thể minh họa trực tiếp; một câu mẫu và lượt thực hành ngắn đủ cho mục tiêu ban đầu.
share.v,share,chia sẻ,A1,reserved,300,2,short,45,60,65,20–35%,35–50%,Nghĩa có thể minh họa trực tiếp; một câu mẫu và lượt thực hành ngắn đủ cho mục tiêu ban đầu.
like.v,like,"thả tim, thích bài",A1,reserved,301,2,short,45,60,65,20–35%,35–50%,Nghĩa có thể minh họa trực tiếp; một câu mẫu và lượt thực hành ngắn đủ cho mục tiêu ban đầu.
travel.v,travel,"đi xa, du hành",A1,reserved,302,2,short,45,60,65,20–35%,35–50%,Nghĩa có thể minh họa trực tiếp; một câu mẫu và lượt thực hành ngắn đủ cho mục tiêu ban đầu.
trip.n,trip,chuyến đi,A1,done,303,1,short,45,60,65,20–35%,35–50%,Nghĩa có thể minh họa trực tiếp; một câu mẫu và lượt thực hành ngắn đủ cho mục tiêu ban đầu.
piano.n,piano,đàn piano,A1,todo,304,1,short,45,60,65,20–35%,35–50%,Nghĩa có thể minh họa trực tiếp; một câu mẫu và lượt thực hành ngắn đủ cho mục tiêu ban đầu.
tourist.n,tourist,khách du lịch,A1,reserved,305,1,short,45,60,65,20–35%,35–50%,Nghĩa có thể minh họa trực tiếp; một câu mẫu và lượt thực hành ngắn đủ cho mục tiêu ban đầu.
map.n,map,bản đồ,A1,reserved,306,1,short,45,60,65,20–35%,35–50%,Nghĩa có thể minh họa trực tiếp; một câu mẫu và lượt thực hành ngắn đủ cho mục tiêu ban đầu.
car.n,car,ô tô,A1,reserved,307,1,short,45,60,65,20–35%,35–50%,Nghĩa có thể minh họa trực tiếp; một câu mẫu và lượt thực hành ngắn đủ cho mục tiêu ban đầu.
bus.n,bus,xe buýt,A1,reserved,308,1,short,45,60,65,20–35%,35–50%,Nghĩa có thể minh họa trực tiếp; một câu mẫu và lượt thực hành ngắn đủ cho mục tiêu ban đầu.
train.n,train,tàu hoả,A1,reserved,309,1,short,45,60,65,20–35%,35–50%,Nghĩa có thể minh họa trực tiếp; một câu mẫu và lượt thực hành ngắn đủ cho mục tiêu ban đầu.
taxi.n,taxi,xe taxi,A1,reserved,310,1,short,45,60,65,20–35%,35–50%,Nghĩa có thể minh họa trực tiếp; một câu mẫu và lượt thực hành ngắn đủ cho mục tiêu ban đầu.
motorbike.n,motorbike,xe máy,A1,reserved,311,1,short,45,60,65,20–35%,35–50%,Nghĩa có thể minh họa trực tiếp; một câu mẫu và lượt thực hành ngắn đủ cho mục tiêu ban đầu.
bicycle.n,bicycle,xe đạp,A1,reserved,312,1,short,45,60,65,20–35%,35–50%,Nghĩa có thể minh họa trực tiếp; một câu mẫu và lượt thực hành ngắn đủ cho mục tiêu ban đầu.
boat.n,boat,thuyền,A1,reserved,313,1,short,45,60,65,20–35%,35–50%,Nghĩa có thể minh họa trực tiếp; một câu mẫu và lượt thực hành ngắn đủ cho mục tiêu ban đầu.
plane.n,plane,máy bay,A1,reserved,314,1,short,45,60,65,20–35%,35–50%,Nghĩa có thể minh họa trực tiếp; một câu mẫu và lượt thực hành ngắn đủ cho mục tiêu ban đầu.
flight.n,flight,chuyến bay,A1,reserved,315,1,short,45,60,65,20–35%,35–50%,Nghĩa có thể minh họa trực tiếp; một câu mẫu và lượt thực hành ngắn đủ cho mục tiêu ban đầu.
airport.n,airport,sân bay,A1,reserved,316,1,short,45,60,65,20–35%,35–50%,Nghĩa có thể minh họa trực tiếp; một câu mẫu và lượt thực hành ngắn đủ cho mục tiêu ban đầu.
station.n,station,"nhà ga, bến",A1,reserved,317,1,short,45,60,65,20–35%,35–50%,Nghĩa có thể minh họa trực tiếp; một câu mẫu và lượt thực hành ngắn đủ cho mục tiêu ban đầu.
stop.n,stop,điểm dừng xe,A1,reserved,318,1,short,45,60,65,20–35%,35–50%,Nghĩa có thể minh họa trực tiếp; một câu mẫu và lượt thực hành ngắn đủ cho mục tiêu ban đầu.
ticket.n,ticket,vé,A1,reserved,319,1,short,45,60,65,20–35%,35–50%,Nghĩa có thể minh họa trực tiếp; một câu mẫu và lượt thực hành ngắn đủ cho mục tiêu ban đầu.
seat.n,seat,chỗ ngồi,A1,reserved,320,1,short,45,60,65,20–35%,35–50%,Nghĩa có thể minh họa trực tiếp; một câu mẫu và lượt thực hành ngắn đủ cho mục tiêu ban đầu.
suitcase.n,suitcase,va li,A1,reserved,321,1,short,45,60,65,20–35%,35–50%,Nghĩa có thể minh họa trực tiếp; một câu mẫu và lượt thực hành ngắn đủ cho mục tiêu ban đầu.
passport.n,passport,hộ chiếu,A1,reserved,322,1,short,45,60,65,20–35%,35–50%,Nghĩa có thể minh họa trực tiếp; một câu mẫu và lượt thực hành ngắn đủ cho mục tiêu ban đầu.
drive.v,drive,lái xe,A1,reserved,323,2,short,45,60,65,20–35%,35–50%,Nghĩa có thể minh họa trực tiếp; một câu mẫu và lượt thực hành ngắn đủ cho mục tiêu ban đầu.
ride.v,ride,"cưỡi, đi (xe đạp, xe máy)",A1,reserved,324,2,short,45,60,65,20–35%,35–50%,Nghĩa có thể minh họa trực tiếp; một câu mẫu và lượt thực hành ngắn đủ cho mục tiêu ban đầu.
park.v,park,đỗ xe,A1,reserved,325,2,short,45,60,65,20–35%,35–50%,Nghĩa có thể minh họa trực tiếp; một câu mẫu và lượt thực hành ngắn đủ cho mục tiêu ban đầu.
hotel.n,hotel,khách sạn,A1,reserved,326,1,short,45,60,65,20–35%,35–50%,Nghĩa có thể minh họa trực tiếp; một câu mẫu và lượt thực hành ngắn đủ cho mục tiêu ban đầu.
floor.n.level,floor,tầng khách sạn,A1,reserved,327,1,short,45,60,65,20–35%,35–50%,Nghĩa có thể minh họa trực tiếp; một câu mẫu và lượt thực hành ngắn đủ cho mục tiêu ban đầu.
swimming pool.phr,swimming pool,hồ bơi,A1,reserved,328,3,medium,65,80,90,20–35%,35–50%,Cần thêm ngữ cảnh hoặc làm rõ cách dùng trong câu; ưu tiên một tình huống và phản hồi.
clean.adj,clean,sạch sẽ,A1,reserved,329,2,short,45,60,65,20–35%,35–50%,Nghĩa có thể minh họa trực tiếp; một câu mẫu và lượt thực hành ngắn đủ cho mục tiêu ban đầu.
dirty.adj,dirty,bẩn,A1,reserved,330,2,short,45,60,65,20–35%,35–50%,Nghĩa có thể minh họa trực tiếp; một câu mẫu và lượt thực hành ngắn đủ cho mục tiêu ban đầu.
stay.v,stay,"ở lại, lưu trú",A1,reserved,331,2,short,45,60,65,20–35%,35–50%,Nghĩa có thể minh họa trực tiếp; một câu mẫu và lượt thực hành ngắn đủ cho mục tiêu ban đầu.
book.v.reserve,book,đặt phòng trước,A1,reserved,332,2,short,45,60,65,20–35%,35–50%,Nghĩa có thể minh họa trực tiếp; một câu mẫu và lượt thực hành ngắn đủ cho mục tiêu ban đầu.
city.n,city,thành phố,A1,reserved,333,1,short,45,60,65,20–35%,35–50%,Nghĩa có thể minh họa trực tiếp; một câu mẫu và lượt thực hành ngắn đủ cho mục tiêu ban đầu.
town.n,town,thị trấn,A1,reserved,334,1,short,45,60,65,20–35%,35–50%,Nghĩa có thể minh họa trực tiếp; một câu mẫu và lượt thực hành ngắn đủ cho mục tiêu ban đầu.
village.n,village,làng,A1,reserved,335,1,short,45,60,65,20–35%,35–50%,Nghĩa có thể minh họa trực tiếp; một câu mẫu và lượt thực hành ngắn đủ cho mục tiêu ban đầu.
street.n,street,đường phố,A1,reserved,336,1,short,45,60,65,20–35%,35–50%,Nghĩa có thể minh họa trực tiếp; một câu mẫu và lượt thực hành ngắn đủ cho mục tiêu ban đầu.
road.n,road,con đường,A1,reserved,337,1,short,45,60,65,20–35%,35–50%,Nghĩa có thể minh họa trực tiếp; một câu mẫu và lượt thực hành ngắn đủ cho mục tiêu ban đầu.
corner.n,corner,góc phố,A1,reserved,338,1,short,45,60,65,20–35%,35–50%,Nghĩa có thể minh họa trực tiếp; một câu mẫu và lượt thực hành ngắn đủ cho mục tiêu ban đầu.
bridge.n,bridge,cây cầu,A1,reserved,339,1,short,45,60,65,20–35%,35–50%,Nghĩa có thể minh họa trực tiếp; một câu mẫu và lượt thực hành ngắn đủ cho mục tiêu ban đầu.
park.n,park,công viên,A1,reserved,340,1,short,45,60,65,20–35%,35–50%,Nghĩa có thể minh họa trực tiếp; một câu mẫu và lượt thực hành ngắn đủ cho mục tiêu ban đầu.
museum.n,museum,bảo tàng,A1,reserved,341,1,short,45,60,65,20–35%,35–50%,Nghĩa có thể minh họa trực tiếp; một câu mẫu và lượt thực hành ngắn đủ cho mục tiêu ban đầu.
cinema.n,cinema,rạp chiếu phim,A1,reserved,342,1,short,45,60,65,20–35%,35–50%,Nghĩa có thể minh họa trực tiếp; một câu mẫu và lượt thực hành ngắn đủ cho mục tiêu ban đầu.
church.n,church,nhà thờ,A1,reserved,343,1,short,45,60,65,20–35%,35–50%,Nghĩa có thể minh họa trực tiếp; một câu mẫu và lượt thực hành ngắn đủ cho mục tiêu ban đầu.
post office.phr,post office,bưu điện,A1,reserved,344,3,medium,65,80,90,20–35%,35–50%,Cần thêm ngữ cảnh hoặc làm rõ cách dùng trong câu; ưu tiên một tình huống và phản hồi.
bus stop.phr,bus stop,trạm xe buýt,A1,reserved,345,3,medium,65,80,90,20–35%,35–50%,Cần thêm ngữ cảnh hoặc làm rõ cách dùng trong câu; ưu tiên một tình huống và phản hồi.
building.n,building,toà nhà,A1,reserved,346,1,short,45,60,65,20–35%,35–50%,Nghĩa có thể minh họa trực tiếp; một câu mẫu và lượt thực hành ngắn đủ cho mục tiêu ban đầu.
left.adj,left,bên trái,A1,reserved,347,2,short,45,60,65,20–35%,35–50%,Nghĩa có thể minh họa trực tiếp; một câu mẫu và lượt thực hành ngắn đủ cho mục tiêu ban đầu.
right.adj.direction,right,bên phải,A1,reserved,348,2,short,45,60,65,20–35%,35–50%,Nghĩa cụ thể hoặc quan hệ sở hữu đơn giản; không kéo dài vì từ đồng dạng có cách dùng khác.
straight.adv,straight,thẳng,A1,reserved,349,3,medium,65,80,90,20–35%,35–50%,Cần thêm ngữ cảnh hoặc làm rõ cách dùng trong câu; ưu tiên một tình huống và phản hồi.
behind.prep,behind,phía sau,A1,reserved,350,3,medium,65,80,90,20–35%,35–50%,"Dùng hình hoặc đối chiếu ngắn để làm rõ vị trí, quan hệ, tần suất hay lượng; không cần bài 100 giây mặc định."
next to.phr,next to,bên cạnh,A1,reserved,351,3,medium,65,80,90,20–35%,35–50%,Cần thêm ngữ cảnh hoặc làm rõ cách dùng trong câu; ưu tiên một tình huống và phản hồi.
between.prep,between,ở giữa hai,A1,reserved,352,3,medium,65,80,90,20–35%,35–50%,"Dùng hình hoặc đối chiếu ngắn để làm rõ vị trí, quan hệ, tần suất hay lượng; không cần bài 100 giây mặc định."
near.prep,near,gần,A1,reserved,353,3,medium,65,80,90,20–35%,35–50%,"Dùng hình hoặc đối chiếu ngắn để làm rõ vị trí, quan hệ, tần suất hay lượng; không cần bài 100 giây mặc định."
far.adj,far,xa,A1,reserved,354,2,short,45,60,65,20–35%,35–50%,Nghĩa có thể minh họa trực tiếp; một câu mẫu và lượt thực hành ngắn đủ cho mục tiêu ban đầu.
turn.v,turn,rẽ,A1,reserved,355,2,short,45,60,65,20–35%,35–50%,Nghĩa có thể minh họa trực tiếp; một câu mẫu và lượt thực hành ngắn đủ cho mục tiêu ban đầu.
get to.phr,get to,đi tới,A1,reserved,356,3,medium,65,80,90,20–35%,35–50%,Cần thêm ngữ cảnh hoặc làm rõ cách dùng trong câu; ưu tiên một tình huống và phản hồi.
north.n,north,hướng bắc,A1,reserved,357,1,short,45,60,65,20–35%,35–50%,Nghĩa có thể minh họa trực tiếp; một câu mẫu và lượt thực hành ngắn đủ cho mục tiêu ban đầu.
south.n,south,hướng nam,A1,reserved,358,1,short,45,60,65,20–35%,35–50%,Nghĩa có thể minh họa trực tiếp; một câu mẫu và lượt thực hành ngắn đủ cho mục tiêu ban đầu.
east.n,east,hướng đông,A1,reserved,359,1,short,45,60,65,20–35%,35–50%,Nghĩa có thể minh họa trực tiếp; một câu mẫu và lượt thực hành ngắn đủ cho mục tiêu ban đầu.
west.n,west,hướng tây,A1,reserved,360,1,short,45,60,65,20–35%,35–50%,Nghĩa có thể minh họa trực tiếp; một câu mẫu và lượt thực hành ngắn đủ cho mục tiêu ban đầu.
weather.n,weather,thời tiết,A1,done,361,1,short,45,60,65,20–35%,35–50%,Nghĩa có thể minh họa trực tiếp; một câu mẫu và lượt thực hành ngắn đủ cho mục tiêu ban đầu.
season.n.year,season,mùa trong năm,A1,reserved,362,1,short,45,60,65,20–35%,35–50%,Nghĩa có thể minh họa trực tiếp; một câu mẫu và lượt thực hành ngắn đủ cho mục tiêu ban đầu.
spring.n,spring,mùa xuân,A1,reserved,363,1,short,45,60,65,20–35%,35–50%,Nghĩa có thể minh họa trực tiếp; một câu mẫu và lượt thực hành ngắn đủ cho mục tiêu ban đầu.
summer.n,summer,mùa hè,A1,reserved,364,1,short,45,60,65,20–35%,35–50%,Nghĩa có thể minh họa trực tiếp; một câu mẫu và lượt thực hành ngắn đủ cho mục tiêu ban đầu.
autumn.n,autumn,mùa thu,A1,reserved,365,1,short,45,60,65,20–35%,35–50%,Nghĩa có thể minh họa trực tiếp; một câu mẫu và lượt thực hành ngắn đủ cho mục tiêu ban đầu.
winter.n,winter,mùa đông,A1,reserved,366,1,short,45,60,65,20–35%,35–50%,Nghĩa có thể minh họa trực tiếp; một câu mẫu và lượt thực hành ngắn đủ cho mục tiêu ban đầu.
sun.n,sun,mặt trời,A1,reserved,367,1,short,45,60,65,20–35%,35–50%,Nghĩa có thể minh họa trực tiếp; một câu mẫu và lượt thực hành ngắn đủ cho mục tiêu ban đầu.
moon.n,moon,mặt trăng,A1,reserved,368,1,short,45,60,65,20–35%,35–50%,Nghĩa có thể minh họa trực tiếp; một câu mẫu và lượt thực hành ngắn đủ cho mục tiêu ban đầu.
star.n.sky,star,ngôi sao trên trời,A1,reserved,369,1,short,45,60,65,20–35%,35–50%,Nghĩa có thể minh họa trực tiếp; một câu mẫu và lượt thực hành ngắn đủ cho mục tiêu ban đầu.
sky.n,sky,bầu trời,A1,reserved,370,1,short,45,60,65,20–35%,35–50%,Nghĩa có thể minh họa trực tiếp; một câu mẫu và lượt thực hành ngắn đủ cho mục tiêu ban đầu.
rain.n,rain,mưa,A1,reserved,371,1,short,45,60,65,20–35%,35–50%,Nghĩa có thể minh họa trực tiếp; một câu mẫu và lượt thực hành ngắn đủ cho mục tiêu ban đầu.
snow.n,snow,tuyết,A1,reserved,372,1,short,45,60,65,20–35%,35–50%,Nghĩa có thể minh họa trực tiếp; một câu mẫu và lượt thực hành ngắn đủ cho mục tiêu ban đầu.
ice.n,ice,băng,A1,reserved,373,1,short,45,60,65,20–35%,35–50%,Nghĩa có thể minh họa trực tiếp; một câu mẫu và lượt thực hành ngắn đủ cho mục tiêu ban đầu.
wind.n,wind,gió,A1,reserved,374,1,short,45,60,65,20–35%,35–50%,Nghĩa có thể minh họa trực tiếp; một câu mẫu và lượt thực hành ngắn đủ cho mục tiêu ban đầu.
sunny.adj,sunny,nắng,A1,reserved,375,2,short,45,60,65,20–35%,35–50%,Nghĩa có thể minh họa trực tiếp; một câu mẫu và lượt thực hành ngắn đủ cho mục tiêu ban đầu.
cloudy.adj,cloudy,nhiều mây,A1,reserved,376,2,short,45,60,65,20–35%,35–50%,Nghĩa có thể minh họa trực tiếp; một câu mẫu và lượt thực hành ngắn đủ cho mục tiêu ban đầu.
rainy.adj,rainy,mưa nhiều,A1,reserved,377,2,short,45,60,65,20–35%,35–50%,Nghĩa có thể minh họa trực tiếp; một câu mẫu và lượt thực hành ngắn đủ cho mục tiêu ban đầu.
windy.adj,windy,nhiều gió,A1,reserved,378,2,short,45,60,65,20–35%,35–50%,Nghĩa có thể minh họa trực tiếp; một câu mẫu và lượt thực hành ngắn đủ cho mục tiêu ban đầu.
hot.adj,hot,nóng,A1,reserved,379,2,short,45,60,65,20–35%,35–50%,Nghĩa có thể minh họa trực tiếp; một câu mẫu và lượt thực hành ngắn đủ cho mục tiêu ban đầu.
warm.adj.nature,warm,ấm,A1,reserved,380,2,short,45,60,65,20–35%,35–50%,Nghĩa có thể minh họa trực tiếp; một câu mẫu và lượt thực hành ngắn đủ cho mục tiêu ban đầu.
cool.adj,cool,mát,A1,reserved,381,2,short,45,60,65,20–35%,35–50%,Nghĩa có thể minh họa trực tiếp; một câu mẫu và lượt thực hành ngắn đủ cho mục tiêu ban đầu.
cold.adj.temperature,cold,lạnh,A1,reserved,382,2,short,45,60,65,20–35%,35–50%,Nghĩa có thể minh họa trực tiếp; một câu mẫu và lượt thực hành ngắn đủ cho mục tiêu ban đầu.
mountain.n,mountain,ngọn núi,A1,reserved,383,1,short,45,60,65,20–35%,35–50%,Nghĩa có thể minh họa trực tiếp; một câu mẫu và lượt thực hành ngắn đủ cho mục tiêu ban đầu.
river.n,river,con sông,A1,reserved,384,1,short,45,60,65,20–35%,35–50%,Nghĩa có thể minh họa trực tiếp; một câu mẫu và lượt thực hành ngắn đủ cho mục tiêu ban đầu.
lake.n,lake,hồ,A1,reserved,385,1,short,45,60,65,20–35%,35–50%,Nghĩa có thể minh họa trực tiếp; một câu mẫu và lượt thực hành ngắn đủ cho mục tiêu ban đầu.
sea.n,sea,biển,A1,reserved,386,1,short,45,60,65,20–35%,35–50%,Nghĩa có thể minh họa trực tiếp; một câu mẫu và lượt thực hành ngắn đủ cho mục tiêu ban đầu.
beach.n,beach,bãi biển,A1,reserved,387,1,short,45,60,65,20–35%,35–50%,Nghĩa có thể minh họa trực tiếp; một câu mẫu và lượt thực hành ngắn đủ cho mục tiêu ban đầu.
forest.n,forest,rừng,A1,reserved,388,1,short,45,60,65,20–35%,35–50%,Nghĩa có thể minh họa trực tiếp; một câu mẫu và lượt thực hành ngắn đủ cho mục tiêu ban đầu.
animal.n,animal,con vật,A1,reserved,389,1,short,45,60,65,20–35%,35–50%,Nghĩa có thể minh họa trực tiếp; một câu mẫu và lượt thực hành ngắn đủ cho mục tiêu ban đầu.
pet.n,pet,thú cưng,A1,reserved,390,1,short,45,60,65,20–35%,35–50%,Nghĩa có thể minh họa trực tiếp; một câu mẫu và lượt thực hành ngắn đủ cho mục tiêu ban đầu.
dog.n,dog,con chó,A1,reserved,391,1,short,45,60,65,20–35%,35–50%,Nghĩa có thể minh họa trực tiếp; một câu mẫu và lượt thực hành ngắn đủ cho mục tiêu ban đầu.
cat.n,cat,con mèo,A1,done,392,1,short,45,60,65,20–35%,35–50%,Nghĩa có thể minh họa trực tiếp; một câu mẫu và lượt thực hành ngắn đủ cho mục tiêu ban đầu.
bird.n,bird,con chim,A1,reserved,393,1,short,45,60,65,20–35%,35–50%,Nghĩa có thể minh họa trực tiếp; một câu mẫu và lượt thực hành ngắn đủ cho mục tiêu ban đầu.
rabbit.n,rabbit,con thỏ,A1,reserved,394,1,short,45,60,65,20–35%,35–50%,Nghĩa có thể minh họa trực tiếp; một câu mẫu và lượt thực hành ngắn đủ cho mục tiêu ban đầu.
mouse.n.animal,mouse,con chuột nhắt,A1,reserved,395,1,short,45,60,65,20–35%,35–50%,Nghĩa có thể minh họa trực tiếp; một câu mẫu và lượt thực hành ngắn đủ cho mục tiêu ban đầu.
horse.n,horse,con ngựa,A1,reserved,396,1,short,45,60,65,20–35%,35–50%,Nghĩa có thể minh họa trực tiếp; một câu mẫu và lượt thực hành ngắn đủ cho mục tiêu ban đầu.
cow.n,cow,con bò,A1,reserved,397,1,short,45,60,65,20–35%,35–50%,Nghĩa có thể minh họa trực tiếp; một câu mẫu và lượt thực hành ngắn đủ cho mục tiêu ban đầu.
pig.n,pig,con lợn,A1,reserved,398,1,short,45,60,65,20–35%,35–50%,Nghĩa có thể minh họa trực tiếp; một câu mẫu và lượt thực hành ngắn đủ cho mục tiêu ban đầu.
sheep.n,sheep,con cừu,A1,reserved,399,1,short,45,60,65,20–35%,35–50%,Nghĩa có thể minh họa trực tiếp; một câu mẫu và lượt thực hành ngắn đủ cho mục tiêu ban đầu.
chicken.n.bird,chicken,con gà,A1,reserved,400,1,short,45,60,65,20–35%,35–50%,Nghĩa có thể minh họa trực tiếp; một câu mẫu và lượt thực hành ngắn đủ cho mục tiêu ban đầu.
duck.n,duck,con vịt,A1,reserved,401,1,short,45,60,65,20–35%,35–50%,Nghĩa có thể minh họa trực tiếp; một câu mẫu và lượt thực hành ngắn đủ cho mục tiêu ban đầu.
lion.n,lion,sư tử,A1,reserved,402,1,short,45,60,65,20–35%,35–50%,Nghĩa có thể minh họa trực tiếp; một câu mẫu và lượt thực hành ngắn đủ cho mục tiêu ban đầu.
tiger.n,tiger,con hổ,A1,reserved,403,1,short,45,60,65,20–35%,35–50%,Nghĩa có thể minh họa trực tiếp; một câu mẫu và lượt thực hành ngắn đủ cho mục tiêu ban đầu.
bear.n,bear,con gấu,A1,reserved,404,1,short,45,60,65,20–35%,35–50%,Nghĩa có thể minh họa trực tiếp; một câu mẫu và lượt thực hành ngắn đủ cho mục tiêu ban đầu.
elephant.n,elephant,con voi,A1,reserved,405,1,short,45,60,65,20–35%,35–50%,Nghĩa có thể minh họa trực tiếp; một câu mẫu và lượt thực hành ngắn đủ cho mục tiêu ban đầu.
monkey.n,monkey,con khỉ,A1,reserved,406,1,short,45,60,65,20–35%,35–50%,Nghĩa có thể minh họa trực tiếp; một câu mẫu và lượt thực hành ngắn đủ cho mục tiêu ban đầu.
plant.n,plant,"cái cây, thực vật",A1,reserved,407,1,short,45,60,65,20–35%,35–50%,Nghĩa có thể minh họa trực tiếp; một câu mẫu và lượt thực hành ngắn đủ cho mục tiêu ban đầu.
tree.n,tree,cây to,A1,reserved,408,1,short,45,60,65,20–35%,35–50%,Nghĩa có thể minh họa trực tiếp; một câu mẫu và lượt thực hành ngắn đủ cho mục tiêu ban đầu.
flower.n,flower,bông hoa,A1,reserved,409,1,short,45,60,65,20–35%,35–50%,Nghĩa có thể minh họa trực tiếp; một câu mẫu và lượt thực hành ngắn đủ cho mục tiêu ban đầu.
grass.n,grass,cỏ,A1,reserved,410,1,short,45,60,65,20–35%,35–50%,Nghĩa có thể minh họa trực tiếp; một câu mẫu và lượt thực hành ngắn đủ cho mục tiêu ban đầu.
leaf.n,leaf,chiếc lá,A1,reserved,411,1,short,45,60,65,20–35%,35–50%,Nghĩa có thể minh họa trực tiếp; một câu mẫu và lượt thực hành ngắn đủ cho mục tiêu ban đầu.
rose.n,rose,hoa hồng,A1,reserved,412,1,short,45,60,65,20–35%,35–50%,Nghĩa có thể minh họa trực tiếp; một câu mẫu và lượt thực hành ngắn đủ cho mục tiêu ban đầu.
farm.n,farm,nông trại,A1,reserved,413,1,short,45,60,65,20–35%,35–50%,Nghĩa có thể minh họa trực tiếp; một câu mẫu và lượt thực hành ngắn đủ cho mục tiêu ban đầu.
grow.v,grow,"trồng, lớn lên",A1,reserved,414,2,short,45,60,65,20–35%,35–50%,Nghĩa có thể minh họa trực tiếp; một câu mẫu và lượt thực hành ngắn đủ cho mục tiêu ban đầu.
garbage.n,garbage,rác,A1,reserved,415,1,short,45,60,65,20–35%,35–50%,Nghĩa có thể minh họa trực tiếp; một câu mẫu và lượt thực hành ngắn đủ cho mục tiêu ban đầu.
earth.n,earth,trái đất,A1,reserved,416,1,short,45,60,65,20–35%,35–50%,Nghĩa có thể minh họa trực tiếp; một câu mẫu và lượt thực hành ngắn đủ cho mục tiêu ban đầu.
sport.n,sport,môn thể thao,A1,reserved,417,1,short,45,60,65,20–35%,35–50%,Nghĩa có thể minh họa trực tiếp; một câu mẫu và lượt thực hành ngắn đủ cho mục tiêu ban đầu.
game.n,game,trận đấu,A1,reserved,418,1,short,45,60,65,20–35%,35–50%,Nghĩa có thể minh họa trực tiếp; một câu mẫu và lượt thực hành ngắn đủ cho mục tiêu ban đầu.
player.n,player,"cầu thủ, vận động viên",A1,reserved,419,1,short,45,60,65,20–35%,35–50%,Nghĩa có thể minh họa trực tiếp; một câu mẫu và lượt thực hành ngắn đủ cho mục tiêu ban đầu.
fan.n.fandom,fan,người hâm mộ,A1,reserved,420,1,short,45,60,65,20–35%,35–50%,Nghĩa có thể minh họa trực tiếp; một câu mẫu và lượt thực hành ngắn đủ cho mục tiêu ban đầu.
win.v.victory,win,thắng,A1,reserved,421,2,short,45,60,65,20–35%,35–50%,Nghĩa có thể minh họa trực tiếp; một câu mẫu và lượt thực hành ngắn đủ cho mục tiêu ban đầu.
point.n,point,điểm số,A1,reserved,422,1,short,45,60,65,20–35%,35–50%,Nghĩa có thể minh họa trực tiếp; một câu mẫu và lượt thực hành ngắn đủ cho mục tiêu ban đầu.
rule.n,rule,luật chơi,A1,reserved,423,1,short,45,60,65,20–35%,35–50%,Nghĩa có thể minh họa trực tiếp; một câu mẫu và lượt thực hành ngắn đủ cho mục tiêu ban đầu.
goal.n,goal,bàn thắng,A1,reserved,424,1,short,45,60,65,20–35%,35–50%,Nghĩa có thể minh họa trực tiếp; một câu mẫu và lượt thực hành ngắn đủ cho mục tiêu ban đầu.
kick.v,kick,đá,A1,reserved,425,2,short,45,60,65,20–35%,35–50%,Nghĩa có thể minh họa trực tiếp; một câu mẫu và lượt thực hành ngắn đủ cho mục tiêu ban đầu.
throw.v.toss,throw,ném,A1,reserved,426,2,short,45,60,65,20–35%,35–50%,Nghĩa có thể minh họa trực tiếp; một câu mẫu và lượt thực hành ngắn đủ cho mục tiêu ban đầu.
catch.v.capture,catch,bắt được,A1,reserved,427,2,short,45,60,65,20–35%,35–50%,Nghĩa có thể minh họa trực tiếp; một câu mẫu và lượt thực hành ngắn đủ cho mục tiêu ban đầu.
run.v.move-fast,run,chạy bằng chân,A1,reserved,428,2,short,45,60,65,20–35%,35–50%,Nghĩa có thể minh họa trực tiếp; một câu mẫu và lượt thực hành ngắn đủ cho mục tiêu ban đầu.
jump.v,jump,nhảy,A1,reserved,429,2,short,45,60,65,20–35%,35–50%,Nghĩa có thể minh họa trực tiếp; một câu mẫu và lượt thực hành ngắn đủ cho mục tiêu ban đầu.
swim.v.swim-basic,swim,bơi,A1,reserved,430,2,short,45,60,65,20–35%,35–50%,Nghĩa có thể minh họa trực tiếp; một câu mẫu và lượt thực hành ngắn đủ cho mục tiêu ban đầu.
ball.n,ball,quả bóng,A1,reserved,431,1,short,45,60,65,20–35%,35–50%,Nghĩa có thể minh họa trực tiếp; một câu mẫu và lượt thực hành ngắn đủ cho mục tiêu ban đầu.
football.n,football,bóng đá,A1,reserved,432,1,short,45,60,65,20–35%,35–50%,Nghĩa có thể minh họa trực tiếp; một câu mẫu và lượt thực hành ngắn đủ cho mục tiêu ban đầu.
basketball.n,basketball,bóng rổ,A1,reserved,433,1,short,45,60,65,20–35%,35–50%,Nghĩa có thể minh họa trực tiếp; một câu mẫu và lượt thực hành ngắn đủ cho mục tiêu ban đầu.
volleyball.n,volleyball,bóng chuyền,A1,reserved,434,1,short,45,60,65,20–35%,35–50%,Nghĩa có thể minh họa trực tiếp; một câu mẫu và lượt thực hành ngắn đủ cho mục tiêu ban đầu.
tennis.n,tennis,quần vợt,A1,reserved,435,1,short,45,60,65,20–35%,35–50%,Nghĩa có thể minh họa trực tiếp; một câu mẫu và lượt thực hành ngắn đủ cho mục tiêu ban đầu.
table tennis.n,table tennis,bóng bàn,A1,reserved,436,1,short,45,60,65,20–35%,35–50%,Nghĩa có thể minh họa trực tiếp; một câu mẫu và lượt thực hành ngắn đủ cho mục tiêu ban đầu.
badminton.n,badminton,cầu lông,A1,reserved,437,1,short,45,60,65,20–35%,35–50%,Nghĩa có thể minh họa trực tiếp; một câu mẫu và lượt thực hành ngắn đủ cho mục tiêu ban đầu.
swimming.n,swimming,môn bơi lội,A1,reserved,438,1,short,45,60,65,20–35%,35–50%,Nghĩa có thể minh họa trực tiếp; một câu mẫu và lượt thực hành ngắn đủ cho mục tiêu ban đầu.
cycling.n,cycling,môn đạp xe,A1,reserved,439,1,short,45,60,65,20–35%,35–50%,Nghĩa có thể minh họa trực tiếp; một câu mẫu và lượt thực hành ngắn đủ cho mục tiêu ban đầu.
movie.n,movie,phim,A1,reserved,440,1,short,45,60,65,20–35%,35–50%,Nghĩa có thể minh họa trực tiếp; một câu mẫu và lượt thực hành ngắn đủ cho mục tiêu ban đầu.
film.n,film,phim,A1,reserved,441,1,short,45,60,65,20–35%,35–50%,Nghĩa có thể minh họa trực tiếp; một câu mẫu và lượt thực hành ngắn đủ cho mục tiêu ban đầu.
movie theater.n,movie theater,rạp chiếu phim,A1,reserved,442,1,short,45,60,65,20–35%,35–50%,Nghĩa có thể minh họa trực tiếp; một câu mẫu và lượt thực hành ngắn đủ cho mục tiêu ban đầu.
television.n,television,truyền hình,A1,reserved,443,1,short,45,60,65,20–35%,35–50%,Nghĩa có thể minh họa trực tiếp; một câu mẫu và lượt thực hành ngắn đủ cho mục tiêu ban đầu.
TV.n,TV,ti vi,A1,reserved,444,1,short,45,60,65,20–35%,35–50%,Nghĩa có thể minh họa trực tiếp; một câu mẫu và lượt thực hành ngắn đủ cho mục tiêu ban đầu.
channel.n,channel,kênh truyền hình,A1,reserved,445,1,short,45,60,65,20–35%,35–50%,Nghĩa có thể minh họa trực tiếp; một câu mẫu và lượt thực hành ngắn đủ cho mục tiêu ban đầu.
news.n,news,tin tức,A1,reserved,446,3,medium,65,80,90,20–35%,35–50%,Cần thêm ngữ cảnh hoặc làm rõ cách dùng trong câu; ưu tiên một tình huống và phản hồi.
newspaper.n,newspaper,báo giấy,A1,reserved,447,1,short,45,60,65,20–35%,35–50%,Nghĩa có thể minh họa trực tiếp; một câu mẫu và lượt thực hành ngắn đủ cho mục tiêu ban đầu.
magazine.n,magazine,tạp chí,A1,reserved,448,1,short,45,60,65,20–35%,35–50%,Nghĩa có thể minh họa trực tiếp; một câu mẫu và lượt thực hành ngắn đủ cho mục tiêu ban đầu.
video.n,video,video,A1,reserved,449,1,short,45,60,65,20–35%,35–50%,Nghĩa có thể minh họa trực tiếp; một câu mẫu và lượt thực hành ngắn đủ cho mục tiêu ban đầu.
camera.n.film,camera,"máy quay, máy ảnh",A1,reserved,450,1,short,45,60,65,20–35%,35–50%,Nghĩa có thể minh họa trực tiếp; một câu mẫu và lượt thực hành ngắn đủ cho mục tiêu ban đầu.
microphone.n,microphone,micro,A1,reserved,451,1,short,45,60,65,20–35%,35–50%,Nghĩa có thể minh họa trực tiếp; một câu mẫu và lượt thực hành ngắn đủ cho mục tiêu ban đầu.
video game.n,video game,trò chơi điện tử,A1,reserved,452,1,short,45,60,65,20–35%,35–50%,Nghĩa có thể minh họa trực tiếp; một câu mẫu và lượt thực hành ngắn đủ cho mục tiêu ban đầu.
game.n.game,game,trò chơi,A1,reserved,453,1,short,45,60,65,20–35%,35–50%,Nghĩa có thể minh họa trực tiếp; một câu mẫu và lượt thực hành ngắn đủ cho mục tiêu ban đầu.
selfie.n,selfie,ảnh tự chụp,A1,reserved,454,1,short,45,60,65,20–35%,35–50%,Nghĩa có thể minh họa trực tiếp; một câu mẫu và lượt thực hành ngắn đủ cho mục tiêu ban đầu.
music.n,music,âm nhạc,A1,reserved,455,3,medium,65,80,90,20–35%,35–50%,Cần thêm ngữ cảnh hoặc làm rõ cách dùng trong câu; ưu tiên một tình huống và phản hồi.
song.n,song,bài hát,A1,reserved,456,1,short,45,60,65,20–35%,35–50%,Nghĩa có thể minh họa trực tiếp; một câu mẫu và lượt thực hành ngắn đủ cho mục tiêu ban đầu.
sing.v,sing,hát,A1,reserved,457,2,short,45,60,65,20–35%,35–50%,Nghĩa có thể minh họa trực tiếp; một câu mẫu và lượt thực hành ngắn đủ cho mục tiêu ban đầu.
band.n,band,ban nhạc,A1,reserved,458,1,short,45,60,65,20–35%,35–50%,Nghĩa có thể minh họa trực tiếp; một câu mẫu và lượt thực hành ngắn đủ cho mục tiêu ban đầu.
drum.n,drum,trống,A1,todo,459,1,short,45,60,65,20–35%,35–50%,Nghĩa có thể minh họa trực tiếp; một câu mẫu và lượt thực hành ngắn đủ cho mục tiêu ban đầu.
pop.n,pop,nhạc pop,A1,todo,460,1,short,45,60,65,20–35%,35–50%,Nghĩa có thể minh họa trực tiếp; một câu mẫu và lượt thực hành ngắn đủ cho mục tiêu ban đầu.
rock.n.art,rock,nhạc rock,A1,todo,461,1,short,45,60,65,20–35%,35–50%,Nghĩa có thể minh họa trực tiếp; một câu mẫu và lượt thực hành ngắn đủ cho mục tiêu ban đầu.
painting.n,painting,bức tranh,A1,todo,462,1,short,45,60,65,20–35%,35–50%,Nghĩa có thể minh họa trực tiếp; một câu mẫu và lượt thực hành ngắn đủ cho mục tiêu ban đầu.
drawing.n,drawing,bản vẽ,A1,todo,463,1,short,45,60,65,20–35%,35–50%,Nghĩa có thể minh họa trực tiếp; một câu mẫu và lượt thực hành ngắn đủ cho mục tiêu ban đầu.
photograph.n,photograph,bức ảnh,A1,todo,464,1,short,45,60,65,20–35%,35–50%,Nghĩa có thể minh họa trực tiếp; một câu mẫu và lượt thực hành ngắn đủ cho mục tiêu ban đầu.
actress.n,actress,diễn viên nữ,A1,todo,465,1,short,45,60,65,20–35%,35–50%,Nghĩa có thể minh họa trực tiếp; một câu mẫu và lượt thực hành ngắn đủ cho mục tiêu ban đầu.
colour.n,colour,màu sắc,A1,todo,466,1,short,45,60,65,20–35%,35–50%,Nghĩa có thể minh họa trực tiếp; một câu mẫu và lượt thực hành ngắn đủ cho mục tiêu ban đầu.
second.n,second,giây,A1,todo,467,1,short,45,60,65,20–35%,35–50%,Nghĩa có thể minh họa trực tiếp; một câu mẫu và lượt thực hành ngắn đủ cho mục tiêu ban đầu.
minute.n,minute,phút,A1,todo,468,1,short,45,60,65,20–35%,35–50%,Nghĩa có thể minh họa trực tiếp; một câu mẫu và lượt thực hành ngắn đủ cho mục tiêu ban đầu.
hour.n,hour,"giờ, tiếng đồng hồ",A1,todo,469,1,short,45,60,65,20–35%,35–50%,Nghĩa có thể minh họa trực tiếp; một câu mẫu và lượt thực hành ngắn đủ cho mục tiêu ban đầu.
day.n,day,ngày,A1,todo,470,1,short,45,60,65,20–35%,35–50%,Nghĩa có thể minh họa trực tiếp; một câu mẫu và lượt thực hành ngắn đủ cho mục tiêu ban đầu.
week.n,week,tuần,A1,todo,471,1,short,45,60,65,20–35%,35–50%,Nghĩa có thể minh họa trực tiếp; một câu mẫu và lượt thực hành ngắn đủ cho mục tiêu ban đầu.
month.n,month,tháng,A1,todo,472,1,short,45,60,65,20–35%,35–50%,Nghĩa có thể minh họa trực tiếp; một câu mẫu và lượt thực hành ngắn đủ cho mục tiêu ban đầu.
year.n,year,năm,A1,todo,473,1,short,45,60,65,20–35%,35–50%,Nghĩa có thể minh họa trực tiếp; một câu mẫu và lượt thực hành ngắn đủ cho mục tiêu ban đầu.
date.n,date,ngày tháng,A1,todo,474,1,short,45,60,65,20–35%,35–50%,Nghĩa có thể minh họa trực tiếp; một câu mẫu và lượt thực hành ngắn đủ cho mục tiêu ban đầu.
number.n,number,"con số, số lượng (đếm được)",A1,todo,475,1,short,45,60,65,20–35%,35–50%,Nghĩa có thể minh họa trực tiếp; một câu mẫu và lượt thực hành ngắn đủ cho mục tiêu ban đầu.
happy.adj,happy,"vui, hạnh phúc",A1,done,476,2,short,45,60,65,20–35%,35–50%,Nghĩa có thể minh họa trực tiếp; một câu mẫu và lượt thực hành ngắn đủ cho mục tiêu ban đầu.
metre.n,metre,mét,A1,todo,477,1,short,45,60,65,20–35%,35–50%,Nghĩa có thể minh họa trực tiếp; một câu mẫu và lượt thực hành ngắn đủ cho mục tiêu ban đầu.
kilometre.n,kilometre,kilômét,A1,todo,478,1,short,45,60,65,20–35%,35–50%,Nghĩa có thể minh họa trực tiếp; một câu mẫu và lượt thực hành ngắn đủ cho mục tiêu ban đầu.
gram.n,gram,gam,A1,todo,479,1,short,45,60,65,20–35%,35–50%,Nghĩa có thể minh họa trực tiếp; một câu mẫu và lượt thực hành ngắn đủ cho mục tiêu ban đầu.
kilogram.n,kilogram,kilôgam,A1,todo,480,1,short,45,60,65,20–35%,35–50%,Nghĩa có thể minh họa trực tiếp; một câu mẫu và lượt thực hành ngắn đủ cho mục tiêu ban đầu.
litre.n,litre,lít,A1,todo,481,1,short,45,60,65,20–35%,35–50%,Nghĩa có thể minh họa trực tiếp; một câu mẫu và lượt thực hành ngắn đủ cho mục tiêu ban đầu.
circle.n,circle,hình tròn,A1,todo,482,1,short,45,60,65,20–35%,35–50%,Nghĩa có thể minh họa trực tiếp; một câu mẫu và lượt thực hành ngắn đủ cho mục tiêu ban đầu.
way.n.route,way,"con đường, lối đi",A1,todo,483,1,short,45,60,65,20–35%,35–50%,Nghĩa cụ thể hoặc quan hệ sở hữu đơn giản; không kéo dài vì từ đồng dạng có cách dùng khác.
right.n.direction,right,phía bên phải,A1,todo,484,1,short,45,60,65,20–35%,35–50%,Nghĩa cụ thể hoặc quan hệ sở hữu đơn giản; không kéo dài vì từ đồng dạng có cách dùng khác.
free.adj.gratis,free,không mất tiền,A1,todo,485,2,short,45,60,65,20–35%,35–50%,Nghĩa có thể minh họa trực tiếp; một câu mẫu và lượt thực hành ngắn đủ cho mục tiêu ban đầu.
login.v,login,đăng nhập,A1,todo,486,2,short,45,60,65,20–35%,35–50%,Nghĩa có thể minh họa trực tiếp; một câu mẫu và lượt thực hành ngắn đủ cho mục tiêu ban đầu.
play.v,play,chơi (nhạc cụ),A1,todo,487,2,short,45,60,65,20–35%,35–50%,Nghĩa có thể minh họa trực tiếp; một câu mẫu và lượt thực hành ngắn đủ cho mục tiêu ban đầu.
loud.adj.art,loud,"to, ồn",A1,todo,488,2,short,45,60,65,20–35%,35–50%,Nghĩa có thể minh họa trực tiếp; một câu mẫu và lượt thực hành ngắn đủ cho mục tiêu ban đầu.
draw.v.art,draw,vẽ (bằng bút),A1,todo,489,2,short,45,60,65,20–35%,35–50%,Nghĩa có thể minh họa trực tiếp; một câu mẫu và lượt thực hành ngắn đủ cho mục tiêu ban đầu.
dance.v,dance,nhảy múa,A1,todo,490,2,short,45,60,65,20–35%,35–50%,Nghĩa có thể minh họa trực tiếp; một câu mẫu và lượt thực hành ngắn đủ cho mục tiêu ban đầu.
feel.v,feel,cảm thấy,A1,todo,491,2,short,45,60,65,20–35%,35–50%,Nghĩa có thể minh họa trực tiếp; một câu mẫu và lượt thực hành ngắn đủ cho mục tiêu ban đầu.
glad.adj,glad,vui mừng,A1,todo,492,2,short,45,60,65,20–35%,35–50%,Nghĩa có thể minh họa trực tiếp; một câu mẫu và lượt thực hành ngắn đủ cho mục tiêu ban đầu.
excited.adj,excited,hào hứng,A1,todo,493,2,short,45,60,65,20–35%,35–50%,Nghĩa có thể minh họa trực tiếp; một câu mẫu và lượt thực hành ngắn đủ cho mục tiêu ban đầu.
sad.adj,sad,buồn,A1,todo,494,2,short,45,60,65,20–35%,35–50%,Nghĩa có thể minh họa trực tiếp; một câu mẫu và lượt thực hành ngắn đủ cho mục tiêu ban đầu.
cry.v,cry,khóc,A1,todo,495,2,short,45,60,65,20–35%,35–50%,Nghĩa có thể minh họa trực tiếp; một câu mẫu và lượt thực hành ngắn đủ cho mục tiêu ban đầu.
angry.adj,angry,tức giận,A1,todo,496,2,short,45,60,65,20–35%,35–50%,Nghĩa có thể minh họa trực tiếp; một câu mẫu và lượt thực hành ngắn đủ cho mục tiêu ban đầu.
scared.adj,scared,sợ hãi,A1,todo,497,2,short,45,60,65,20–35%,35–50%,Nghĩa có thể minh họa trực tiếp; một câu mẫu và lượt thực hành ngắn đủ cho mục tiêu ban đầu.
afraid.adj,afraid,sợ,A1,todo,498,2,short,45,60,65,20–35%,35–50%,Nghĩa có thể minh họa trực tiếp; một câu mẫu và lượt thực hành ngắn đủ cho mục tiêu ban đầu.
worried.adj,worried,lo lắng,A1,todo,499,2,short,45,60,65,20–35%,35–50%,Nghĩa có thể minh họa trực tiếp; một câu mẫu và lượt thực hành ngắn đủ cho mục tiêu ban đầu.
surprised.adj,surprised,ngạc nhiên,A1,todo,500,2,short,45,60,65,20–35%,35–50%,Nghĩa có thể minh họa trực tiếp; một câu mẫu và lượt thực hành ngắn đủ cho mục tiêu ban đầu.
bored.adj,bored,chán,A1,todo,501,2,short,45,60,65,20–35%,35–50%,Nghĩa có thể minh họa trực tiếp; một câu mẫu và lượt thực hành ngắn đủ cho mục tiêu ban đầu.
interested.adj,interested,thấy hứng thú,A1,todo,502,2,short,45,60,65,20–35%,35–50%,Nghĩa có thể minh họa trực tiếp; một câu mẫu và lượt thực hành ngắn đủ cho mục tiêu ban đầu.
smile.v,smile,mỉm cười,A1,todo,503,2,short,45,60,65,20–35%,35–50%,Nghĩa có thể minh họa trực tiếp; một câu mẫu và lượt thực hành ngắn đủ cho mục tiêu ban đầu.
laugh.v,laugh,cười,A1,todo,504,2,short,45,60,65,20–35%,35–50%,Nghĩa có thể minh họa trực tiếp; một câu mẫu và lượt thực hành ngắn đủ cho mục tiêu ban đầu.
kind.adj,kind,tốt bụng,A1,todo,505,2,short,45,60,65,20–35%,35–50%,Nghĩa có thể minh họa trực tiếp; một câu mẫu và lượt thực hành ngắn đủ cho mục tiêu ban đầu.
nice.adj,nice,"dễ mến, tốt bụng",A1,todo,506,2,short,45,60,65,20–35%,35–50%,Nghĩa có thể minh họa trực tiếp; một câu mẫu và lượt thực hành ngắn đủ cho mục tiêu ban đầu.
friendly.adj,friendly,thân thiện,A1,todo,507,2,short,45,60,65,20–35%,35–50%,Nghĩa có thể minh họa trực tiếp; một câu mẫu và lượt thực hành ngắn đủ cho mục tiêu ban đầu.
lazy.adj,lazy,lười biếng,A1,todo,508,2,short,45,60,65,20–35%,35–50%,Nghĩa có thể minh họa trực tiếp; một câu mẫu và lượt thực hành ngắn đủ cho mục tiêu ban đầu.
ask.v,ask,hỏi,A1,todo,509,2,short,45,60,65,20–35%,35–50%,Nghĩa có thể minh họa trực tiếp; một câu mẫu và lượt thực hành ngắn đủ cho mục tiêu ban đầu.
answer.v,answer,trả lời,A1,todo,510,2,short,45,60,65,20–35%,35–50%,Nghĩa có thể minh họa trực tiếp; một câu mẫu và lượt thực hành ngắn đủ cho mục tiêu ban đầu.
repeat.v,repeat,nhắc lại,A1,todo,511,2,short,45,60,65,20–35%,35–50%,Nghĩa có thể minh họa trực tiếp; một câu mẫu và lượt thực hành ngắn đủ cho mục tiêu ban đầu.
agree.v,agree,đồng ý,A1,todo,512,2,short,45,60,65,20–35%,35–50%,Nghĩa có thể minh họa trực tiếp; một câu mẫu và lượt thực hành ngắn đủ cho mục tiêu ban đầu.
thank.v,thank,cảm ơn,A1,todo,513,2,short,45,60,65,20–35%,35–50%,Nghĩa có thể minh họa trực tiếp; một câu mẫu và lượt thực hành ngắn đủ cho mục tiêu ban đầu.
hundred.num,hundred,trăm,A1,todo,514,2,short,45,60,65,20–35%,35–50%,Nghĩa có thể minh họa trực tiếp; một câu mẫu và lượt thực hành ngắn đủ cho mục tiêu ban đầu.
thousand.num,thousand,nghìn,A1,todo,515,2,short,45,60,65,20–35%,35–50%,Nghĩa có thể minh họa trực tiếp; một câu mẫu và lượt thực hành ngắn đủ cho mục tiêu ban đầu.
half.num,half,một nửa,A1,todo,516,2,short,45,60,65,20–35%,35–50%,Nghĩa có thể minh họa trực tiếp; một câu mẫu và lượt thực hành ngắn đủ cho mục tiêu ban đầu.
count.v,count,đếm,A1,todo,517,2,short,45,60,65,20–35%,35–50%,Nghĩa có thể minh họa trực tiếp; một câu mẫu và lượt thực hành ngắn đủ cho mục tiêu ban đầu.
wide.adj,wide,rộng,A1,todo,518,2,short,45,60,65,20–35%,35–50%,Nghĩa có thể minh họa trực tiếp; một câu mẫu và lượt thực hành ngắn đủ cho mục tiêu ban đầu.
round.adj,round,tròn,A1,todo,519,2,short,45,60,65,20–35%,35–50%,Nghĩa có thể minh họa trực tiếp; một câu mẫu và lượt thực hành ngắn đủ cho mục tiêu ban đầu.
be.v.identity,be,"là (dùng để đồng nhất, mô tả)",A1,todo,520,2,short,45,60,65,20–35%,35–50%,Nghĩa có thể minh họa trực tiếp; một câu mẫu và lượt thực hành ngắn đủ cho mục tiêu ban đầu.
be.v.exist,be,"tồn tại, có mặt, ở đâu đó",A1,todo,521,2,short,45,60,65,20–35%,35–50%,Nghĩa có thể minh họa trực tiếp; một câu mẫu và lượt thực hành ngắn đủ cho mục tiêu ban đầu.
have.v.possess,have,"có, sở hữu",A1,todo,522,2,short,45,60,65,20–35%,35–50%,Nghĩa có thể minh họa trực tiếp; một câu mẫu và lượt thực hành ngắn đủ cho mục tiêu ban đầu.
get.v.obtain,get,"nhận được, có được",A1,todo,523,2,short,45,60,65,20–35%,35–50%,Nghĩa có thể minh họa trực tiếp; một câu mẫu và lượt thực hành ngắn đủ cho mục tiêu ban đầu.
put.v.place,put,"đặt, để",A1,todo,524,2,short,45,60,65,20–35%,35–50%,Nghĩa có thể minh họa trực tiếp; một câu mẫu và lượt thực hành ngắn đủ cho mục tiêu ban đầu.
keep.v.retain,keep,giữ lại,A1,todo,525,2,short,45,60,65,20–35%,35–50%,Nghĩa có thể minh họa trực tiếp; một câu mẫu và lượt thực hành ngắn đủ cho mục tiêu ban đầu.
turn.v.rotate,turn,"xoay, quay",A1,todo,526,2,short,45,60,65,20–35%,35–50%,Nghĩa có thể minh họa trực tiếp; một câu mẫu và lượt thực hành ngắn đủ cho mục tiêu ban đầu.
break.v.shatter,break,làm vỡ,A1,todo,527,2,short,45,60,65,20–35%,35–50%,Nghĩa có thể minh họa trực tiếp; một câu mẫu và lượt thực hành ngắn đủ cho mục tiêu ban đầu.
hold.v.grip,hold,"cầm, giữ",A1,todo,528,2,short,45,60,65,20–35%,35–50%,Nghĩa có thể minh họa trực tiếp; một câu mẫu và lượt thực hành ngắn đủ cho mục tiêu ban đầu.
let.v.allow,let,cho phép,A1,todo,529,2,short,45,60,65,20–35%,35–50%,Nghĩa có thể minh họa trực tiếp; một câu mẫu và lượt thực hành ngắn đủ cho mục tiêu ban đầu.
call.v.phone,call,gọi điện,A1,todo,530,2,short,45,60,65,20–35%,35–50%,Nghĩa có thể minh họa trực tiếp; một câu mẫu và lượt thực hành ngắn đủ cho mục tiêu ban đầu.
move.v.shift,move,di chuyển,A1,todo,531,2,short,45,60,65,20–35%,35–50%,Nghĩa có thể minh họa trực tiếp; một câu mẫu và lượt thực hành ngắn đủ cho mục tiêu ban đầu.
show.v.display,show,cho xem,A1,todo,532,2,short,45,60,65,20–35%,35–50%,Nghĩa có thể minh họa trực tiếp; một câu mẫu và lượt thực hành ngắn đủ cho mục tiêu ban đầu.
try.v.attempt,try,cố gắng,A1,todo,533,2,short,45,60,65,20–35%,35–50%,Nghĩa có thể minh họa trực tiếp; một câu mẫu và lượt thực hành ngắn đủ cho mục tiêu ban đầu.
ask.v.request,ask,"yêu cầu, nhờ",A1,todo,534,2,short,45,60,65,20–35%,35–50%,Nghĩa có thể minh họa trực tiếp; một câu mẫu và lượt thực hành ngắn đủ cho mục tiêu ban đầu.
give.v.hand-over,give,"cho, đưa",A1,todo,535,2,short,45,60,65,20–35%,35–50%,Nghĩa có thể minh họa trực tiếp; một câu mẫu và lượt thực hành ngắn đủ cho mục tiêu ban đầu.
go.v.move-to,go,đi,A1,todo,536,2,short,45,60,65,20–35%,35–50%,Nghĩa có thể minh họa trực tiếp; một câu mẫu và lượt thực hành ngắn đủ cho mục tiêu ban đầu.
come.v.arrive-basic,come,đến,A1,todo,537,2,short,45,60,65,20–35%,35–50%,Nghĩa có thể minh họa trực tiếp; một câu mẫu và lượt thực hành ngắn đủ cho mục tiêu ban đầu.
want.v.desire,want,muốn,A1,todo,538,2,short,45,60,65,20–35%,35–50%,Nghĩa có thể minh họa trực tiếp; một câu mẫu và lượt thực hành ngắn đủ cho mục tiêu ban đầu.
use.v.utilize,use,sử dụng,A1,todo,539,2,short,45,60,65,20–35%,35–50%,Nghĩa có thể minh họa trực tiếp; một câu mẫu và lượt thực hành ngắn đủ cho mục tiêu ban đầu.
find.v.discover,find,tìm thấy,A1,todo,540,2,short,45,60,65,20–35%,35–50%,Nghĩa có thể minh họa trực tiếp; một câu mẫu và lượt thực hành ngắn đủ cho mục tiêu ban đầu.
work.v.labor,work,làm việc,A1,todo,541,2,short,45,60,65,20–35%,35–50%,Nghĩa có thể minh họa trực tiếp; một câu mẫu và lượt thực hành ngắn đủ cho mục tiêu ban đầu.
begin.v.start-basic,begin,bắt đầu,A1,todo,542,2,short,45,60,65,20–35%,35–50%,Nghĩa có thể minh họa trực tiếp; một câu mẫu và lượt thực hành ngắn đủ cho mục tiêu ban đầu.
start.v.commence,start,bắt đầu,A1,todo,543,2,short,45,60,65,20–35%,35–50%,Nghĩa có thể minh họa trực tiếp; một câu mẫu và lượt thực hành ngắn đủ cho mục tiêu ban đầu.
stop.v.halt,stop,dừng lại,A1,todo,544,2,short,45,60,65,20–35%,35–50%,Nghĩa có thể minh họa trực tiếp; một câu mẫu và lượt thực hành ngắn đủ cho mục tiêu ban đầu.
finish.v.complete,finish,"hoàn thành, xong",A1,todo,545,2,short,45,60,65,20–35%,35–50%,Nghĩa có thể minh họa trực tiếp; một câu mẫu và lượt thực hành ngắn đủ cho mục tiêu ban đầu.
change.v.alter,change,thay đổi,A1,todo,546,2,short,45,60,65,20–35%,35–50%,Nghĩa có thể minh họa trực tiếp; một câu mẫu và lượt thực hành ngắn đủ cho mục tiêu ban đầu.
help.v.assist,help,giúp đỡ,A1,todo,547,2,short,45,60,65,20–35%,35–50%,Nghĩa có thể minh họa trực tiếp; một câu mẫu và lượt thực hành ngắn đủ cho mục tiêu ban đầu.
play.v.play-game,play,chơi,A1,todo,548,2,short,45,60,65,20–35%,35–50%,Nghĩa có thể minh họa trực tiếp; một câu mẫu và lượt thực hành ngắn đủ cho mục tiêu ban đầu.
send.v.dispatch,send,gửi,A1,todo,549,2,short,45,60,65,20–35%,35–50%,Nghĩa có thể minh họa trực tiếp; một câu mẫu và lượt thực hành ngắn đủ cho mục tiêu ban đầu.
open.v.open-action,open,mở,A1,todo,550,2,short,45,60,65,20–35%,35–50%,Nghĩa có thể minh họa trực tiếp; một câu mẫu và lượt thực hành ngắn đủ cho mục tiêu ban đầu.
close.v.shut,close,đóng,A1,todo,551,2,short,45,60,65,20–35%,35–50%,Nghĩa có thể minh họa trực tiếp; một câu mẫu và lượt thực hành ngắn đủ cho mục tiêu ban đầu.
lose.v.misplace,lose,làm mất,A1,todo,552,2,short,45,60,65,20–35%,35–50%,Nghĩa có thể minh họa trực tiếp; một câu mẫu và lượt thực hành ngắn đủ cho mục tiêu ban đầu.
pull.v.drag,pull,kéo,A1,todo,553,2,short,45,60,65,20–35%,35–50%,Nghĩa có thể minh họa trực tiếp; một câu mẫu và lượt thực hành ngắn đủ cho mục tiêu ban đầu.
push.v.shove,push,đẩy,A1,todo,554,2,short,45,60,65,20–35%,35–50%,Nghĩa có thể minh họa trực tiếp; một câu mẫu và lượt thực hành ngắn đủ cho mục tiêu ban đầu.
carry.v.carry-basic,carry,"mang, vác",A1,todo,555,2,short,45,60,65,20–35%,35–50%,Nghĩa có thể minh họa trực tiếp; một câu mẫu và lượt thực hành ngắn đủ cho mục tiêu ban đầu.
cut.v.slice,cut,cắt,A1,todo,556,2,short,45,60,65,20–35%,35–50%,Nghĩa có thể minh họa trực tiếp; một câu mẫu và lượt thực hành ngắn đủ cho mục tiêu ban đầu.
add.v.add-basic,add,thêm vào,A1,todo,557,2,short,45,60,65,20–35%,35–50%,Nghĩa có thể minh họa trực tiếp; một câu mẫu và lượt thực hành ngắn đủ cho mục tiêu ban đầu.
choose.v.select,choose,chọn,A1,todo,558,2,short,45,60,65,20–35%,35–50%,Nghĩa có thể minh họa trực tiếp; một câu mẫu và lượt thực hành ngắn đủ cho mục tiêu ban đầu.
fall.v.fall-physical,fall,"ngã, rơi",A1,todo,559,2,short,45,60,65,20–35%,35–50%,Nghĩa có thể minh họa trực tiếp; một câu mẫu và lượt thực hành ngắn đủ cho mục tiêu ban đầu.
fly.v.fly-basic,fly,bay,A1,todo,560,2,short,45,60,65,20–35%,35–50%,Nghĩa có thể minh họa trực tiếp; một câu mẫu và lượt thực hành ngắn đủ cho mục tiêu ban đầu.
sleep.v.sleep-basic,sleep,ngủ,A1,todo,561,2,short,45,60,65,20–35%,35–50%,Nghĩa có thể minh họa trực tiếp; một câu mẫu và lượt thực hành ngắn đủ cho mục tiêu ban đầu.
hit.v.hit-basic,hit,"đánh, va vào",A1,todo,562,2,short,45,60,65,20–35%,35–50%,Nghĩa có thể minh họa trực tiếp; một câu mẫu và lượt thực hành ngắn đủ cho mục tiêu ban đầu.
sit.v.sit-basic,sit,ngồi,A1,todo,563,2,short,45,60,65,20–35%,35–50%,Nghĩa có thể minh họa trực tiếp; một câu mẫu và lượt thực hành ngắn đủ cho mục tiêu ban đầu.
stand.v.stand-basic,stand,đứng,A1,todo,564,2,short,45,60,65,20–35%,35–50%,Nghĩa có thể minh họa trực tiếp; một câu mẫu và lượt thực hành ngắn đủ cho mục tiêu ban đầu.
lie.v.lie-position,lie,nằm,A1,todo,565,2,short,45,60,65,20–35%,35–50%,Nghĩa có thể minh họa trực tiếp; một câu mẫu và lượt thực hành ngắn đủ cho mục tiêu ban đầu.
meet.v.meet-basic,meet,gặp gỡ,A1,todo,566,2,short,45,60,65,20–35%,35–50%,Nghĩa có thể minh họa trực tiếp; một câu mẫu và lượt thực hành ngắn đủ cho mục tiêu ban đầu.
touch.v.touch-basic,touch,chạm vào,A1,todo,567,2,short,45,60,65,20–35%,35–50%,Nghĩa có thể minh họa trực tiếp; một câu mẫu và lượt thực hành ngắn đủ cho mục tiêu ban đầu.
write.v.write-basic,write,viết,A1,todo,568,2,short,45,60,65,20–35%,35–50%,Nghĩa có thể minh họa trực tiếp; một câu mẫu và lượt thực hành ngắn đủ cho mục tiêu ban đầu.
read.v.read-basic,read,đọc,A1,todo,569,2,short,45,60,65,20–35%,35–50%,Nghĩa có thể minh họa trực tiếp; một câu mẫu và lượt thực hành ngắn đủ cho mục tiêu ban đầu.
check.v.check-basic,check,kiểm tra,A1,todo,570,2,short,45,60,65,20–35%,35–50%,Nghĩa có thể minh họa trực tiếp; một câu mẫu và lượt thực hành ngắn đủ cho mục tiêu ban đầu.
happen.v.happen-basic,happen,xảy ra,A1,todo,571,2,short,45,60,65,20–35%,35–50%,Nghĩa có thể minh họa trực tiếp; một câu mẫu và lượt thực hành ngắn đủ cho mục tiêu ban đầu.
big.adj.size,big,"to, lớn (kích thước)",A1,todo,572,2,short,45,60,65,20–35%,35–50%,Nghĩa có thể minh họa trực tiếp; một câu mẫu và lượt thực hành ngắn đủ cho mục tiêu ban đầu.
small.adj.size,small,"nhỏ, bé",A1,todo,573,2,short,45,60,65,20–35%,35–50%,Nghĩa có thể minh họa trực tiếp; một câu mẫu và lượt thực hành ngắn đủ cho mục tiêu ban đầu.
little.adj.size-cute,little,"nhỏ, bé xinh",A1,todo,574,2,short,45,60,65,20–35%,35–50%,Nghĩa cụ thể hoặc quan hệ sở hữu đơn giản; không kéo dài vì từ đồng dạng có cách dùng khác.
hard.adj.difficult,hard,"khó (làm, hiểu)",A1,todo,575,2,short,45,60,65,20–35%,35–50%,Nghĩa có thể minh họa trực tiếp; một câu mẫu và lượt thực hành ngắn đủ cho mục tiêu ban đầu.
easy.adj.easy-basic,easy,dễ,A1,todo,576,2,short,45,60,65,20–35%,35–50%,Nghĩa có thể minh họa trực tiếp; một câu mẫu và lượt thực hành ngắn đủ cho mục tiêu ban đầu.
bright.adj.light,bright,sáng (ánh sáng),A1,todo,577,2,short,45,60,65,20–35%,35–50%,Nghĩa có thể minh họa trực tiếp; một câu mẫu và lượt thực hành ngắn đủ cho mục tiêu ban đầu.
dark.adj.dark-basic,dark,"tối, thiếu ánh sáng",A1,todo,578,2,short,45,60,65,20–35%,35–50%,Nghĩa có thể minh họa trực tiếp; một câu mẫu và lượt thực hành ngắn đủ cho mục tiêu ban đầu.
heavy.adj.weight,heavy,nặng (cân nặng),A1,todo,579,2,short,45,60,65,20–35%,35–50%,Nghĩa có thể minh họa trực tiếp; một câu mẫu và lượt thực hành ngắn đủ cho mục tiêu ban đầu.
light.adj.weight,light,nhẹ (cân nặng),A1,todo,580,2,short,45,60,65,20–35%,35–50%,Nghĩa có thể minh họa trực tiếp; một câu mẫu và lượt thực hành ngắn đủ cho mục tiêu ban đầu.
safe.adj.safe-basic,safe,an toàn,A1,todo,581,2,short,45,60,65,20–35%,35–50%,Nghĩa có thể minh họa trực tiếp; một câu mẫu và lượt thực hành ngắn đủ cho mục tiêu ban đầu.
hot.adj.spicy,hot,cay (vị giác),A1,todo,582,2,short,45,60,65,20–35%,35–50%,Nghĩa có thể minh họa trực tiếp; một câu mẫu và lượt thực hành ngắn đủ cho mục tiêu ban đầu.
new.adj.new-basic,new,mới,A1,todo,583,2,short,45,60,65,20–35%,35–50%,Nghĩa có thể minh họa trực tiếp; một câu mẫu và lượt thực hành ngắn đủ cho mục tiêu ban đầu.
old.adj.age-person,old,già (tuổi tác),A1,todo,584,2,short,45,60,65,20–35%,35–50%,Nghĩa có thể minh họa trực tiếp; một câu mẫu và lượt thực hành ngắn đủ cho mục tiêu ban đầu.
old.adj.age-object,old,cũ (đồ vật),A1,todo,585,2,short,45,60,65,20–35%,35–50%,Nghĩa có thể minh họa trực tiếp; một câu mẫu và lượt thực hành ngắn đủ cho mục tiêu ban đầu.
young.adj.young-basic,young,trẻ,A1,todo,586,2,short,45,60,65,20–35%,35–50%,Nghĩa có thể minh họa trực tiếp; một câu mẫu và lượt thực hành ngắn đủ cho mục tiêu ban đầu.
fast.adj.fast-basic,fast,nhanh,A1,todo,587,2,short,45,60,65,20–35%,35–50%,Nghĩa có thể minh họa trực tiếp; một câu mẫu và lượt thực hành ngắn đủ cho mục tiêu ban đầu.
quick.adj.quick-basic,quick,"nhanh, mau lẹ",A1,todo,588,2,short,45,60,65,20–35%,35–50%,Nghĩa có thể minh họa trực tiếp; một câu mẫu và lượt thực hành ngắn đủ cho mục tiêu ban đầu.
slow.adj.slow-basic,slow,chậm,A1,todo,589,2,short,45,60,65,20–35%,35–50%,Nghĩa có thể minh họa trực tiếp; một câu mẫu và lượt thực hành ngắn đủ cho mục tiêu ban đầu.
strong.adj.strong-basic,strong,"khỏe, mạnh (thể chất)",A1,todo,590,2,short,45,60,65,20–35%,35–50%,Nghĩa có thể minh họa trực tiếp; một câu mẫu và lượt thực hành ngắn đủ cho mục tiêu ban đầu.
full.adj.full-basic,full,đầy,A1,todo,591,2,short,45,60,65,20–35%,35–50%,Nghĩa có thể minh họa trực tiếp; một câu mẫu và lượt thực hành ngắn đủ cho mục tiêu ban đầu.
empty.adj.empty-basic,empty,"rỗng, trống",A1,todo,592,2,short,45,60,65,20–35%,35–50%,Nghĩa có thể minh họa trực tiếp; một câu mẫu và lượt thực hành ngắn đủ cho mục tiêu ban đầu.
tall.adj.tall-basic,tall,"cao (người, vật cao)",A1,todo,593,2,short,45,60,65,20–35%,35–50%,Nghĩa có thể minh họa trực tiếp; một câu mẫu và lượt thực hành ngắn đủ cho mục tiêu ban đầu.
short.adj.short-height,short,thấp (người),A1,todo,594,2,short,45,60,65,20–35%,35–50%,Nghĩa có thể minh họa trực tiếp; một câu mẫu và lượt thực hành ngắn đủ cho mục tiêu ban đầu.
short.adj.short-length,short,"ngắn (thời gian, chiều dài)",A1,todo,595,2,short,45,60,65,20–35%,35–50%,Nghĩa có thể minh họa trực tiếp; một câu mẫu và lượt thực hành ngắn đủ cho mục tiêu ban đầu.
long.adj.long-basic,long,dài,A1,todo,596,2,short,45,60,65,20–35%,35–50%,Nghĩa có thể minh họa trực tiếp; một câu mẫu và lượt thực hành ngắn đủ cho mục tiêu ban đầu.
near.adj.near-basic,near,gần,A1,todo,597,2,short,45,60,65,20–35%,35–50%,Nghĩa có thể minh họa trực tiếp; một câu mẫu và lượt thực hành ngắn đủ cho mục tiêu ban đầu.
high.adj.high-basic,high,"cao (mức độ, độ cao)",A1,todo,598,2,short,45,60,65,20–35%,35–50%,Nghĩa có thể minh họa trực tiếp; một câu mẫu và lượt thực hành ngắn đủ cho mục tiêu ban đầu.
low.adj.low-basic,low,thấp (mức độ),A1,todo,599,2,short,45,60,65,20–35%,35–50%,Nghĩa có thể minh họa trực tiếp; một câu mẫu và lượt thực hành ngắn đủ cho mục tiêu ban đầu.
wet.adj.wet-basic,wet,ướt,A1,todo,600,2,short,45,60,65,20–35%,35–50%,Nghĩa có thể minh họa trực tiếp; một câu mẫu và lượt thực hành ngắn đủ cho mục tiêu ban đầu.
soft.adj.soft-basic,soft,mềm,A1,todo,601,2,short,45,60,65,20–35%,35–50%,Nghĩa có thể minh họa trực tiếp; một câu mẫu và lượt thực hành ngắn đủ cho mục tiêu ban đầu.
open.adj.open-basic,open,"mở, đang mở cửa",A1,todo,602,2,short,45,60,65,20–35%,35–50%,Nghĩa có thể minh họa trực tiếp; một câu mẫu và lượt thực hành ngắn đủ cho mục tiêu ban đầu.
closed.adj.closed-basic,closed,"đóng, đóng cửa",A1,todo,603,2,short,45,60,65,20–35%,35–50%,Nghĩa có thể minh họa trực tiếp; một câu mẫu và lượt thực hành ngắn đủ cho mục tiêu ban đầu.
beautiful.adj.beautiful-basic,beautiful,đẹp,A1,todo,604,2,short,45,60,65,20–35%,35–50%,Nghĩa có thể minh họa trực tiếp; một câu mẫu và lượt thực hành ngắn đủ cho mục tiêu ban đầu.
pretty.adj.pretty-basic,pretty,xinh xắn,A1,todo,605,2,short,45,60,65,20–35%,35–50%,Nghĩa có thể minh họa trực tiếp; một câu mẫu và lượt thực hành ngắn đủ cho mục tiêu ban đầu.
good.adj.good-basic,good,"tốt, giỏi",A1,todo,606,2,short,45,60,65,20–35%,35–50%,Nghĩa có thể minh họa trực tiếp; một câu mẫu và lượt thực hành ngắn đủ cho mục tiêu ban đầu.
bad.adj.bad-basic,bad,"xấu, tệ",A1,todo,607,2,short,45,60,65,20–35%,35–50%,Nghĩa có thể minh họa trực tiếp; một câu mẫu và lượt thực hành ngắn đủ cho mục tiêu ban đầu.
wrong.adj.wrong-basic,wrong,sai,A1,todo,608,2,short,45,60,65,20–35%,35–50%,Nghĩa có thể minh họa trực tiếp; một câu mẫu và lượt thực hành ngắn đủ cho mục tiêu ban đầu.
true.adj.true-basic,true,đúng sự thật,A1,todo,609,2,short,45,60,65,20–35%,35–50%,Nghĩa có thể minh họa trực tiếp; một câu mẫu và lượt thực hành ngắn đủ cho mục tiêu ban đầu.
same.adj.same-basic,same,giống nhau,A1,todo,610,2,short,45,60,65,20–35%,35–50%,Nghĩa có thể minh họa trực tiếp; một câu mẫu và lượt thực hành ngắn đủ cho mục tiêu ban đầu.
different.adj.different-basic,different,khác nhau,A1,todo,611,2,short,45,60,65,20–35%,35–50%,Nghĩa có thể minh họa trực tiếp; một câu mẫu và lượt thực hành ngắn đủ cho mục tiêu ban đầu.
smart.adj.smart-intelligent,smart,thông minh,A1,todo,612,2,short,45,60,65,20–35%,35–50%,Nghĩa có thể minh họa trực tiếp; một câu mẫu và lượt thực hành ngắn đủ cho mục tiêu ban đầu.
interesting.adj.interesting-basic,interesting,thú vị,A1,todo,613,2,short,45,60,65,20–35%,35–50%,Nghĩa có thể minh họa trực tiếp; một câu mẫu và lượt thực hành ngắn đủ cho mục tiêu ban đầu.
great.adj.great-basic,great,"tuyệt, xuất sắc",A1,todo,614,2,short,45,60,65,20–35%,35–50%,Nghĩa có thể minh họa trực tiếp; một câu mẫu và lượt thực hành ngắn đủ cho mục tiêu ban đầu.
fine.adj.fine-ok,fine,"ổn, khỏe",A1,todo,615,2,short,45,60,65,20–35%,35–50%,Nghĩa có thể minh họa trực tiếp; một câu mẫu và lượt thực hành ngắn đủ cho mục tiêu ban đầu.
special.adj.special-basic,special,đặc biệt,A1,todo,616,2,short,45,60,65,20–35%,35–50%,Nghĩa có thể minh họa trực tiếp; một câu mẫu và lượt thực hành ngắn đủ cho mục tiêu ban đầu.
important.adj.important-basic,important,quan trọng,A1,todo,617,2,short,45,60,65,20–35%,35–50%,Nghĩa có thể minh họa trực tiếp; một câu mẫu và lượt thực hành ngắn đủ cho mục tiêu ban đầu.
sure.adj.sure-basic,sure,chắc chắn,A1,todo,618,2,short,45,60,65,20–35%,35–50%,Nghĩa có thể minh họa trực tiếp; một câu mẫu và lượt thực hành ngắn đủ cho mục tiêu ban đầu.
ready.adj.ready-basic,ready,sẵn sàng,A1,todo,619,2,short,45,60,65,20–35%,35–50%,Nghĩa có thể minh họa trực tiếp; một câu mẫu và lượt thực hành ngắn đủ cho mục tiêu ban đầu.
healthy.adj.healthy-basic,healthy,khỏe mạnh,A1,todo,620,2,short,45,60,65,20–35%,35–50%,Nghĩa có thể minh họa trực tiếp; một câu mẫu và lượt thực hành ngắn đủ cho mục tiêu ban đầu.
sick.adj.sick-basic,sick,"ốm, bệnh",A1,todo,621,2,short,45,60,65,20–35%,35–50%,Nghĩa có thể minh họa trực tiếp; một câu mẫu và lượt thực hành ngắn đủ cho mục tiêu ban đầu.
fat.adj.fat-basic,fat,"béo, mập",A1,todo,622,2,short,45,60,65,20–35%,35–50%,Nghĩa có thể minh họa trực tiếp; một câu mẫu và lượt thực hành ngắn đủ cho mục tiêu ban đầu.
close.adj.close-distance,close,gần,A1,todo,623,2,short,45,60,65,20–35%,35–50%,Nghĩa có thể minh họa trực tiếp; một câu mẫu và lượt thực hành ngắn đủ cho mục tiêu ban đầu.
lucky.adj.lucky-basic,lucky,may mắn,A1,todo,624,2,short,45,60,65,20–35%,35–50%,Nghĩa có thể minh họa trực tiếp; một câu mẫu và lượt thực hành ngắn đủ cho mục tiêu ban đầu.
my.det,my,của tôi,A1,todo,625,2,short,45,60,65,20–35%,35–50%,Nghĩa cụ thể hoặc quan hệ sở hữu đơn giản; không kéo dài vì từ đồng dạng có cách dùng khác.
your.det,your,của bạn,A1,todo,626,2,short,45,60,65,20–35%,35–50%,Nghĩa cụ thể hoặc quan hệ sở hữu đơn giản; không kéo dài vì từ đồng dạng có cách dùng khác.
his.det,his,của anh ấy,A1,todo,627,2,short,45,60,65,20–35%,35–50%,Nghĩa cụ thể hoặc quan hệ sở hữu đơn giản; không kéo dài vì từ đồng dạng có cách dùng khác.
her.det,her,của cô ấy,A1,todo,628,2,short,45,60,65,20–35%,35–50%,Nghĩa cụ thể hoặc quan hệ sở hữu đơn giản; không kéo dài vì từ đồng dạng có cách dùng khác.
its.det,its,của nó,A1,todo,629,2,short,45,60,65,20–35%,35–50%,Nghĩa cụ thể hoặc quan hệ sở hữu đơn giản; không kéo dài vì từ đồng dạng có cách dùng khác.
our.det,our,của chúng tôi,A1,todo,630,2,short,45,60,65,20–35%,35–50%,Nghĩa cụ thể hoặc quan hệ sở hữu đơn giản; không kéo dài vì từ đồng dạng có cách dùng khác.
their.det,their,của họ,A1,todo,631,2,short,45,60,65,20–35%,35–50%,Nghĩa cụ thể hoặc quan hệ sở hữu đơn giản; không kéo dài vì từ đồng dạng có cách dùng khác.
art.n,art,nghệ thuật,A1,todo,632,3,medium,65,80,90,20–35%,35–50%,Cần thêm ngữ cảnh hoặc làm rõ cách dùng trong câu; ưu tiên một tình huống và phản hồi.
feeling.n,feeling,cảm giác,A1,todo,633,3,medium,65,80,90,20–35%,35–50%,Cần thêm ngữ cảnh hoặc làm rõ cách dùng trong câu; ưu tiên một tình huống và phản hồi.
love.n,love,tình yêu,A1,todo,634,3,medium,65,80,90,20–35%,35–50%,Cần thêm ngữ cảnh hoặc làm rõ cách dùng trong câu; ưu tiên một tình huống và phản hồi.
talk.v,talk,nói chuyện,A1,todo,635,3,medium,65,80,90,20–35%,35–50%,Cần thêm ngữ cảnh hoặc làm rõ cách dùng trong câu; ưu tiên một tình huống và phản hồi.
speak.v,speak,"nói, phát biểu",A1,todo,636,3,medium,65,80,90,20–35%,35–50%,Cần thêm ngữ cảnh hoặc làm rõ cách dùng trong câu; ưu tiên một tình huống và phản hồi.
listen.v,listen,lắng nghe,A1,todo,637,3,medium,65,80,90,20–35%,35–50%,Cần thêm ngữ cảnh hoặc làm rõ cách dùng trong câu; ưu tiên một tình huống và phản hồi.
letter.n,letter,bức thư,A1,todo,638,3,medium,65,80,90,20–35%,35–50%,Cần thêm ngữ cảnh hoặc làm rõ cách dùng trong câu; ưu tiên một tình huống và phản hồi.
sentence.n.grammar,sentence,câu (ngữ pháp),A1,todo,639,3,medium,65,80,90,20–35%,35–50%,Cần thêm ngữ cảnh hoặc làm rõ cách dùng trong câu; ưu tiên một tình huống và phản hồi.
word.n,word,từ,A1,todo,640,3,medium,65,80,90,20–35%,35–50%,Cần thêm ngữ cảnh hoặc làm rõ cách dùng trong câu; ưu tiên một tình huống và phản hồi.
verb.n,verb,động từ,A1,todo,641,3,medium,65,80,90,20–35%,35–50%,Cần thêm ngữ cảnh hoặc làm rõ cách dùng trong câu; ưu tiên một tình huống và phản hồi.
noun.n,noun,danh từ,A1,todo,642,3,medium,65,80,90,20–35%,35–50%,Cần thêm ngữ cảnh hoặc làm rõ cách dùng trong câu; ưu tiên một tình huống và phản hồi.
adjective.n,adjective,tính từ,A1,todo,643,3,medium,65,80,90,20–35%,35–50%,Cần thêm ngữ cảnh hoặc làm rõ cách dùng trong câu; ưu tiên một tình huống và phản hồi.
rule.n.law,rule,"quy tắc, quy định",A1,todo,644,3,medium,65,80,90,20–35%,35–50%,Cần thêm ngữ cảnh hoặc làm rõ cách dùng trong câu; ưu tiên một tình huống và phản hồi.
science.n,science,khoa học,A1,todo,645,3,medium,65,80,90,20–35%,35–50%,Cần thêm ngữ cảnh hoặc làm rõ cách dùng trong câu; ưu tiên một tình huống và phản hồi.
fact.n,fact,sự thật (khoa học),A1,todo,646,3,medium,65,80,90,20–35%,35–50%,Cần thêm ngữ cảnh hoặc làm rõ cách dùng trong câu; ưu tiên một tình huống và phản hồi.
mathematics.n,mathematics,toán học,A1,todo,647,3,medium,65,80,90,20–35%,35–50%,Cần thêm ngữ cảnh hoặc làm rõ cách dùng trong câu; ưu tiên một tình huống và phản hồi.
o'clock.adv,o'clock,giờ đúng,A1,todo,648,3,medium,65,80,90,20–35%,35–50%,Cần thêm ngữ cảnh hoặc làm rõ cách dùng trong câu; ưu tiên một tình huống và phản hồi.
often.adv,often,thường xuyên,A1,todo,649,3,medium,65,80,90,20–35%,35–50%,"Dùng hình hoặc đối chiếu ngắn để làm rõ vị trí, quan hệ, tần suất hay lượng; không cần bài 100 giây mặc định."
always.adv,always,luôn luôn,A1,todo,650,3,medium,65,80,90,20–35%,35–50%,"Dùng hình hoặc đối chiếu ngắn để làm rõ vị trí, quan hệ, tần suất hay lượng; không cần bài 100 giây mặc định."
never.adv,never,không bao giờ,A1,todo,651,3,medium,65,80,90,20–35%,35–50%,"Dùng hình hoặc đối chiếu ngắn để làm rõ vị trí, quan hệ, tần suất hay lượng; không cần bài 100 giây mặc định."
sometimes.adv,sometimes,thỉnh thoảng,A1,todo,652,3,medium,65,80,90,20–35%,35–50%,"Dùng hình hoặc đối chiếu ngắn để làm rõ vị trí, quan hệ, tần suất hay lượng; không cần bài 100 giây mặc định."
usually.adv,usually,thường thì,A1,todo,653,3,medium,65,80,90,20–35%,35–50%,"Dùng hình hoặc đối chiếu ngắn để làm rõ vị trí, quan hệ, tần suất hay lượng; không cần bài 100 giây mặc định."
once.adv,once,một lần,A1,todo,654,3,medium,65,80,90,20–35%,35–50%,Cần thêm ngữ cảnh hoặc làm rõ cách dùng trong câu; ưu tiên một tình huống và phản hồi.
twice.adv,twice,hai lần,A1,todo,655,3,medium,65,80,90,20–35%,35–50%,Cần thêm ngữ cảnh hoặc làm rõ cách dùng trong câu; ưu tiên một tình huống và phản hồi.
ago.adv,ago,cách đây,A1,todo,656,3,medium,65,80,90,20–35%,35–50%,"Dùng hình hoặc đối chiếu ngắn để làm rõ vị trí, quan hệ, tần suất hay lượng; không cần bài 100 giây mặc định."
soon.adv,soon,sớm thôi,A1,todo,657,3,medium,65,80,90,20–35%,35–50%,Cần thêm ngữ cảnh hoặc làm rõ cách dùng trong câu; ưu tiên một tình huống và phản hồi.
later.adv,later,sau đó,A1,todo,658,3,medium,65,80,90,20–35%,35–50%,Cần thêm ngữ cảnh hoặc làm rõ cách dùng trong câu; ưu tiên một tình huống và phản hồi.
a lot of.det,a lot of,nhiều,A1,todo,659,3,medium,65,80,90,20–35%,35–50%,"Dùng hình hoặc đối chiếu ngắn để làm rõ vị trí, quan hệ, tần suất hay lượng; không cần bài 100 giây mặc định."
more.det,more,nhiều hơn,A1,todo,660,3,medium,65,80,90,20–35%,35–50%,"Dùng hình hoặc đối chiếu ngắn để làm rõ vị trí, quan hệ, tần suất hay lượng; không cần bài 100 giây mặc định."
about.adv.approx,about,khoảng chừng,A1,todo,661,3,medium,65,80,90,20–35%,35–50%,Cần thêm ngữ cảnh hoặc làm rõ cách dùng trong câu; ưu tiên một tình huống và phản hồi.
way.n.method,way,"cách, phương pháp làm gì",A1,todo,662,3,medium,65,80,90,20–35%,35–50%,Cần thêm ngữ cảnh hoặc làm rõ cách dùng trong câu; ưu tiên một tình huống và phản hồi.
part.n.portion,part,"phần, một phần của cái gì",A1,todo,663,3,medium,65,80,90,20–35%,35–50%,Cần thêm ngữ cảnh hoặc làm rõ cách dùng trong câu; ưu tiên một tình huống và phản hồi.
fact.n.truth,fact,"sự thật, sự việc có thật",A1,todo,664,3,medium,65,80,90,20–35%,35–50%,Cần thêm ngữ cảnh hoặc làm rõ cách dùng trong câu; ưu tiên một tình huống và phản hồi.
kind.n.type,kind,"loại, chủng loại",A1,todo,665,3,medium,65,80,90,20–35%,35–50%,Cần thêm ngữ cảnh hoặc làm rõ cách dùng trong câu; ưu tiên một tình huống và phản hồi.
back.n.rear,back,"phía sau, mặt sau (của vật)",A1,todo,666,3,medium,65,80,90,20–35%,35–50%,Cần thêm ngữ cảnh hoặc làm rõ cách dùng trong câu; ưu tiên một tình huống và phản hồi.
place.n.location-basic,place,"nơi chốn, địa điểm",A1,todo,667,3,medium,65,80,90,20–35%,35–50%,Cần thêm ngữ cảnh hoặc làm rõ cách dùng trong câu; ưu tiên một tình huống và phản hồi.
thing.n.object-basic,thing,"đồ vật, vật thể",A1,todo,668,3,medium,65,80,90,20–35%,35–50%,Cần thêm ngữ cảnh hoặc làm rõ cách dùng trong câu; ưu tiên một tình huống và phản hồi.
world.n.earth,world,"thế giới, trái đất",A1,todo,669,3,medium,65,80,90,20–35%,35–50%,Cần thêm ngữ cảnh hoặc làm rõ cách dùng trong câu; ưu tiên một tình huống và phản hồi.
end.n.conclusion,end,"sự kết thúc, phần cuối",A1,todo,670,3,medium,65,80,90,20–35%,35–50%,Cần thêm ngữ cảnh hoặc làm rõ cách dùng trong câu; ưu tiên một tình huống và phản hồi.
side.n.surface-side,side,"mặt bên, phía bên",A1,todo,671,3,medium,65,80,90,20–35%,35–50%,Cần thêm ngữ cảnh hoặc làm rõ cách dùng trong câu; ưu tiên một tình huống và phản hồi.
idea.n.concept,idea,ý tưởng,A1,todo,672,3,medium,65,80,90,20–35%,35–50%,Cần thêm ngữ cảnh hoặc làm rõ cách dùng trong câu; ưu tiên một tình huống và phản hồi.
present.n.gift-noun,present,quà tặng,A1,todo,673,3,medium,65,80,90,20–35%,35–50%,Cần thêm ngữ cảnh hoặc làm rõ cách dùng trong câu; ưu tiên một tình huống và phản hồi.
type.n.category-basic,type,"loại, kiểu",A1,todo,674,3,medium,65,80,90,20–35%,35–50%,Cần thêm ngữ cảnh hoặc làm rõ cách dùng trong câu; ưu tiên một tình huống và phản hồi.
fire.n.flame,fire,lửa,A1,todo,675,3,medium,65,80,90,20–35%,35–50%,Cần thêm ngữ cảnh hoặc làm rõ cách dùng trong câu; ưu tiên một tình huống và phản hồi.
rest.n.relaxation,rest,sự nghỉ ngơi,A1,todo,676,3,medium,65,80,90,20–35%,35–50%,Cần thêm ngữ cảnh hoặc làm rõ cách dùng trong câu; ưu tiên một tình huống và phản hồi.
sound.n.noise,sound,âm thanh,A1,todo,677,3,medium,65,80,90,20–35%,35–50%,Cần thêm ngữ cảnh hoặc làm rõ cách dùng trong câu; ưu tiên một tình huống và phản hồi.
ground.n.earth-surface,ground,mặt đất,A1,todo,678,3,medium,65,80,90,20–35%,35–50%,Cần thêm ngữ cảnh hoặc làm rõ cách dùng trong câu; ưu tiên một tình huống và phản hồi.
course.n.study-course,course,khóa học,A1,todo,679,3,medium,65,80,90,20–35%,35–50%,Cần thêm ngữ cảnh hoặc làm rõ cách dùng trong câu; ưu tiên một tình huống và phản hồi.
party.n.celebration,party,bữa tiệc,A1,todo,680,3,medium,65,80,90,20–35%,35–50%,Cần thêm ngữ cảnh hoặc làm rõ cách dùng trong câu; ưu tiên một tình huống và phản hồi.
plan.n.scheme,plan,kế hoạch,A1,todo,681,3,medium,65,80,90,20–35%,35–50%,Cần thêm ngữ cảnh hoặc làm rõ cách dùng trong câu; ưu tiên một tình huống và phản hồi.
show.n.program,show,chương trình biểu diễn,A1,todo,682,3,medium,65,80,90,20–35%,35–50%,Cần thêm ngữ cảnh hoặc làm rõ cách dùng trong câu; ưu tiên một tình huống và phản hồi.
step.n.footstep,step,"bước chân, bước đi",A1,todo,683,3,medium,65,80,90,20–35%,35–50%,Cần thêm ngữ cảnh hoặc làm rõ cách dùng trong câu; ưu tiên một tình huống và phản hồi.
top.n.summit,top,"đỉnh, phần trên cùng",A1,todo,684,3,medium,65,80,90,20–35%,35–50%,Cần thêm ngữ cảnh hoặc làm rõ cách dùng trong câu; ưu tiên một tình huống và phản hồi.
voice.n.speech-voice,voice,giọng nói,A1,todo,685,3,medium,65,80,90,20–35%,35–50%,Cần thêm ngữ cảnh hoặc làm rõ cách dùng trong câu; ưu tiên một tình huống và phản hồi.
age.n.years-old,age,tuổi,A1,todo,686,3,medium,65,80,90,20–35%,35–50%,Cần thêm ngữ cảnh hoặc làm rõ cách dùng trong câu; ưu tiên một tình huống và phản hồi.
book.n.literature,book,quyển sách,A1,todo,687,3,medium,65,80,90,20–35%,35–50%,Cần thêm ngữ cảnh hoặc làm rõ cách dùng trong câu; ưu tiên một tình huống và phản hồi.
fall.n.autumn,fall,mùa thu (cách gọi ở Mỹ),A1,todo,688,3,medium,65,80,90,20–35%,35–50%,Cần thêm ngữ cảnh hoặc làm rõ cách dùng trong câu; ưu tiên một tình huống và phản hồi.
take.v.grab,take,"lấy, cầm",A1,todo,689,3,medium,65,80,90,20–35%,35–50%,"Nghĩa hành động cụ thể; thêm câu dùng tự nhiên và luyện ngắn, không kéo dài theo các nghĩa khác của cùng từ."
take.v.photo,take,chụp (ảnh),A1,todo,690,3,medium,65,80,90,20–35%,35–50%,"Nghĩa hành động cụ thể; thêm câu dùng tự nhiên và luyện ngắn, không kéo dài theo các nghĩa khác của cùng từ."
need.v.require-basic,need,cần,A1,todo,691,3,medium,65,80,90,20–35%,35–50%,Cần thêm ngữ cảnh hoặc làm rõ cách dùng trong câu; ưu tiên một tình huống và phản hồi.
see.v.perceive,see,nhìn thấy,A1,todo,692,3,medium,65,80,90,20–35%,35–50%,Cần thêm ngữ cảnh hoặc làm rõ cách dùng trong câu; ưu tiên một tình huống và phản hồi.
look.v.glance,look,nhìn,A1,todo,693,3,medium,65,80,90,20–35%,35–50%,Cần thêm ngữ cảnh hoặc làm rõ cách dùng trong câu; ưu tiên một tình huống và phản hồi.
look.v.appear-look,look,trông có vẻ,A1,todo,694,3,medium,65,80,90,20–35%,35–50%,Cần thêm ngữ cảnh hoặc làm rõ cách dùng trong câu; ưu tiên một tình huống và phản hồi.
learn.v.acquire-knowledge,learn,học,A1,todo,695,3,medium,65,80,90,20–35%,35–50%,Cần thêm ngữ cảnh hoặc làm rõ cách dùng trong câu; ưu tiên một tình huống và phản hồi.
believe.v.believe-basic,believe,tin,A1,todo,696,3,medium,65,80,90,20–35%,35–50%,Cần thêm ngữ cảnh hoặc làm rõ cách dùng trong câu; ưu tiên một tình huống và phản hồi.
watch.v.watch-basic,watch,"xem, theo dõi",A1,todo,697,3,medium,65,80,90,20–35%,35–50%,Cần thêm ngữ cảnh hoặc làm rõ cách dùng trong câu; ưu tiên một tình huống và phản hồi.
hear.v.hear-basic,hear,nghe thấy,A1,todo,698,3,medium,65,80,90,20–35%,35–50%,Cần thêm ngữ cảnh hoặc làm rõ cách dùng trong câu; ưu tiên một tình huống và phản hồi.
wear.v.wear-clothes,wear,"mặc, đội, mang",A1,todo,699,3,medium,65,80,90,20–35%,35–50%,Cần thêm ngữ cảnh hoặc làm rõ cách dùng trong câu; ưu tiên một tình huống và phản hồi.
hope.v.hope-basic,hope,hy vọng,A1,todo,700,3,medium,65,80,90,20–35%,35–50%,Cần thêm ngữ cảnh hoặc làm rõ cách dùng trong câu; ưu tiên một tình huống và phản hồi.
right.adj.right-correct,right,đúng,A1,todo,701,3,medium,65,80,90,20–35%,35–50%,Cần thêm ngữ cảnh hoặc làm rõ cách dùng trong câu; ưu tiên một tình huống và phản hồi.
to.prep,to,"đến, tới",A1,todo,702,3,medium,65,80,90,20–35%,35–50%,"Dùng hình hoặc đối chiếu ngắn để làm rõ vị trí, quan hệ, tần suất hay lượng; không cần bài 100 giây mặc định."
in.prep,in,trong,A1,todo,703,3,medium,65,80,90,20–35%,35–50%,"Dùng hình hoặc đối chiếu ngắn để làm rõ vị trí, quan hệ, tần suất hay lượng; không cần bài 100 giây mặc định."
with.prep,with,"với, cùng",A1,todo,704,3,medium,65,80,90,20–35%,35–50%,"Dùng hình hoặc đối chiếu ngắn để làm rõ vị trí, quan hệ, tần suất hay lượng; không cần bài 100 giây mặc định."
without.prep,without,không có,A1,todo,705,3,medium,65,80,90,20–35%,35–50%,"Dùng hình hoặc đối chiếu ngắn để làm rõ vị trí, quan hệ, tần suất hay lượng; không cần bài 100 giây mặc định."
from.prep,from,từ,A1,todo,706,3,medium,65,80,90,20–35%,35–50%,"Dùng hình hoặc đối chiếu ngắn để làm rõ vị trí, quan hệ, tần suất hay lượng; không cần bài 100 giây mặc định."
about.prep,about,về (chủ đề),A1,todo,707,3,medium,65,80,90,20–35%,35–50%,Cần thêm ngữ cảnh hoặc làm rõ cách dùng trong câu; ưu tiên một tình huống và phản hồi.
and.conj,and,và,A1,todo,708,3,medium,65,80,90,20–35%,35–50%,"Dùng hình hoặc đối chiếu ngắn để làm rõ vị trí, quan hệ, tần suất hay lượng; không cần bài 100 giây mặc định."
or.conj,or,hoặc,A1,todo,709,3,medium,65,80,90,20–35%,35–50%,"Dùng hình hoặc đối chiếu ngắn để làm rõ vị trí, quan hệ, tần suất hay lượng; không cần bài 100 giây mặc định."
but.conj,but,nhưng,A1,todo,710,3,medium,65,80,90,20–35%,35–50%,"Dùng hình hoặc đối chiếu ngắn để làm rõ vị trí, quan hệ, tần suất hay lượng; không cần bài 100 giây mặc định."
so.conj,so,"nên, vì vậy",A1,todo,711,3,medium,65,80,90,20–35%,35–50%,Cần thêm ngữ cảnh hoặc làm rõ cách dùng trong câu; ưu tiên một tình huống và phản hồi.
because.conj,because,bởi vì,A1,todo,712,3,medium,65,80,90,20–35%,35–50%,"Dùng hình hoặc đối chiếu ngắn để làm rõ vị trí, quan hệ, tần suất hay lượng; không cần bài 100 giây mặc định."
before.conj,before,trước khi,A1,todo,713,3,medium,65,80,90,20–35%,35–50%,"Dùng hình hoặc đối chiếu ngắn để làm rõ vị trí, quan hệ, tần suất hay lượng; không cần bài 100 giây mặc định."
after.conj,after,sau khi,A1,todo,714,3,medium,65,80,90,20–35%,35–50%,"Dùng hình hoặc đối chiếu ngắn để làm rõ vị trí, quan hệ, tần suất hay lượng; không cần bài 100 giây mặc định."
myself.pron,myself,chính tôi,A1,todo,715,3,medium,65,80,90,20–35%,35–50%,Cần thêm ngữ cảnh hoặc làm rõ cách dùng trong câu; ưu tiên một tình huống và phản hồi.
yourself.pron,yourself,chính bạn,A1,todo,716,3,medium,65,80,90,20–35%,35–50%,Cần thêm ngữ cảnh hoặc làm rõ cách dùng trong câu; ưu tiên một tình huống và phản hồi.
himself.pron,himself,chính anh ấy,A1,todo,717,3,medium,65,80,90,20–35%,35–50%,Cần thêm ngữ cảnh hoặc làm rõ cách dùng trong câu; ưu tiên một tình huống và phản hồi.
herself.pron,herself,chính cô ấy,A1,todo,718,3,medium,65,80,90,20–35%,35–50%,Cần thêm ngữ cảnh hoặc làm rõ cách dùng trong câu; ưu tiên một tình huống và phản hồi.
itself.pron,itself,chính nó,A1,todo,719,3,medium,65,80,90,20–35%,35–50%,Cần thêm ngữ cảnh hoặc làm rõ cách dùng trong câu; ưu tiên một tình huống và phản hồi.
ourselves.pron,ourselves,chính chúng tôi,A1,todo,720,3,medium,65,80,90,20–35%,35–50%,Cần thêm ngữ cảnh hoặc làm rõ cách dùng trong câu; ưu tiên một tình huống và phản hồi.
themselves.pron,themselves,chính họ,A1,todo,721,3,medium,65,80,90,20–35%,35–50%,Cần thêm ngữ cảnh hoặc làm rõ cách dùng trong câu; ưu tiên một tình huống và phản hồi.
someone.pron,someone,ai đó,A1,todo,722,3,medium,65,80,90,20–35%,35–50%,Cần thêm ngữ cảnh hoặc làm rõ cách dùng trong câu; ưu tiên một tình huống và phản hồi.
anyone.pron,anyone,bất kỳ ai,A1,todo,723,3,medium,65,80,90,20–35%,35–50%,Cần thêm ngữ cảnh hoặc làm rõ cách dùng trong câu; ưu tiên một tình huống và phản hồi.
everyone.pron,everyone,mọi người,A1,todo,724,3,medium,65,80,90,20–35%,35–50%,Cần thêm ngữ cảnh hoặc làm rõ cách dùng trong câu; ưu tiên một tình huống và phản hồi.
no one.pron,no one,không ai,A1,todo,725,3,medium,65,80,90,20–35%,35–50%,Cần thêm ngữ cảnh hoặc làm rõ cách dùng trong câu; ưu tiên một tình huống và phản hồi.
something.pron,something,thứ gì đó,A1,todo,726,3,medium,65,80,90,20–35%,35–50%,Cần thêm ngữ cảnh hoặc làm rõ cách dùng trong câu; ưu tiên một tình huống và phản hồi.
anything.pron,anything,bất cứ thứ gì,A1,todo,727,3,medium,65,80,90,20–35%,35–50%,Cần thêm ngữ cảnh hoặc làm rõ cách dùng trong câu; ưu tiên một tình huống và phản hồi.
everything.pron,everything,mọi thứ,A1,todo,728,3,medium,65,80,90,20–35%,35–50%,Cần thêm ngữ cảnh hoặc làm rõ cách dùng trong câu; ưu tiên một tình huống và phản hồi.
nothing.pron,nothing,không có gì,A1,todo,729,3,medium,65,80,90,20–35%,35–50%,Cần thêm ngữ cảnh hoặc làm rõ cách dùng trong câu; ưu tiên một tình huống và phản hồi.
somewhere.pron,somewhere,nơi nào đó,A1,todo,730,3,medium,65,80,90,20–35%,35–50%,Cần thêm ngữ cảnh hoặc làm rõ cách dùng trong câu; ưu tiên một tình huống và phản hồi.
anywhere.pron,anywhere,bất cứ đâu,A1,todo,731,3,medium,65,80,90,20–35%,35–50%,Cần thêm ngữ cảnh hoặc làm rõ cách dùng trong câu; ưu tiên một tình huống và phản hồi.
everywhere.pron,everywhere,khắp mọi nơi,A1,todo,732,3,medium,65,80,90,20–35%,35–50%,Cần thêm ngữ cảnh hoặc làm rõ cách dùng trong câu; ưu tiên một tình huống và phản hồi.
both.pron,both,cả hai,A1,todo,733,3,medium,65,80,90,20–35%,35–50%,Cần thêm ngữ cảnh hoặc làm rõ cách dùng trong câu; ưu tiên một tình huống và phản hồi.
this.det,this,cái này,A1,todo,734,3,medium,65,80,90,20–35%,35–50%,"Dùng hình hoặc đối chiếu ngắn để làm rõ vị trí, quan hệ, tần suất hay lượng; không cần bài 100 giây mặc định."
that.det,that,cái đó,A1,todo,735,3,medium,65,80,90,20–35%,35–50%,"Dùng hình hoặc đối chiếu ngắn để làm rõ vị trí, quan hệ, tần suất hay lượng; không cần bài 100 giây mặc định."
these.det,these,những cái này,A1,todo,736,3,medium,65,80,90,20–35%,35–50%,"Dùng hình hoặc đối chiếu ngắn để làm rõ vị trí, quan hệ, tần suất hay lượng; không cần bài 100 giây mặc định."
those.det,those,những cái đó,A1,todo,737,3,medium,65,80,90,20–35%,35–50%,"Dùng hình hoặc đối chiếu ngắn để làm rõ vị trí, quan hệ, tần suất hay lượng; không cần bài 100 giây mặc định."
all.det,all,tất cả,A1,todo,738,3,medium,65,80,90,20–35%,35–50%,"Dùng hình hoặc đối chiếu ngắn để làm rõ vị trí, quan hệ, tần suất hay lượng; không cần bài 100 giây mặc định."
no.det,no,không có (phủ định danh từ),A1,todo,739,3,medium,65,80,90,20–35%,35–50%,"Dùng hình hoặc đối chiếu ngắn để làm rõ vị trí, quan hệ, tần suất hay lượng; không cần bài 100 giây mặc định."
very.adv,very,rất,A1,todo,740,3,medium,65,80,90,20–35%,35–50%,Cần thêm ngữ cảnh hoặc làm rõ cách dùng trong câu; ưu tiên một tình huống và phản hồi.
just.adv,just,"chỉ, vừa mới",A1,todo,741,3,medium,65,80,90,20–35%,35–50%,Cần thêm ngữ cảnh hoặc làm rõ cách dùng trong câu; ưu tiên một tình huống và phản hồi.
only.adv,only,chỉ,A1,todo,742,3,medium,65,80,90,20–35%,35–50%,Cần thêm ngữ cảnh hoặc làm rõ cách dùng trong câu; ưu tiên một tình huống và phản hồi.
really.adv,really,thực sự,A1,todo,743,3,medium,65,80,90,20–35%,35–50%,Cần thêm ngữ cảnh hoặc làm rõ cách dùng trong câu; ưu tiên một tình huống và phản hồi.
get on.phr.board-vehicle,get on,"lên xe buýt, lên tàu",A1,todo,744,3,medium,65,80,90,20–35%,35–50%,Cần thêm ngữ cảnh hoặc làm rõ cách dùng trong câu; ưu tiên một tình huống và phản hồi.
get off.phr.alight,get off,"xuống xe buýt, xuống tàu",A1,todo,745,3,medium,65,80,90,20–35%,35–50%,Cần thêm ngữ cảnh hoặc làm rõ cách dùng trong câu; ưu tiên một tình huống và phản hồi.
get in.phr.enter,get in,"vào bên trong (nhà, xe)",A1,todo,746,3,medium,65,80,90,20–35%,35–50%,Cần thêm ngữ cảnh hoặc làm rõ cách dùng trong câu; ưu tiên một tình huống và phản hồi.
get out.phr.exit,get out,"ra ngoài, thoát ra",A1,todo,747,3,medium,65,80,90,20–35%,35–50%,Cần thêm ngữ cảnh hoặc làm rõ cách dùng trong câu; ưu tiên một tình huống và phản hồi.
get back.phr.return,get back,trở về,A1,todo,748,3,medium,65,80,90,20–35%,35–50%,Cần thêm ngữ cảnh hoặc làm rõ cách dùng trong câu; ưu tiên một tình huống và phản hồi.
put down.phr.place,put down,đặt xuống,A1,todo,749,3,medium,65,80,90,20–35%,35–50%,"Nghĩa hành động cụ thể; thêm câu dùng tự nhiên và luyện ngắn, không kéo dài theo các nghĩa khác của cùng từ."
take out.phr.remove-item,take out,lấy ra,A1,todo,750,3,medium,65,80,90,20–35%,35–50%,Cần thêm ngữ cảnh hoặc làm rõ cách dùng trong câu; ưu tiên một tình huống và phản hồi.
pick up.phr.lift-object,pick up,"nhặt lên, cầm lên",A1,todo,751,3,medium,65,80,90,20–35%,35–50%,Cần thêm ngữ cảnh hoặc làm rõ cách dùng trong câu; ưu tiên một tình huống và phản hồi.
come back.phr.return,come back,quay trở lại,A1,todo,752,3,medium,65,80,90,20–35%,35–50%,Cần thêm ngữ cảnh hoặc làm rõ cách dùng trong câu; ưu tiên một tình huống và phản hồi.
come in.phr.enter-casual,come in,đi vào trong,A1,todo,753,3,medium,65,80,90,20–35%,35–50%,Cần thêm ngữ cảnh hoặc làm rõ cách dùng trong câu; ưu tiên một tình huống và phản hồi.
go out.phr.socialize,go out,"ra ngoài chơi, giải trí",A1,todo,754,3,medium,65,80,90,20–35%,35–50%,Cần thêm ngữ cảnh hoặc làm rõ cách dùng trong câu; ưu tiên một tình huống và phản hồi.
go back.phr.return,go back,quay trở lại,A1,todo,755,3,medium,65,80,90,20–35%,35–50%,Cần thêm ngữ cảnh hoặc làm rõ cách dùng trong câu; ưu tiên một tình huống và phản hồi.
turn on.phr.switch-on,turn on,bật (thiết bị),A1,todo,756,3,medium,65,80,90,20–35%,35–50%,Cần thêm ngữ cảnh hoặc làm rõ cách dùng trong câu; ưu tiên một tình huống và phản hồi.
look for.phr.search,look for,tìm kiếm,A1,todo,757,3,medium,65,80,90,20–35%,35–50%,Cần thêm ngữ cảnh hoặc làm rõ cách dùng trong câu; ưu tiên một tình huống và phản hồi.
look like.phr.resemble,look like,trông giống như,A1,todo,758,3,medium,65,80,90,20–35%,35–50%,Cần thêm ngữ cảnh hoặc làm rõ cách dùng trong câu; ưu tiên một tình huống và phản hồi.
switch on.phr.power-on,switch on,bật (thiết bị),A1,todo,759,3,medium,65,80,90,20–35%,35–50%,Cần thêm ngữ cảnh hoặc làm rõ cách dùng trong câu; ưu tiên một tình huống và phản hồi.
write down.phr.note-down,write down,ghi lại,A1,todo,760,3,medium,65,80,90,20–35%,35–50%,Cần thêm ngữ cảnh hoặc làm rõ cách dùng trong câu; ưu tiên một tình huống và phản hồi.
wait for.phr.await,wait for,chờ đợi,A1,todo,761,3,medium,65,80,90,20–35%,35–50%,Cần thêm ngữ cảnh hoặc làm rõ cách dùng trong câu; ưu tiên một tình huống và phản hồi.
tidy up.phr.tidy-room,tidy up,dọn dẹp gọn gàng,A1,todo,762,3,medium,65,80,90,20–35%,35–50%,Cần thêm ngữ cảnh hoặc làm rõ cách dùng trong câu; ưu tiên một tình huống và phản hồi.
hurry up.phr.hurry,hurry up,nhanh lên,A1,todo,763,3,medium,65,80,90,20–35%,35–50%,Cần thêm ngữ cảnh hoặc làm rõ cách dùng trong câu; ưu tiên một tình huống và phản hồi.
agree with.phr.concur,agree with,đồng ý với,A1,todo,764,3,medium,65,80,90,20–35%,35–50%,Cần thêm ngữ cảnh hoặc làm rõ cách dùng trong câu; ưu tiên một tình huống và phản hồi.
worry about.phr.worry,worry about,lo lắng về,A1,todo,765,3,medium,65,80,90,20–35%,35–50%,Cần thêm ngữ cảnh hoặc làm rõ cách dùng trong câu; ưu tiên một tình huống và phản hồi.
say.v,say,nói (điều gì),A1,todo,766,4,long,80,100,110,20–35%,35–50%,Cần một đối chiếu/ngữ cảnh có mục đích và lượt vận dụng có phản hồi; dành thời gian tăng thêm cho người học.
tell.v,tell,"kể, nói cho biết",A1,todo,767,4,long,80,100,110,20–35%,35–50%,Cần một đối chiếu/ngữ cảnh có mục đích và lượt vận dụng có phản hồi; dành thời gian tăng thêm cho người học.
reason.n.cause-basic,reason,lý do,A1,todo,768,4,long,80,100,110,20–35%,35–50%,Cần một đối chiếu/ngữ cảnh có mục đích và lượt vận dụng có phản hồi; dành thời gian tăng thêm cho người học.
chance.n.opportunity,chance,cơ hội,A1,todo,769,4,long,80,100,110,20–35%,35–50%,Cần một đối chiếu/ngữ cảnh có mục đích và lượt vận dụng có phản hồi; dành thời gian tăng thêm cho người học.
do.v.perform,do,làm (việc gì đó),A1,todo,770,4,long,80,100,110,20–35%,35–50%,Cần một đối chiếu/ngữ cảnh có mục đích và lượt vận dụng có phản hồi; dành thời gian tăng thêm cho người học.
make.v.create,make,"làm ra, chế tạo",A1,todo,771,4,long,80,100,110,20–35%,35–50%,Cần một đối chiếu/ngữ cảnh có mục đích và lượt vận dụng có phản hồi; dành thời gian tăng thêm cho người học.
take.v.carry-along,take,"mang theo, đưa đi",A1,todo,772,4,long,80,100,110,20–35%,35–50%,Cần một đối chiếu/ngữ cảnh có mục đích và lượt vận dụng có phản hồi; dành thời gian tăng thêm cho người học.
bring.v.carry-to,bring,mang đến,A1,todo,773,4,long,80,100,110,20–35%,35–50%,Cần một đối chiếu/ngữ cảnh có mục đích và lượt vận dụng có phản hồi; dành thời gian tăng thêm cho người học.
too.adv,too,quá (mức không mong muốn),A1,todo,774,4,long,80,100,110,20–35%,35–50%,Cần một đối chiếu/ngữ cảnh có mục đích và lượt vận dụng có phản hồi; dành thời gian tăng thêm cho người học.
a few.det,a few,một vài,A1,todo,775,5,long,80,100,110,20–35%,35–50%,Cần một đối chiếu/ngữ cảnh có mục đích và lượt vận dụng có phản hồi; dành thời gian tăng thêm cho người học.
a little.det,a little,một chút,A1,todo,776,5,long,80,100,110,20–35%,35–50%,Cần một đối chiếu/ngữ cảnh có mục đích và lượt vận dụng có phản hồi; dành thời gian tăng thêm cho người học.
many.det,many,nhiều (đếm được),A1,todo,777,5,long,80,100,110,20–35%,35–50%,Cần một đối chiếu/ngữ cảnh có mục đích và lượt vận dụng có phản hồi; dành thời gian tăng thêm cho người học.
much.det,much,nhiều (không đếm được),A1,todo,778,5,long,80,100,110,20–35%,35–50%,Cần một đối chiếu/ngữ cảnh có mục đích và lượt vận dụng có phản hồi; dành thời gian tăng thêm cho người học.
enough.det,enough,đủ,A1,todo,779,5,long,80,100,110,20–35%,35–50%,Cần một đối chiếu/ngữ cảnh có mục đích và lượt vận dụng có phản hồi; dành thời gian tăng thêm cho người học.
of.prep,of,của,A1,todo,780,5,long,80,100,110,20–35%,35–50%,Cần một đối chiếu/ngữ cảnh có mục đích và lượt vận dụng có phản hồi; dành thời gian tăng thêm cho người học.
on.prep,on,"trên, vào (ngày)",A1,todo,781,5,long,80,100,110,20–35%,35–50%,Cần một đối chiếu/ngữ cảnh có mục đích và lượt vận dụng có phản hồi; dành thời gian tăng thêm cho người học.
at.prep,at,tại,A1,todo,782,5,long,80,100,110,20–35%,35–50%,Cần một đối chiếu/ngữ cảnh có mục đích và lượt vận dụng có phản hồi; dành thời gian tăng thêm cho người học.
for.prep,for,"cho, vì",A1,todo,783,5,long,80,100,110,20–35%,35–50%,Cần một đối chiếu/ngữ cảnh có mục đích và lượt vận dụng có phản hồi; dành thời gian tăng thêm cho người học.
by.prep,by,"bởi, bằng (phương tiện)",A1,todo,784,5,long,80,100,110,20–35%,35–50%,Cần một đối chiếu/ngữ cảnh có mục đích và lượt vận dụng có phản hồi; dành thời gian tăng thêm cho người học.
if.conj,if,nếu,A1,todo,785,5,long,80,100,110,20–35%,35–50%,Cần một đối chiếu/ngữ cảnh có mục đích và lượt vận dụng có phản hồi; dành thời gian tăng thêm cho người học.
the.det,the,"từ hạn định xác định (cái, con, người đã biết)",A1,todo,786,5,long,80,100,110,20–35%,35–50%,Cần một đối chiếu/ngữ cảnh có mục đích và lượt vận dụng có phản hồi; dành thời gian tăng thêm cho người học.
a.det,a,từ hạn định không xác định (một),A1,todo,787,5,long,80,100,110,20–35%,35–50%,Cần một đối chiếu/ngữ cảnh có mục đích và lượt vận dụng có phản hồi; dành thời gian tăng thêm cho người học.
an.det,an,từ hạn định không xác định trước nguyên âm,A1,todo,788,5,long,80,100,110,20–35%,35–50%,Cần một đối chiếu/ngữ cảnh có mục đích và lượt vận dụng có phản hồi; dành thời gian tăng thêm cho người học.
each.det,each,mỗi,A1,todo,789,5,long,80,100,110,20–35%,35–50%,Cần một đối chiếu/ngữ cảnh có mục đích và lượt vận dụng có phản hồi; dành thời gian tăng thêm cho người học.
every.det,every,mọi,A1,todo,790,5,long,80,100,110,20–35%,35–50%,Cần một đối chiếu/ngữ cảnh có mục đích và lượt vận dụng có phản hồi; dành thời gian tăng thêm cho người học.
some.det,some,một số,A1,todo,791,5,long,80,100,110,20–35%,35–50%,Cần một đối chiếu/ngữ cảnh có mục đích và lượt vận dụng có phản hồi; dành thời gian tăng thêm cho người học.
any.det,any,bất kỳ,A1,todo,792,5,long,80,100,110,20–35%,35–50%,Cần một đối chiếu/ngữ cảnh có mục đích và lượt vận dụng có phản hồi; dành thời gian tăng thêm cho người học.
other.det,other,khác,A1,todo,793,5,long,80,100,110,20–35%,35–50%,Cần một đối chiếu/ngữ cảnh có mục đích và lượt vận dụng có phản hồi; dành thời gian tăng thêm cho người học.
another.det,another,một cái khác,A1,todo,794,5,long,80,100,110,20–35%,35–50%,Cần một đối chiếu/ngữ cảnh có mục đích và lượt vận dụng có phản hồi; dành thời gian tăng thêm cho người học.
alarm.n,alarm,chuông báo thức,A2,todo,795,1,short,50,60,75,50–65%,60–75%,Nghĩa có thể minh họa trực tiếp; một câu mẫu và lượt thực hành ngắn đủ cho mục tiêu ban đầu.
shampoo.n,shampoo,dầu gội,A2,todo,796,1,short,50,60,75,50–65%,60–75%,Nghĩa có thể minh họa trực tiếp; một câu mẫu và lượt thực hành ngắn đủ cho mục tiêu ban đầu.
snack.n,snack,"bữa phụ, đồ ăn vặt",A2,todo,797,1,short,50,60,75,50–65%,60–75%,Nghĩa có thể minh họa trực tiếp; một câu mẫu và lượt thực hành ngắn đủ cho mục tiêu ban đầu.
trash.n,trash,rác,A2,todo,798,1,short,50,60,75,50–65%,60–75%,Nghĩa có thể minh họa trực tiếp; một câu mẫu và lượt thực hành ngắn đủ cho mục tiêu ban đầu.
bin.n,bin,thùng rác,A2,todo,799,1,short,50,60,75,50–65%,60–75%,Nghĩa có thể minh họa trực tiếp; một câu mẫu và lượt thực hành ngắn đủ cho mục tiêu ban đầu.
midnight.n,midnight,nửa đêm,A2,todo,800,1,short,50,60,75,50–65%,60–75%,Nghĩa có thể minh họa trực tiếp; một câu mẫu và lượt thực hành ngắn đủ cho mục tiêu ban đầu.
noon.n,noon,giữa trưa,A2,todo,801,1,short,50,60,75,50–65%,60–75%,Nghĩa có thể minh họa trực tiếp; một câu mẫu và lượt thực hành ngắn đủ cho mục tiêu ban đầu.
weekday.n,weekday,ngày trong tuần,A2,todo,802,1,short,50,60,75,50–65%,60–75%,Nghĩa có thể minh họa trực tiếp; một câu mẫu và lượt thực hành ngắn đủ cho mục tiêu ban đầu.
doorbell.n,doorbell,chuông cửa,A2,todo,803,1,short,50,60,75,50–65%,60–75%,Nghĩa có thể minh họa trực tiếp; một câu mẫu và lượt thực hành ngắn đủ cho mục tiêu ban đầu.
neighbour.n,neighbour,hàng xóm,A2,todo,804,1,short,50,60,75,50–65%,60–75%,Nghĩa có thể minh họa trực tiếp; một câu mẫu và lượt thực hành ngắn đủ cho mục tiêu ban đầu.
tap.n.water,tap,vòi nước,A2,todo,805,1,short,50,60,75,50–65%,60–75%,Nghĩa có thể minh họa trực tiếp; một câu mẫu và lượt thực hành ngắn đủ cho mục tiêu ban đầu.
plug.n,plug,phích cắm điện,A2,todo,806,1,short,50,60,75,50–65%,60–75%,Nghĩa có thể minh họa trực tiếp; một câu mẫu và lượt thực hành ngắn đủ cho mục tiêu ban đầu.
battery.n,battery,pin,A2,todo,807,1,short,50,60,75,50–65%,60–75%,Nghĩa có thể minh họa trực tiếp; một câu mẫu và lượt thực hành ngắn đủ cho mục tiêu ban đầu.
calendar.n,calendar,lịch,A2,todo,808,1,short,50,60,75,50–65%,60–75%,Nghĩa có thể minh họa trực tiếp; một câu mẫu và lượt thực hành ngắn đủ cho mục tiêu ban đầu.
teenager.n,teenager,thiếu niên,A2,todo,809,1,short,50,60,75,50–65%,60–75%,Nghĩa có thể minh họa trực tiếp; một câu mẫu và lượt thực hành ngắn đủ cho mục tiêu ban đầu.
adult.n,adult,người trưởng thành,A2,todo,810,1,short,50,60,75,50–65%,60–75%,Nghĩa có thể minh họa trực tiếp; một câu mẫu và lượt thực hành ngắn đủ cho mục tiêu ban đầu.
twin.n,twin,anh chị em sinh đôi,A2,todo,811,1,short,50,60,75,50–65%,60–75%,Nghĩa có thể minh họa trực tiếp; một câu mẫu và lượt thực hành ngắn đủ cho mục tiêu ban đầu.
grandchild.n,grandchild,cháu nội ngoại,A2,todo,812,1,short,50,60,75,50–65%,60–75%,Nghĩa có thể minh họa trực tiếp; một câu mẫu và lượt thực hành ngắn đủ cho mục tiêu ban đầu.
nephew.n,nephew,cháu trai,A2,todo,813,1,short,50,60,75,50–65%,60–75%,Nghĩa có thể minh họa trực tiếp; một câu mẫu và lượt thực hành ngắn đủ cho mục tiêu ban đầu.
niece.n,niece,cháu gái,A2,todo,814,1,short,50,60,75,50–65%,60–75%,Nghĩa có thể minh họa trực tiếp; một câu mẫu và lượt thực hành ngắn đủ cho mục tiêu ban đầu.
relative.n,relative,người họ hàng,A2,todo,815,1,short,50,60,75,50–65%,60–75%,Nghĩa có thể minh họa trực tiếp; một câu mẫu và lượt thực hành ngắn đủ cho mục tiêu ban đầu.
wedding.n,wedding,đám cưới,A2,todo,816,1,short,50,60,75,50–65%,60–75%,Nghĩa có thể minh họa trực tiếp; một câu mẫu và lượt thực hành ngắn đủ cho mục tiêu ban đầu.
couple.n,couple,cặp đôi,A2,todo,817,1,short,50,60,75,50–65%,60–75%,Nghĩa có thể minh họa trực tiếp; một câu mẫu và lượt thực hành ngắn đủ cho mục tiêu ban đầu.
roommate.n,roommate,bạn cùng phòng,A2,todo,818,1,short,50,60,75,50–65%,60–75%,Nghĩa có thể minh họa trực tiếp; một câu mẫu và lượt thực hành ngắn đủ cho mục tiêu ban đầu.
guest.n,guest,khách,A2,todo,819,1,short,50,60,75,50–65%,60–75%,Nghĩa có thể minh họa trực tiếp; một câu mẫu và lượt thực hành ngắn đủ cho mục tiêu ban đầu.
gift.n,gift,món quà,A2,todo,820,1,short,50,60,75,50–65%,60–75%,Nghĩa có thể minh họa trực tiếp; một câu mẫu và lượt thực hành ngắn đủ cho mục tiêu ban đầu.
birth.n,birth,sự ra đời,A2,todo,821,1,short,50,60,75,50–65%,60–75%,Nghĩa có thể minh họa trực tiếp; một câu mẫu và lượt thực hành ngắn đủ cho mục tiêu ban đầu.
lip.n,lip,môi,A2,todo,822,1,short,50,60,75,50–65%,60–75%,Nghĩa có thể minh họa trực tiếp; một câu mẫu và lượt thực hành ngắn đủ cho mục tiêu ban đầu.
tongue.n,tongue,lưỡi,A2,todo,823,1,short,50,60,75,50–65%,60–75%,Nghĩa có thể minh họa trực tiếp; một câu mẫu và lượt thực hành ngắn đủ cho mục tiêu ban đầu.
shoulder.n,shoulder,vai,A2,todo,824,1,short,50,60,75,50–65%,60–75%,Nghĩa có thể minh họa trực tiếp; một câu mẫu và lượt thực hành ngắn đủ cho mục tiêu ban đầu.
thumb.n,thumb,ngón cái,A2,todo,825,1,short,50,60,75,50–65%,60–75%,Nghĩa có thể minh họa trực tiếp; một câu mẫu và lượt thực hành ngắn đủ cho mục tiêu ban đầu.
nail.n.finger,nail,móng tay,A2,todo,826,1,short,50,60,75,50–65%,60–75%,Nghĩa có thể minh họa trực tiếp; một câu mẫu và lượt thực hành ngắn đủ cho mục tiêu ban đầu.
chest.n,chest,ngực,A2,todo,827,1,short,50,60,75,50–65%,60–75%,Nghĩa có thể minh họa trực tiếp; một câu mẫu và lượt thực hành ngắn đủ cho mục tiêu ban đầu.
stomach.n,stomach,"bụng, dạ dày",A2,todo,828,1,short,50,60,75,50–65%,60–75%,Nghĩa có thể minh họa trực tiếp; một câu mẫu và lượt thực hành ngắn đủ cho mục tiêu ban đầu.
knee.n,knee,đầu gối,A2,todo,829,1,short,50,60,75,50–65%,60–75%,Nghĩa có thể minh họa trực tiếp; một câu mẫu và lượt thực hành ngắn đủ cho mục tiêu ban đầu.
toe.n,toe,ngón chân,A2,todo,830,1,short,50,60,75,50–65%,60–75%,Nghĩa có thể minh họa trực tiếp; một câu mẫu và lượt thực hành ngắn đủ cho mục tiêu ban đầu.
skin.n,skin,da,A2,todo,831,1,short,50,60,75,50–65%,60–75%,Nghĩa có thể minh họa trực tiếp; một câu mẫu và lượt thực hành ngắn đủ cho mục tiêu ban đầu.
bone.n,bone,xương,A2,todo,832,1,short,50,60,75,50–65%,60–75%,Nghĩa có thể minh họa trực tiếp; một câu mẫu và lượt thực hành ngắn đủ cho mục tiêu ban đầu.
blood.n,blood,máu,A2,todo,833,1,short,50,60,75,50–65%,60–75%,Nghĩa có thể minh họa trực tiếp; một câu mẫu và lượt thực hành ngắn đủ cho mục tiêu ban đầu.
brain.n,brain,não,A2,todo,834,1,short,50,60,75,50–65%,60–75%,Nghĩa có thể minh họa trực tiếp; một câu mẫu và lượt thực hành ngắn đủ cho mục tiêu ban đầu.
pain.n,pain,cơn đau,A2,todo,835,1,short,50,60,75,50–65%,60–75%,Nghĩa có thể minh họa trực tiếp; một câu mẫu và lượt thực hành ngắn đủ cho mục tiêu ban đầu.
fever.n,fever,cơn sốt,A2,todo,836,1,short,50,60,75,50–65%,60–75%,Nghĩa có thể minh họa trực tiếp; một câu mẫu và lượt thực hành ngắn đủ cho mục tiêu ban đầu.
flu.n,flu,cúm,A2,todo,837,1,short,50,60,75,50–65%,60–75%,Nghĩa có thể minh họa trực tiếp; một câu mẫu và lượt thực hành ngắn đủ cho mục tiêu ban đầu.
headache.n,headache,đau đầu,A2,todo,838,1,short,50,60,75,50–65%,60–75%,Nghĩa có thể minh họa trực tiếp; một câu mẫu và lượt thực hành ngắn đủ cho mục tiêu ban đầu.
stomachache.n,stomachache,đau bụng,A2,todo,839,1,short,50,60,75,50–65%,60–75%,Nghĩa có thể minh họa trực tiếp; một câu mẫu và lượt thực hành ngắn đủ cho mục tiêu ban đầu.
toothache.n,toothache,đau răng,A2,todo,840,1,short,50,60,75,50–65%,60–75%,Nghĩa có thể minh họa trực tiếp; một câu mẫu và lượt thực hành ngắn đủ cho mục tiêu ban đầu.
diet.n,diet,chế độ ăn,A2,todo,841,1,short,50,60,75,50–65%,60–75%,Nghĩa có thể minh họa trực tiếp; một câu mẫu và lượt thực hành ngắn đủ cho mục tiêu ban đầu.
vitamin.n,vitamin,vitamin,A2,todo,842,1,short,50,60,75,50–65%,60–75%,Nghĩa có thể minh họa trực tiếp; một câu mẫu và lượt thực hành ngắn đủ cho mục tiêu ban đầu.
weight.n,weight,cân nặng,A2,todo,843,1,short,50,60,75,50–65%,60–75%,Nghĩa có thể minh họa trực tiếp; một câu mẫu và lượt thực hành ngắn đủ cho mục tiêu ban đầu.
clinic.n,clinic,phòng khám,A2,todo,844,1,short,50,60,75,50–65%,60–75%,Nghĩa có thể minh họa trực tiếp; một câu mẫu và lượt thực hành ngắn đủ cho mục tiêu ban đầu.
dentist.n,dentist,nha sĩ,A2,todo,845,1,short,50,60,75,50–65%,60–75%,Nghĩa có thể minh họa trực tiếp; một câu mẫu và lượt thực hành ngắn đủ cho mục tiêu ban đầu.
patient.n.sick-person,patient,bệnh nhân,A2,todo,846,1,short,50,60,75,50–65%,60–75%,Nghĩa có thể minh họa trực tiếp; một câu mẫu và lượt thực hành ngắn đủ cho mục tiêu ban đầu.
pharmacy.n,pharmacy,hiệu thuốc,A2,todo,847,1,short,50,60,75,50–65%,60–75%,Nghĩa có thể minh họa trực tiếp; một câu mẫu và lượt thực hành ngắn đủ cho mục tiêu ban đầu.
pill.n,pill,viên thuốc,A2,todo,848,1,short,50,60,75,50–65%,60–75%,Nghĩa có thể minh họa trực tiếp; một câu mẫu và lượt thực hành ngắn đủ cho mục tiêu ban đầu.
ambulance.n,ambulance,xe cứu thương,A2,todo,849,1,short,50,60,75,50–65%,60–75%,Nghĩa có thể minh họa trực tiếp; một câu mẫu và lượt thực hành ngắn đủ cho mục tiêu ban đầu.
result.n.outcome,result,kết quả,A2,todo,850,1,short,50,60,75,50–65%,60–75%,Nghĩa có thể minh họa trực tiếp; một câu mẫu và lượt thực hành ngắn đủ cho mục tiêu ban đầu.
bill.n,bill,hoá đơn viện phí,A2,todo,851,1,short,50,60,75,50–65%,60–75%,Nghĩa có thể minh họa trực tiếp; một câu mẫu và lượt thực hành ngắn đủ cho mục tiêu ban đầu.
temperature.n.body,temperature,thân nhiệt,A2,todo,852,1,short,50,60,75,50–65%,60–75%,Nghĩa có thể minh họa trực tiếp; một câu mẫu và lượt thực hành ngắn đủ cho mục tiêu ban đầu.
mask.n,mask,khẩu trang,A2,todo,853,1,short,50,60,75,50–65%,60–75%,Nghĩa có thể minh họa trực tiếp; một câu mẫu và lượt thực hành ngắn đủ cho mục tiêu ban đầu.
glove.n,glove,găng tay,A2,todo,854,1,short,50,60,75,50–65%,60–75%,Nghĩa có thể minh họa trực tiếp; một câu mẫu và lượt thực hành ngắn đủ cho mục tiêu ban đầu.
shrimp.n,shrimp,tôm,A2,todo,855,1,short,50,60,75,50–65%,60–75%,Nghĩa có thể minh họa trực tiếp; một câu mẫu và lượt thực hành ngắn đủ cho mục tiêu ban đầu.
crab.n,crab,cua,A2,todo,856,1,short,50,60,75,50–65%,60–75%,Nghĩa có thể minh họa trực tiếp; một câu mẫu và lượt thực hành ngắn đủ cho mục tiêu ban đầu.
seafood.n,seafood,hải sản,A2,todo,857,1,short,50,60,75,50–65%,60–75%,Nghĩa có thể minh họa trực tiếp; một câu mẫu và lượt thực hành ngắn đủ cho mục tiêu ban đầu.
grape.n,grape,quả nho,A2,todo,858,1,short,50,60,75,50–65%,60–75%,Nghĩa có thể minh họa trực tiếp; một câu mẫu và lượt thực hành ngắn đủ cho mục tiêu ban đầu.
watermelon.n,watermelon,dưa hấu,A2,todo,859,1,short,50,60,75,50–65%,60–75%,Nghĩa có thể minh họa trực tiếp; một câu mẫu và lượt thực hành ngắn đủ cho mục tiêu ban đầu.
pineapple.n,pineapple,quả dứa,A2,todo,860,1,short,50,60,75,50–65%,60–75%,Nghĩa có thể minh họa trực tiếp; một câu mẫu và lượt thực hành ngắn đủ cho mục tiêu ban đầu.
strawberry.n,strawberry,quả dâu tây,A2,todo,861,1,short,50,60,75,50–65%,60–75%,Nghĩa có thể minh họa trực tiếp; một câu mẫu và lượt thực hành ngắn đủ cho mục tiêu ban đầu.
lemon.n,lemon,quả chanh vàng,A2,todo,862,1,short,50,60,75,50–65%,60–75%,Nghĩa có thể minh họa trực tiếp; một câu mẫu và lượt thực hành ngắn đủ cho mục tiêu ban đầu.
coconut.n,coconut,quả dừa,A2,todo,863,1,short,50,60,75,50–65%,60–75%,Nghĩa có thể minh họa trực tiếp; một câu mẫu và lượt thực hành ngắn đủ cho mục tiêu ban đầu.
onion.n,onion,hành tây,A2,todo,864,1,short,50,60,75,50–65%,60–75%,Nghĩa có thể minh họa trực tiếp; một câu mẫu và lượt thực hành ngắn đủ cho mục tiêu ban đầu.
garlic.n,garlic,tỏi,A2,todo,865,1,short,50,60,75,50–65%,60–75%,Nghĩa có thể minh họa trực tiếp; một câu mẫu và lượt thực hành ngắn đủ cho mục tiêu ban đầu.
chilli.n,chilli,ớt,A2,todo,866,1,short,50,60,75,50–65%,60–75%,Nghĩa có thể minh họa trực tiếp; một câu mẫu và lượt thực hành ngắn đủ cho mục tiêu ban đầu.
cabbage.n,cabbage,bắp cải,A2,todo,867,1,short,50,60,75,50–65%,60–75%,Nghĩa có thể minh họa trực tiếp; một câu mẫu và lượt thực hành ngắn đủ cho mục tiêu ban đầu.
lettuce.n,lettuce,xà lách,A2,todo,868,1,short,50,60,75,50–65%,60–75%,Nghĩa có thể minh họa trực tiếp; một câu mẫu và lượt thực hành ngắn đủ cho mục tiêu ban đầu.
mushroom.n,mushroom,nấm,A2,todo,869,1,short,50,60,75,50–65%,60–75%,Nghĩa có thể minh họa trực tiếp; một câu mẫu và lượt thực hành ngắn đủ cho mục tiêu ban đầu.
bean.n,bean,đậu,A2,todo,870,1,short,50,60,75,50–65%,60–75%,Nghĩa có thể minh họa trực tiếp; một câu mẫu và lượt thực hành ngắn đủ cho mục tiêu ban đầu.
corn.n,corn,ngô,A2,todo,871,1,short,50,60,75,50–65%,60–75%,Nghĩa có thể minh họa trực tiếp; một câu mẫu và lượt thực hành ngắn đủ cho mục tiêu ban đầu.
yogurt.n,yogurt,sữa chua,A2,todo,872,1,short,50,60,75,50–65%,60–75%,Nghĩa có thể minh họa trực tiếp; một câu mẫu và lượt thực hành ngắn đủ cho mục tiêu ban đầu.
cream.n,cream,kem béo,A2,todo,873,1,short,50,60,75,50–65%,60–75%,Nghĩa có thể minh họa trực tiếp; một câu mẫu và lượt thực hành ngắn đủ cho mục tiêu ban đầu.
pepper.n,pepper,hạt tiêu,A2,todo,874,1,short,50,60,75,50–65%,60–75%,Nghĩa có thể minh họa trực tiếp; một câu mẫu và lượt thực hành ngắn đủ cho mục tiêu ban đầu.
sauce.n,sauce,nước sốt,A2,todo,875,1,short,50,60,75,50–65%,60–75%,Nghĩa có thể minh họa trực tiếp; một câu mẫu và lượt thực hành ngắn đủ cho mục tiêu ban đầu.
oil.n.cooking,oil,dầu ăn,A2,todo,876,1,short,50,60,75,50–65%,60–75%,Nghĩa có thể minh họa trực tiếp; một câu mẫu và lượt thực hành ngắn đủ cho mục tiêu ban đầu.
honey.n,honey,mật ong,A2,todo,877,1,short,50,60,75,50–65%,60–75%,Nghĩa có thể minh họa trực tiếp; một câu mẫu và lượt thực hành ngắn đủ cho mục tiêu ban đầu.
jam.n.food,jam,mứt,A2,todo,878,1,short,50,60,75,50–65%,60–75%,Nghĩa có thể minh họa trực tiếp; một câu mẫu và lượt thực hành ngắn đủ cho mục tiêu ban đầu.
dessert.n,dessert,món tráng miệng,A2,todo,879,1,short,50,60,75,50–65%,60–75%,Nghĩa có thể minh họa trực tiếp; một câu mẫu và lượt thực hành ngắn đủ cho mục tiêu ban đầu.
soda.n,soda,nước ngọt có ga,A2,todo,880,1,short,50,60,75,50–65%,60–75%,Nghĩa có thể minh họa trực tiếp; một câu mẫu và lượt thực hành ngắn đủ cho mục tiêu ban đầu.
wine.n,wine,rượu vang,A2,todo,881,1,short,50,60,75,50–65%,60–75%,Nghĩa có thể minh họa trực tiếp; một câu mẫu và lượt thực hành ngắn đủ cho mục tiêu ban đầu.
straw.n,straw,ống hút,A2,todo,882,1,short,50,60,75,50–65%,60–75%,Nghĩa có thể minh họa trực tiếp; một câu mẫu và lượt thực hành ngắn đủ cho mục tiêu ban đầu.
bill.n.restaurant,bill,hoá đơn thanh toán,A2,todo,883,1,short,50,60,75,50–65%,60–75%,Nghĩa có thể minh họa trực tiếp; một câu mẫu và lượt thực hành ngắn đủ cho mục tiêu ban đầu.
taste.n,taste,vị,A2,todo,884,1,short,50,60,75,50–65%,60–75%,Nghĩa có thể minh họa trực tiếp; một câu mẫu và lượt thực hành ngắn đủ cho mục tiêu ban đầu.
vegetarian.n,vegetarian,người ăn chay,A2,todo,885,1,short,50,60,75,50–65%,60–75%,Nghĩa có thể minh họa trực tiếp; một câu mẫu và lượt thực hành ngắn đủ cho mục tiêu ban đầu.
steak.n,steak,miếng bít tết,A2,todo,886,1,short,50,60,75,50–65%,60–75%,Nghĩa có thể minh họa trực tiếp; một câu mẫu và lượt thực hành ngắn đủ cho mục tiêu ban đầu.
bacon.n,bacon,thịt xông khói,A2,todo,887,1,short,50,60,75,50–65%,60–75%,Nghĩa có thể minh họa trực tiếp; một câu mẫu và lượt thực hành ngắn đủ cho mục tiêu ban đầu.
sausage.n,sausage,xúc xích,A2,todo,888,1,short,50,60,75,50–65%,60–75%,Nghĩa có thể minh họa trực tiếp; một câu mẫu và lượt thực hành ngắn đủ cho mục tiêu ban đầu.
ham.n,ham,giăm bông,A2,todo,889,1,short,50,60,75,50–65%,60–75%,Nghĩa có thể minh họa trực tiếp; một câu mẫu và lượt thực hành ngắn đủ cho mục tiêu ban đầu.
tofu.n,tofu,đậu phụ,A2,todo,890,1,short,50,60,75,50–65%,60–75%,Nghĩa có thể minh họa trực tiếp; một câu mẫu và lượt thực hành ngắn đủ cho mục tiêu ban đầu.
peanut.n,peanut,hạt lạc,A2,todo,891,1,short,50,60,75,50–65%,60–75%,Nghĩa có thể minh họa trực tiếp; một câu mẫu và lượt thực hành ngắn đủ cho mục tiêu ban đầu.
cereal.n,cereal,ngũ cốc ăn sáng,A2,todo,892,1,short,50,60,75,50–65%,60–75%,Nghĩa có thể minh họa trực tiếp; một câu mẫu và lượt thực hành ngắn đủ cho mục tiêu ban đầu.
pancake.n,pancake,bánh kếp,A2,todo,893,1,short,50,60,75,50–65%,60–75%,Nghĩa có thể minh họa trực tiếp; một câu mẫu và lượt thực hành ngắn đủ cho mục tiêu ban đầu.
jelly.n,jelly,thạch,A2,todo,894,1,short,50,60,75,50–65%,60–75%,Nghĩa có thể minh họa trực tiếp; một câu mẫu và lượt thực hành ngắn đủ cho mục tiêu ban đầu.
toast.n.bread,toast,bánh mì nướng,A2,todo,895,1,short,50,60,75,50–65%,60–75%,Nghĩa có thể minh họa trực tiếp; một câu mẫu và lượt thực hành ngắn đủ cho mục tiêu ban đầu.
stove.n,stove,bếp nấu,A2,todo,896,1,short,50,60,75,50–65%,60–75%,Nghĩa có thể minh họa trực tiếp; một câu mẫu và lượt thực hành ngắn đủ cho mục tiêu ban đầu.
oven.n,oven,lò nướng,A2,todo,897,1,short,50,60,75,50–65%,60–75%,Nghĩa có thể minh họa trực tiếp; một câu mẫu và lượt thực hành ngắn đủ cho mục tiêu ban đầu.
microwave.n,microwave,lò vi sóng,A2,todo,898,1,short,50,60,75,50–65%,60–75%,Nghĩa có thể minh họa trực tiếp; một câu mẫu và lượt thực hành ngắn đủ cho mục tiêu ban đầu.
freezer.n,freezer,ngăn đá,A2,todo,899,1,short,50,60,75,50–65%,60–75%,Nghĩa có thể minh họa trực tiếp; một câu mẫu và lượt thực hành ngắn đủ cho mục tiêu ban đầu.
sink.n,sink,bồn rửa,A2,todo,900,1,short,50,60,75,50–65%,60–75%,Nghĩa có thể minh họa trực tiếp; một câu mẫu và lượt thực hành ngắn đủ cho mục tiêu ban đầu.
cupboard.n,cupboard,tủ chén,A2,todo,901,1,short,50,60,75,50–65%,60–75%,Nghĩa có thể minh họa trực tiếp; một câu mẫu và lượt thực hành ngắn đủ cho mục tiêu ban đầu.
shelf.n,shelf,kệ,A2,todo,902,1,short,50,60,75,50–65%,60–75%,Nghĩa có thể minh họa trực tiếp; một câu mẫu và lượt thực hành ngắn đủ cho mục tiêu ban đầu.
drawer.n,drawer,ngăn kéo,A2,todo,903,1,short,50,60,75,50–65%,60–75%,Nghĩa có thể minh họa trực tiếp; một câu mẫu và lượt thực hành ngắn đủ cho mục tiêu ban đầu.
kettle.n,kettle,ấm đun nước,A2,todo,904,1,short,50,60,75,50–65%,60–75%,Nghĩa có thể minh họa trực tiếp; một câu mẫu và lượt thực hành ngắn đủ cho mục tiêu ban đầu.
dish.n,dish,món ăn hoặc đĩa đựng,A2,todo,905,1,short,50,60,75,50–65%,60–75%,Nghĩa có thể minh họa trực tiếp; một câu mẫu và lượt thực hành ngắn đủ cho mục tiêu ban đầu.
mug.n,mug,cốc có quai,A2,todo,906,1,short,50,60,75,50–65%,60–75%,Nghĩa có thể minh họa trực tiếp; một câu mẫu và lượt thực hành ngắn đủ cho mục tiêu ban đầu.
can.n.container,can,"lon, hộp thiếc",A2,todo,907,1,short,50,60,75,50–65%,60–75%,Nghĩa có thể minh họa trực tiếp; một câu mẫu và lượt thực hành ngắn đủ cho mục tiêu ban đầu.
napkin.n,napkin,khăn ăn,A2,todo,908,1,short,50,60,75,50–65%,60–75%,Nghĩa có thể minh họa trực tiếp; một câu mẫu và lượt thực hành ngắn đủ cho mục tiêu ban đầu.
recipe.n,recipe,công thức nấu,A2,todo,909,1,short,50,60,75,50–65%,60–75%,Nghĩa có thể minh họa trực tiếp; một câu mẫu và lượt thực hành ngắn đủ cho mục tiêu ban đầu.
instruction.n,instruction,hướng dẫn từng bước,A2,todo,910,1,short,50,60,75,50–65%,60–75%,Nghĩa có thể minh họa trực tiếp; một câu mẫu và lượt thực hành ngắn đủ cho mục tiêu ban đầu.
heat.n,heat,độ nóng của bếp,A2,todo,911,1,short,50,60,75,50–65%,60–75%,Nghĩa có thể minh họa trực tiếp; một câu mẫu và lượt thực hành ngắn đủ cho mục tiêu ban đầu.
smoke.n,smoke,khói,A2,todo,912,1,short,50,60,75,50–65%,60–75%,Nghĩa có thể minh họa trực tiếp; một câu mẫu và lượt thực hành ngắn đủ cho mục tiêu ban đầu.
smell.n,smell,mùi,A2,todo,913,1,short,50,60,75,50–65%,60–75%,Nghĩa có thể minh họa trực tiếp; một câu mẫu và lượt thực hành ngắn đủ cho mục tiêu ban đầu.
teaspoon.n,teaspoon,thìa cà phê,A2,todo,914,1,short,50,60,75,50–65%,60–75%,Nghĩa có thể minh họa trực tiếp; một câu mẫu và lượt thực hành ngắn đủ cho mục tiêu ban đầu.
tablespoon.n,tablespoon,thìa canh,A2,todo,915,1,short,50,60,75,50–65%,60–75%,Nghĩa có thể minh họa trực tiếp; một câu mẫu và lượt thực hành ngắn đủ cho mục tiêu ban đầu.
flat.n,flat,căn hộ,A2,todo,916,1,short,50,60,75,50–65%,60–75%,Nghĩa có thể minh họa trực tiếp; một câu mẫu và lượt thực hành ngắn đủ cho mục tiêu ban đầu.
garage.n,garage,nhà để xe,A2,todo,917,1,short,50,60,75,50–65%,60–75%,Nghĩa có thể minh họa trực tiếp; một câu mẫu và lượt thực hành ngắn đủ cho mục tiêu ban đầu.
balcony.n,balcony,ban công,A2,todo,918,1,short,50,60,75,50–65%,60–75%,Nghĩa có thể minh họa trực tiếp; một câu mẫu và lượt thực hành ngắn đủ cho mục tiêu ban đầu.
yard.n,yard,sân,A2,todo,919,1,short,50,60,75,50–65%,60–75%,Nghĩa có thể minh họa trực tiếp; một câu mẫu và lượt thực hành ngắn đủ cho mục tiêu ban đầu.
gate.n,gate,cổng,A2,todo,920,1,short,50,60,75,50–65%,60–75%,Nghĩa có thể minh họa trực tiếp; một câu mẫu và lượt thực hành ngắn đủ cho mục tiêu ban đầu.
curtain.n.home,curtain,rèm cửa,A2,todo,921,1,short,50,60,75,50–65%,60–75%,Nghĩa có thể minh họa trực tiếp; một câu mẫu và lượt thực hành ngắn đủ cho mục tiêu ban đầu.
ceiling.n,ceiling,trần nhà,A2,todo,922,1,short,50,60,75,50–65%,60–75%,Nghĩa có thể minh họa trực tiếp; một câu mẫu và lượt thực hành ngắn đủ cho mục tiêu ban đầu.
roof.n,roof,mái nhà,A2,todo,923,1,short,50,60,75,50–65%,60–75%,Nghĩa có thể minh họa trực tiếp; một câu mẫu và lượt thực hành ngắn đủ cho mục tiêu ban đầu.
stairs.n,stairs,cầu thang,A2,todo,924,1,short,50,60,75,50–65%,60–75%,Nghĩa có thể minh họa trực tiếp; một câu mẫu và lượt thực hành ngắn đủ cho mục tiêu ban đầu.
lift.n,lift,thang máy,A2,todo,925,1,short,50,60,75,50–65%,60–75%,Nghĩa có thể minh họa trực tiếp; một câu mẫu và lượt thực hành ngắn đủ cho mục tiêu ban đầu.
entrance.n,entrance,lối vào,A2,todo,926,1,short,50,60,75,50–65%,60–75%,Nghĩa có thể minh họa trực tiếp; một câu mẫu và lượt thực hành ngắn đủ cho mục tiêu ban đầu.
exit.n,exit,lối ra,A2,todo,927,1,short,50,60,75,50–65%,60–75%,Nghĩa có thể minh họa trực tiếp; một câu mẫu và lượt thực hành ngắn đủ cho mục tiêu ban đầu.
furniture.n,furniture,đồ nội thất,A2,todo,928,1,short,50,60,75,50–65%,60–75%,Nghĩa có thể minh họa trực tiếp; một câu mẫu và lượt thực hành ngắn đủ cho mục tiêu ban đầu.
blanket.n,blanket,chăn,A2,todo,929,1,short,50,60,75,50–65%,60–75%,Nghĩa có thể minh họa trực tiếp; một câu mẫu và lượt thực hành ngắn đủ cho mục tiêu ban đầu.
sheet.n,sheet,ga trải giường,A2,todo,930,1,short,50,60,75,50–65%,60–75%,Nghĩa có thể minh họa trực tiếp; một câu mẫu và lượt thực hành ngắn đủ cho mục tiêu ban đầu.
wardrobe.n,wardrobe,tủ quần áo,A2,todo,931,1,short,50,60,75,50–65%,60–75%,Nghĩa có thể minh họa trực tiếp; một câu mẫu và lượt thực hành ngắn đủ cho mục tiêu ban đầu.
bookshelf.n,bookshelf,giá sách,A2,todo,932,1,short,50,60,75,50–65%,60–75%,Nghĩa có thể minh họa trực tiếp; một câu mẫu và lượt thực hành ngắn đủ cho mục tiêu ban đầu.
carpet.n,carpet,thảm trải sàn,A2,todo,933,1,short,50,60,75,50–65%,60–75%,Nghĩa có thể minh họa trực tiếp; một câu mẫu và lượt thực hành ngắn đủ cho mục tiêu ban đầu.
iron.n.appliance,iron,bàn là,A2,todo,934,1,short,50,60,75,50–65%,60–75%,Nghĩa có thể minh họa trực tiếp; một câu mẫu và lượt thực hành ngắn đủ cho mục tiêu ban đầu.
bill.n.utility,bill,hoá đơn điện nước,A2,todo,935,1,short,50,60,75,50–65%,60–75%,Nghĩa có thể minh họa trực tiếp; một câu mẫu và lượt thực hành ngắn đủ cho mục tiêu ban đầu.
wood.n,wood,gỗ,A2,todo,936,1,short,50,60,75,50–65%,60–75%,Nghĩa có thể minh họa trực tiếp; một câu mẫu và lượt thực hành ngắn đủ cho mục tiêu ban đầu.
neighbour.n.next-door,neighbour,người sống sát vách,A2,todo,937,1,short,50,60,75,50–65%,60–75%,Nghĩa có thể minh họa trực tiếp; một câu mẫu và lượt thực hành ngắn đủ cho mục tiêu ban đầu.
jumper.n,jumper,áo chui đầu,A2,todo,938,1,short,50,60,75,50–65%,60–75%,Nghĩa có thể minh họa trực tiếp; một câu mẫu và lượt thực hành ngắn đủ cho mục tiêu ban đầu.
hoodie.n,hoodie,áo trùm đầu,A2,todo,939,1,short,50,60,75,50–65%,60–75%,Nghĩa có thể minh họa trực tiếp; một câu mẫu và lượt thực hành ngắn đủ cho mục tiêu ban đầu.
raincoat.n,raincoat,áo mưa,A2,todo,940,1,short,50,60,75,50–65%,60–75%,Nghĩa có thể minh họa trực tiếp; một câu mẫu và lượt thực hành ngắn đủ cho mục tiêu ban đầu.
suit.n,suit,bộ com lê,A2,todo,941,1,short,50,60,75,50–65%,60–75%,Nghĩa có thể minh họa trực tiếp; một câu mẫu và lượt thực hành ngắn đủ cho mục tiêu ban đầu.
uniform.n,uniform,đồng phục,A2,todo,942,1,short,50,60,75,50–65%,60–75%,Nghĩa có thể minh họa trực tiếp; một câu mẫu và lượt thực hành ngắn đủ cho mục tiêu ban đầu.
underwear.n,underwear,đồ lót,A2,todo,943,1,short,50,60,75,50–65%,60–75%,Nghĩa có thể minh họa trực tiếp; một câu mẫu và lượt thực hành ngắn đủ cho mục tiêu ban đầu.
boot.n,boot,"ủng, bốt",A2,todo,944,1,short,50,60,75,50–65%,60–75%,Nghĩa có thể minh họa trực tiếp; một câu mẫu và lượt thực hành ngắn đủ cho mục tiêu ban đầu.
sandal.n,sandal,dép quai,A2,todo,945,1,short,50,60,75,50–65%,60–75%,Nghĩa có thể minh họa trực tiếp; một câu mẫu và lượt thực hành ngắn đủ cho mục tiêu ban đầu.
slipper.n,slipper,dép đi trong nhà,A2,todo,946,1,short,50,60,75,50–65%,60–75%,Nghĩa có thể minh họa trực tiếp; một câu mẫu và lượt thực hành ngắn đủ cho mục tiêu ban đầu.
sneaker.n,sneaker,giày thể thao,A2,todo,947,1,short,50,60,75,50–65%,60–75%,Nghĩa có thể minh họa trực tiếp; một câu mẫu và lượt thực hành ngắn đủ cho mục tiêu ban đầu.
scarf.n,scarf,khăn quàng,A2,todo,948,1,short,50,60,75,50–65%,60–75%,Nghĩa có thể minh họa trực tiếp; một câu mẫu và lượt thực hành ngắn đủ cho mục tiêu ban đầu.
belt.n,belt,thắt lưng,A2,todo,949,1,short,50,60,75,50–65%,60–75%,Nghĩa có thể minh họa trực tiếp; một câu mẫu và lượt thực hành ngắn đủ cho mục tiêu ban đầu.
tie.n,tie,cà vạt,A2,todo,950,1,short,50,60,75,50–65%,60–75%,Nghĩa có thể minh họa trực tiếp; một câu mẫu và lượt thực hành ngắn đủ cho mục tiêu ban đầu.
handbag.n,handbag,túi xách tay nữ,A2,todo,951,1,short,50,60,75,50–65%,60–75%,Nghĩa có thể minh họa trực tiếp; một câu mẫu và lượt thực hành ngắn đủ cho mục tiêu ban đầu.
wallet.n,wallet,ví,A2,todo,952,1,short,50,60,75,50–65%,60–75%,Nghĩa có thể minh họa trực tiếp; một câu mẫu và lượt thực hành ngắn đủ cho mục tiêu ban đầu.
purse.n,purse,ví nữ,A2,todo,953,1,short,50,60,75,50–65%,60–75%,Nghĩa có thể minh họa trực tiếp; một câu mẫu và lượt thực hành ngắn đủ cho mục tiêu ban đầu.
ring.n,ring,chiếc nhẫn,A2,todo,954,1,short,50,60,75,50–65%,60–75%,Nghĩa có thể minh họa trực tiếp; một câu mẫu và lượt thực hành ngắn đủ cho mục tiêu ban đầu.
necklace.n,necklace,dây chuyền,A2,todo,955,1,short,50,60,75,50–65%,60–75%,Nghĩa có thể minh họa trực tiếp; một câu mẫu và lượt thực hành ngắn đủ cho mục tiêu ban đầu.
earring.n,earring,bông tai,A2,todo,956,1,short,50,60,75,50–65%,60–75%,Nghĩa có thể minh họa trực tiếp; một câu mẫu và lượt thực hành ngắn đủ cho mục tiêu ban đầu.
sunglasses.n,sunglasses,kính râm,A2,todo,957,1,short,50,60,75,50–65%,60–75%,Nghĩa có thể minh họa trực tiếp; một câu mẫu và lượt thực hành ngắn đủ cho mục tiêu ban đầu.
button.n,button,cúc áo,A2,todo,958,1,short,50,60,75,50–65%,60–75%,Nghĩa có thể minh họa trực tiếp; một câu mẫu và lượt thực hành ngắn đủ cho mục tiêu ban đầu.
cotton.n,cotton,vải bông,A2,todo,959,1,short,50,60,75,50–65%,60–75%,Nghĩa có thể minh họa trực tiếp; một câu mẫu và lượt thực hành ngắn đủ cho mục tiêu ban đầu.
wool.n,wool,len,A2,todo,960,1,short,50,60,75,50–65%,60–75%,Nghĩa có thể minh họa trực tiếp; một câu mẫu và lượt thực hành ngắn đủ cho mục tiêu ban đầu.
brand.n,brand,thương hiệu,A2,todo,961,1,short,50,60,75,50–65%,60–75%,Nghĩa có thể minh họa trực tiếp; một câu mẫu và lượt thực hành ngắn đủ cho mục tiêu ban đầu.
perfume.n,perfume,nước hoa,A2,todo,962,1,short,50,60,75,50–65%,60–75%,Nghĩa có thể minh họa trực tiếp; một câu mẫu và lượt thực hành ngắn đủ cho mục tiêu ban đầu.
mall.n,mall,trung tâm thương mại,A2,todo,963,1,short,50,60,75,50–65%,60–75%,Nghĩa có thể minh họa trực tiếp; một câu mẫu và lượt thực hành ngắn đủ cho mục tiêu ban đầu.
counter.n.shop,counter,quầy thu ngân,A2,todo,964,1,short,50,60,75,50–65%,60–75%,Nghĩa có thể minh họa trực tiếp; một câu mẫu và lượt thực hành ngắn đủ cho mục tiêu ban đầu.
trolley.n,trolley,xe đẩy siêu thị,A2,todo,965,1,short,50,60,75,50–65%,60–75%,Nghĩa có thể minh họa trực tiếp; một câu mẫu và lượt thực hành ngắn đủ cho mục tiêu ban đầu.
basket.n,basket,giỏ đựng hàng,A2,todo,966,1,short,50,60,75,50–65%,60–75%,Nghĩa có thể minh họa trực tiếp; một câu mẫu và lượt thực hành ngắn đủ cho mục tiêu ban đầu.
cashier.n,cashier,thu ngân,A2,todo,967,1,short,50,60,75,50–65%,60–75%,Nghĩa có thể minh họa trực tiếp; một câu mẫu và lượt thực hành ngắn đủ cho mục tiêu ban đầu.
seller.n,seller,người bán,A2,todo,968,1,short,50,60,75,50–65%,60–75%,Nghĩa có thể minh họa trực tiếp; một câu mẫu và lượt thực hành ngắn đủ cho mục tiêu ban đầu.
cash.n,cash,tiền mặt,A2,todo,969,1,short,50,60,75,50–65%,60–75%,Nghĩa có thể minh họa trực tiếp; một câu mẫu và lượt thực hành ngắn đủ cho mục tiêu ban đầu.
coin.n,coin,đồng xu,A2,todo,970,1,short,50,60,75,50–65%,60–75%,Nghĩa có thể minh họa trực tiếp; một câu mẫu và lượt thực hành ngắn đủ cho mục tiêu ban đầu.
note.n.banknote,note,tờ tiền giấy,A2,todo,971,1,short,50,60,75,50–65%,60–75%,Nghĩa có thể minh họa trực tiếp; một câu mẫu và lượt thực hành ngắn đủ cho mục tiêu ban đầu.
change.n.money-back,change,tiền thừa trả lại,A2,todo,972,1,short,50,60,75,50–65%,60–75%,Nghĩa có thể minh họa trực tiếp; một câu mẫu và lượt thực hành ngắn đủ cho mục tiêu ban đầu.
cost.n.expense,cost,chi phí,A2,todo,973,1,short,50,60,75,50–65%,60–75%,Nghĩa có thể minh họa trực tiếp; một câu mẫu và lượt thực hành ngắn đủ cho mục tiêu ban đầu.
discount.n,discount,khoản giảm giá,A2,todo,974,1,short,50,60,75,50–65%,60–75%,Nghĩa có thể minh họa trực tiếp; một câu mẫu và lượt thực hành ngắn đủ cho mục tiêu ban đầu.
offer.n,offer,ưu đãi,A2,todo,975,1,short,50,60,75,50–65%,60–75%,Nghĩa có thể minh họa trực tiếp; một câu mẫu và lượt thực hành ngắn đủ cho mục tiêu ban đầu.
receipt.n,receipt,hoá đơn mua hàng,A2,todo,976,1,short,50,60,75,50–65%,60–75%,Nghĩa có thể minh họa trực tiếp; một câu mẫu và lượt thực hành ngắn đủ cho mục tiêu ban đầu.
order.n.purchase,order,đơn hàng,A2,todo,977,1,short,50,60,75,50–65%,60–75%,Nghĩa có thể minh họa trực tiếp; một câu mẫu và lượt thực hành ngắn đủ cho mục tiêu ban đầu.
cart.n,cart,giỏ hàng trực tuyến,A2,todo,978,1,short,50,60,75,50–65%,60–75%,Nghĩa có thể minh họa trực tiếp; một câu mẫu và lượt thực hành ngắn đủ cho mục tiêu ban đầu.
account.n,account,tài khoản ngân hàng,A2,todo,979,1,short,50,60,75,50–65%,60–75%,Nghĩa có thể minh họa trực tiếp; một câu mẫu và lượt thực hành ngắn đủ cho mục tiêu ban đầu.
ATM.n,ATM,máy rút tiền tự động,A2,todo,980,1,short,50,60,75,50–65%,60–75%,Nghĩa có thể minh họa trực tiếp; một câu mẫu và lượt thực hành ngắn đủ cho mục tiêu ban đầu.
PIN.n,PIN,mã pin,A2,todo,981,1,short,50,60,75,50–65%,60–75%,Nghĩa có thể minh họa trực tiếp; một câu mẫu và lượt thực hành ngắn đủ cho mục tiêu ban đầu.
bill.n.payment,bill,hoá đơn phải trả,A2,todo,982,1,short,50,60,75,50–65%,60–75%,Nghĩa có thể minh họa trực tiếp; một câu mẫu và lượt thực hành ngắn đủ cho mục tiêu ban đầu.
college.n,college,trường cao đẳng,A2,todo,983,1,short,50,60,75,50–65%,60–75%,Nghĩa có thể minh họa trực tiếp; một câu mẫu và lượt thực hành ngắn đủ cho mục tiêu ban đầu.
kindergarten.n,kindergarten,trường mẫu giáo,A2,todo,984,1,short,50,60,75,50–65%,60–75%,Nghĩa có thể minh họa trực tiếp; một câu mẫu và lượt thực hành ngắn đủ cho mục tiêu ban đầu.
gym.n,gym,phòng thể chất,A2,todo,985,1,short,50,60,75,50–65%,60–75%,Nghĩa có thể minh họa trực tiếp; một câu mẫu và lượt thực hành ngắn đủ cho mục tiêu ban đầu.
timetable.n,timetable,thời khoá biểu,A2,todo,986,1,short,50,60,75,50–65%,60–75%,Nghĩa có thể minh họa trực tiếp; một câu mẫu và lượt thực hành ngắn đủ cho mục tiêu ban đầu.
project.n,project,bài tập dự án,A2,todo,987,1,short,50,60,75,50–65%,60–75%,Nghĩa có thể minh họa trực tiếp; một câu mẫu và lượt thực hành ngắn đủ cho mục tiêu ban đầu.
report.n.paper,report,bản báo cáo,A2,todo,988,1,short,50,60,75,50–65%,60–75%,Nghĩa có thể minh họa trực tiếp; một câu mẫu và lượt thực hành ngắn đủ cho mục tiêu ban đầu.
quiz.n,quiz,bài kiểm tra ngắn,A2,todo,989,1,short,50,60,75,50–65%,60–75%,Nghĩa có thể minh họa trực tiếp; một câu mẫu và lượt thực hành ngắn đủ cho mục tiêu ban đầu.
mark.n,mark,điểm số,A2,todo,990,1,short,50,60,75,50–65%,60–75%,Nghĩa có thể minh họa trực tiếp; một câu mẫu và lượt thực hành ngắn đủ cho mục tiêu ban đầu.
grade.n,grade,điểm hoặc khối lớp,A2,todo,991,1,short,50,60,75,50–65%,60–75%,Nghĩa có thể minh họa trực tiếp; một câu mẫu và lượt thực hành ngắn đủ cho mục tiêu ban đầu.
score.n,score,số điểm đạt được,A2,todo,992,1,short,50,60,75,50–65%,60–75%,Nghĩa có thể minh họa trực tiếp; một câu mẫu và lượt thực hành ngắn đủ cho mục tiêu ban đầu.
textbook.n,textbook,sách giáo khoa,A2,todo,993,1,short,50,60,75,50–65%,60–75%,Nghĩa có thể minh họa trực tiếp; một câu mẫu và lượt thực hành ngắn đủ cho mục tiêu ban đầu.
highlighter.n,highlighter,bút dạ quang,A2,todo,994,1,short,50,60,75,50–65%,60–75%,Nghĩa có thể minh họa trực tiếp; một câu mẫu và lượt thực hành ngắn đủ cho mục tiêu ban đầu.
chalk.n,chalk,phấn,A2,todo,995,1,short,50,60,75,50–65%,60–75%,Nghĩa có thể minh họa trực tiếp; một câu mẫu và lượt thực hành ngắn đủ cho mục tiêu ban đầu.
marker.n,marker,bút lông bảng,A2,todo,996,1,short,50,60,75,50–65%,60–75%,Nghĩa có thể minh họa trực tiếp; một câu mẫu và lượt thực hành ngắn đủ cho mục tiêu ban đầu.
note.n.study,note,ghi chú bài học,A2,todo,997,1,short,50,60,75,50–65%,60–75%,Nghĩa có thể minh họa trực tiếp; một câu mẫu và lượt thực hành ngắn đủ cho mục tiêu ban đầu.
topic.n,topic,chủ đề bài,A2,todo,998,1,short,50,60,75,50–65%,60–75%,Nghĩa có thể minh họa trực tiếp; một câu mẫu và lượt thực hành ngắn đủ cho mục tiêu ban đầu.
mistake.n,mistake,lỗi sai,A2,todo,999,1,short,50,60,75,50–65%,60–75%,Nghĩa có thể minh họa trực tiếp; một câu mẫu và lượt thực hành ngắn đủ cho mục tiêu ban đầu.
skill.n,skill,kỹ năng,A2,todo,1000,1,short,50,60,75,50–65%,60–75%,Nghĩa có thể minh họa trực tiếp; một câu mẫu và lượt thực hành ngắn đủ cho mục tiêu ban đầu.
boss.n,boss,sếp,A2,todo,1001,1,short,50,60,75,50–65%,60–75%,Nghĩa có thể minh họa trực tiếp; một câu mẫu và lượt thực hành ngắn đủ cho mục tiêu ban đầu.
manager.n,manager,quản lý,A2,todo,1002,1,short,50,60,75,50–65%,60–75%,Nghĩa có thể minh họa trực tiếp; một câu mẫu và lượt thực hành ngắn đủ cho mục tiêu ban đầu.
team.n,team,nhóm làm việc,A2,todo,1003,1,short,50,60,75,50–65%,60–75%,Nghĩa có thể minh họa trực tiếp; một câu mẫu và lượt thực hành ngắn đủ cho mục tiêu ban đầu.
meeting.n,meeting,cuộc họp,A2,todo,1004,1,short,50,60,75,50–65%,60–75%,Nghĩa có thể minh họa trực tiếp; một câu mẫu và lượt thực hành ngắn đủ cho mục tiêu ban đầu.
inbox.n,inbox,hộp thư đến,A2,todo,1005,1,short,50,60,75,50–65%,60–75%,Nghĩa có thể minh họa trực tiếp; một câu mẫu và lượt thực hành ngắn đủ cho mục tiêu ban đầu.
document.n,document,tài liệu,A2,todo,1006,1,short,50,60,75,50–65%,60–75%,Nghĩa có thể minh họa trực tiếp; một câu mẫu và lượt thực hành ngắn đủ cho mục tiêu ban đầu.
folder.n,folder,thư mục,A2,todo,1007,1,short,50,60,75,50–65%,60–75%,Nghĩa có thể minh họa trực tiếp; một câu mẫu và lượt thực hành ngắn đủ cho mục tiêu ban đầu.
printer.n,printer,máy in,A2,todo,1008,1,short,50,60,75,50–65%,60–75%,Nghĩa có thể minh họa trực tiếp; một câu mẫu và lượt thực hành ngắn đủ cho mục tiêu ban đầu.
salary.n,salary,lương tháng,A2,todo,1009,1,short,50,60,75,50–65%,60–75%,Nghĩa có thể minh họa trực tiếp; một câu mẫu và lượt thực hành ngắn đủ cho mục tiêu ban đầu.
builder.n,builder,thợ xây,A2,todo,1010,1,short,50,60,75,50–65%,60–75%,Nghĩa có thể minh họa trực tiếp; một câu mẫu và lượt thực hành ngắn đủ cho mục tiêu ban đầu.
mechanic.n,mechanic,thợ máy,A2,todo,1011,1,short,50,60,75,50–65%,60–75%,Nghĩa có thể minh họa trực tiếp; một câu mẫu và lượt thực hành ngắn đủ cho mục tiêu ban đầu.
pilot.n,pilot,phi công,A2,todo,1012,1,short,50,60,75,50–65%,60–75%,Nghĩa có thể minh họa trực tiếp; một câu mẫu và lượt thực hành ngắn đủ cho mục tiêu ban đầu.
soldier.n,soldier,người lính,A2,todo,1013,1,short,50,60,75,50–65%,60–75%,Nghĩa có thể minh họa trực tiếp; một câu mẫu và lượt thực hành ngắn đủ cho mục tiêu ban đầu.
firefighter.n,firefighter,lính cứu hoả,A2,todo,1014,1,short,50,60,75,50–65%,60–75%,Nghĩa có thể minh họa trực tiếp; một câu mẫu và lượt thực hành ngắn đủ cho mục tiêu ban đầu.
lawyer.n,lawyer,luật sư,A2,todo,1015,1,short,50,60,75,50–65%,60–75%,Nghĩa có thể minh họa trực tiếp; một câu mẫu và lượt thực hành ngắn đủ cho mục tiêu ban đầu.
accountant.n,accountant,kế toán,A2,todo,1016,1,short,50,60,75,50–65%,60–75%,Nghĩa có thể minh họa trực tiếp; một câu mẫu và lượt thực hành ngắn đủ cho mục tiêu ban đầu.
photographer.n,photographer,nhiếp ảnh gia,A2,todo,1017,1,short,50,60,75,50–65%,60–75%,Nghĩa có thể minh họa trực tiếp; một câu mẫu và lượt thực hành ngắn đủ cho mục tiêu ban đầu.
painter.n,painter,hoạ sĩ,A2,todo,1018,1,short,50,60,75,50–65%,60–75%,Nghĩa có thể minh họa trực tiếp; một câu mẫu và lượt thực hành ngắn đủ cho mục tiêu ban đầu.
musician.n,musician,"nhạc sĩ, nhạc công",A2,todo,1019,1,short,50,60,75,50–65%,60–75%,Nghĩa có thể minh họa trực tiếp; một câu mẫu và lượt thực hành ngắn đủ cho mục tiêu ban đầu.
dancer.n,dancer,vũ công,A2,todo,1020,1,short,50,60,75,50–65%,60–75%,Nghĩa có thể minh họa trực tiếp; một câu mẫu và lượt thực hành ngắn đủ cho mục tiêu ban đầu.
chef.n,chef,đầu bếp chính,A2,todo,1021,1,short,50,60,75,50–65%,60–75%,Nghĩa có thể minh họa trực tiếp; một câu mẫu và lượt thực hành ngắn đủ cho mục tiêu ban đầu.
baker.n,baker,thợ làm bánh,A2,todo,1022,1,short,50,60,75,50–65%,60–75%,Nghĩa có thể minh họa trực tiếp; một câu mẫu và lượt thực hành ngắn đủ cho mục tiêu ban đầu.
hairdresser.n,hairdresser,thợ làm tóc,A2,todo,1023,1,short,50,60,75,50–65%,60–75%,Nghĩa có thể minh họa trực tiếp; một câu mẫu và lượt thực hành ngắn đủ cho mục tiêu ban đầu.
cleaner.n,cleaner,nhân viên vệ sinh,A2,todo,1024,1,short,50,60,75,50–65%,60–75%,Nghĩa có thể minh họa trực tiếp; một câu mẫu và lượt thực hành ngắn đủ cho mục tiêu ban đầu.
gardener.n,gardener,người làm vườn,A2,todo,1025,1,short,50,60,75,50–65%,60–75%,Nghĩa có thể minh họa trực tiếp; một câu mẫu và lượt thực hành ngắn đủ cho mục tiêu ban đầu.
babysitter.n,babysitter,người trông trẻ,A2,todo,1026,1,short,50,60,75,50–65%,60–75%,Nghĩa có thể minh họa trực tiếp; một câu mẫu và lượt thực hành ngắn đủ cho mục tiêu ban đầu.
receptionist.n,receptionist,lễ tân,A2,todo,1027,1,short,50,60,75,50–65%,60–75%,Nghĩa có thể minh họa trực tiếp; một câu mẫu và lượt thực hành ngắn đủ cho mục tiêu ban đầu.
secretary.n,secretary,thư ký,A2,todo,1028,1,short,50,60,75,50–65%,60–75%,Nghĩa có thể minh họa trực tiếp; một câu mẫu và lượt thực hành ngắn đủ cho mục tiêu ban đầu.
assistant.n,assistant,trợ lý,A2,todo,1029,1,short,50,60,75,50–65%,60–75%,Nghĩa có thể minh họa trực tiếp; một câu mẫu và lượt thực hành ngắn đủ cho mục tiêu ban đầu.
salesperson.n,salesperson,nhân viên bán hàng,A2,todo,1030,1,short,50,60,75,50–65%,60–75%,Nghĩa có thể minh họa trực tiếp; một câu mẫu và lượt thực hành ngắn đủ cho mục tiêu ban đầu.
scientist.n,scientist,nhà khoa học,A2,todo,1031,1,short,50,60,75,50–65%,60–75%,Nghĩa có thể minh họa trực tiếp; một câu mẫu và lượt thực hành ngắn đủ cho mục tiêu ban đầu.
programmer.n,programmer,lập trình viên,A2,todo,1032,1,short,50,60,75,50–65%,60–75%,Nghĩa có thể minh họa trực tiếp; một câu mẫu và lượt thực hành ngắn đủ cho mục tiêu ban đầu.
coach.n,coach,huấn luyện viên,A2,todo,1033,1,short,50,60,75,50–65%,60–75%,Nghĩa có thể minh họa trực tiếp; một câu mẫu và lượt thực hành ngắn đủ cho mục tiêu ban đầu.
postman.n,postman,người đưa thư,A2,todo,1034,1,short,50,60,75,50–65%,60–75%,Nghĩa có thể minh họa trực tiếp; một câu mẫu và lượt thực hành ngắn đủ cho mục tiêu ban đầu.
fisherman.n,fisherman,ngư dân,A2,todo,1035,1,short,50,60,75,50–65%,60–75%,Nghĩa có thể minh họa trực tiếp; một câu mẫu và lượt thực hành ngắn đủ cho mục tiêu ban đầu.
interview.n,interview,buổi phỏng vấn,A2,todo,1036,1,short,50,60,75,50–65%,60–75%,Nghĩa có thể minh họa trực tiếp; một câu mẫu và lượt thực hành ngắn đủ cho mục tiêu ban đầu.
desktop.n,desktop,máy bàn,A2,todo,1037,1,short,50,60,75,50–65%,60–75%,Nghĩa có thể minh họa trực tiếp; một câu mẫu và lượt thực hành ngắn đủ cho mục tiêu ban đầu.
tablet.n.device,tablet,máy tính bảng,A2,todo,1038,1,short,50,60,75,50–65%,60–75%,Nghĩa có thể minh họa trực tiếp; một câu mẫu và lượt thực hành ngắn đủ cho mục tiêu ban đầu.
smartphone.n,smartphone,điện thoại thông minh,A2,todo,1039,1,short,50,60,75,50–65%,60–75%,Nghĩa có thể minh họa trực tiếp; một câu mẫu và lượt thực hành ngắn đủ cho mục tiêu ban đầu.
speaker.n,speaker,loa,A2,todo,1040,1,short,50,60,75,50–65%,60–75%,Nghĩa có thể minh họa trực tiếp; một câu mẫu và lượt thực hành ngắn đủ cho mục tiêu ban đầu.
headphone.n,headphone,tai nghe,A2,todo,1041,1,short,50,60,75,50–65%,60–75%,Nghĩa có thể minh họa trực tiếp; một câu mẫu và lượt thực hành ngắn đủ cho mục tiêu ban đầu.
charger.n,charger,cục sạc,A2,todo,1042,1,short,50,60,75,50–65%,60–75%,Nghĩa có thể minh họa trực tiếp; một câu mẫu và lượt thực hành ngắn đủ cho mục tiêu ban đầu.
cable.n,cable,dây cáp,A2,todo,1043,1,short,50,60,75,50–65%,60–75%,Nghĩa có thể minh họa trực tiếp; một câu mẫu và lượt thực hành ngắn đủ cho mục tiêu ban đầu.
software.n,software,phần mềm,A2,todo,1044,1,short,50,60,75,50–65%,60–75%,Nghĩa có thể minh họa trực tiếp; một câu mẫu và lượt thực hành ngắn đủ cho mục tiêu ban đầu.
program.n,program,chương trình máy tính,A2,todo,1045,1,short,50,60,75,50–65%,60–75%,Nghĩa có thể minh họa trực tiếp; một câu mẫu và lượt thực hành ngắn đủ cho mục tiêu ban đầu.
browser.n,browser,trình duyệt,A2,todo,1046,1,short,50,60,75,50–65%,60–75%,Nghĩa có thể minh họa trực tiếp; một câu mẫu và lượt thực hành ngắn đủ cho mục tiêu ban đầu.
link.n,link,đường dẫn,A2,todo,1047,1,short,50,60,75,50–65%,60–75%,Nghĩa có thể minh họa trực tiếp; một câu mẫu và lượt thực hành ngắn đủ cho mục tiêu ban đầu.
connection.n,connection,kết nối,A2,todo,1048,1,short,50,60,75,50–65%,60–75%,Nghĩa có thể minh họa trực tiếp; một câu mẫu và lượt thực hành ngắn đủ cho mục tiêu ban đầu.
account.n.login,account,tài khoản người dùng,A2,todo,1049,1,short,50,60,75,50–65%,60–75%,Nghĩa có thể minh họa trực tiếp; một câu mẫu và lượt thực hành ngắn đủ cho mục tiêu ban đầu.
username.n,username,tên đăng nhập,A2,todo,1050,1,short,50,60,75,50–65%,60–75%,Nghĩa có thể minh họa trực tiếp; một câu mẫu và lượt thực hành ngắn đủ cho mục tiêu ban đầu.
profile.n,profile,trang cá nhân,A2,todo,1051,1,short,50,60,75,50–65%,60–75%,Nghĩa có thể minh họa trực tiếp; một câu mẫu và lượt thực hành ngắn đủ cho mục tiêu ban đầu.
setting.n,setting,thiết lập,A2,todo,1052,1,short,50,60,75,50–65%,60–75%,Nghĩa có thể minh họa trực tiếp; một câu mẫu và lượt thực hành ngắn đủ cho mục tiêu ban đầu.
notification.n,notification,thông báo,A2,todo,1053,1,short,50,60,75,50–65%,60–75%,Nghĩa có thể minh họa trực tiếp; một câu mẫu và lượt thực hành ngắn đủ cho mục tiêu ban đầu.
chat.n.app,chat,cuộc trò chuyện,A2,todo,1054,1,short,50,60,75,50–65%,60–75%,Nghĩa có thể minh họa trực tiếp; một câu mẫu và lượt thực hành ngắn đủ cho mục tiêu ban đầu.
robot.n,robot,người máy,A2,todo,1055,1,short,50,60,75,50–65%,60–75%,Nghĩa có thể minh họa trực tiếp; một câu mẫu và lượt thực hành ngắn đủ cho mục tiêu ban đầu.
volume.n,volume,âm lượng,A2,todo,1056,1,short,50,60,75,50–65%,60–75%,Nghĩa có thể minh họa trực tiếp; một câu mẫu và lượt thực hành ngắn đủ cho mục tiêu ban đầu.
bluetooth.n,bluetooth,kết nối không dây tầm ngắn,A2,todo,1057,1,short,50,60,75,50–65%,60–75%,Nghĩa có thể minh họa trực tiếp; một câu mẫu và lượt thực hành ngắn đủ cho mục tiêu ban đầu.
loading.n,loading,quá trình tải,A2,todo,1058,1,short,50,60,75,50–65%,60–75%,Nghĩa có thể minh họa trực tiếp; một câu mẫu và lượt thực hành ngắn đủ cho mục tiêu ban đầu.
tab.n,tab,thẻ trình duyệt,A2,todo,1059,1,short,50,60,75,50–65%,60–75%,Nghĩa có thể minh họa trực tiếp; một câu mẫu và lượt thực hành ngắn đủ cho mục tiêu ban đầu.
hashtag.n,hashtag,từ khoá gắn thẻ,A2,todo,1060,1,short,50,60,75,50–65%,60–75%,Nghĩa có thể minh họa trực tiếp; một câu mẫu và lượt thực hành ngắn đủ cho mục tiêu ban đầu.
playlist.n,playlist,danh sách phát,A2,todo,1061,1,short,50,60,75,50–65%,60–75%,Nghĩa có thể minh họa trực tiếp; một câu mẫu và lượt thực hành ngắn đủ cho mục tiêu ban đầu.
journey.n,journey,hành trình,A2,todo,1062,1,short,50,60,75,50–65%,60–75%,Nghĩa có thể minh họa trực tiếp; một câu mẫu và lượt thực hành ngắn đủ cho mục tiêu ban đầu.
tour.n.travel,tour,chuyến tham quan,A2,todo,1063,1,short,50,60,75,50–65%,60–75%,Nghĩa có thể minh họa trực tiếp; một câu mẫu và lượt thực hành ngắn đủ cho mục tiêu ban đầu.
vacation.n,vacation,kỳ nghỉ (Mỹ),A2,todo,1064,1,short,50,60,75,50–65%,60–75%,Nghĩa có thể minh họa trực tiếp; một câu mẫu và lượt thực hành ngắn đủ cho mục tiêu ban đầu.
guide.n,guide,hướng dẫn viên,A2,todo,1065,1,short,50,60,75,50–65%,60–75%,Nghĩa có thể minh họa trực tiếp; một câu mẫu và lượt thực hành ngắn đủ cho mục tiêu ban đầu.
distance.n,distance,khoảng cách,A2,todo,1066,1,short,50,60,75,50–65%,60–75%,Nghĩa có thể minh họa trực tiếp; một câu mẫu và lượt thực hành ngắn đủ cho mục tiêu ban đầu.
transport.n,transport,phương tiện đi lại,A2,todo,1067,1,short,50,60,75,50–65%,60–75%,Nghĩa có thể minh họa trực tiếp; một câu mẫu và lượt thực hành ngắn đủ cho mục tiêu ban đầu.
subway.n,subway,tàu điện ngầm,A2,todo,1068,1,short,50,60,75,50–65%,60–75%,Nghĩa có thể minh họa trực tiếp; một câu mẫu và lượt thực hành ngắn đủ cho mục tiêu ban đầu.
scooter.n,scooter,xe tay ga,A2,todo,1069,1,short,50,60,75,50–65%,60–75%,Nghĩa có thể minh họa trực tiếp; một câu mẫu và lượt thực hành ngắn đủ cho mục tiêu ban đầu.
truck.n,truck,xe tải,A2,todo,1070,1,short,50,60,75,50–65%,60–75%,Nghĩa có thể minh họa trực tiếp; một câu mẫu và lượt thực hành ngắn đủ cho mục tiêu ban đầu.
van.n,van,xe tải nhỏ,A2,todo,1071,1,short,50,60,75,50–65%,60–75%,Nghĩa có thể minh họa trực tiếp; một câu mẫu và lượt thực hành ngắn đủ cho mục tiêu ban đầu.
ship.n,ship,tàu thuỷ,A2,todo,1072,1,short,50,60,75,50–65%,60–75%,Nghĩa có thể minh họa trực tiếp; một câu mẫu và lượt thực hành ngắn đủ cho mục tiêu ban đầu.
gate.n.airport,gate,cửa lên máy bay,A2,todo,1073,1,short,50,60,75,50–65%,60–75%,Nghĩa có thể minh họa trực tiếp; một câu mẫu và lượt thực hành ngắn đủ cho mục tiêu ban đầu.
platform.n.travel,platform,sân ga,A2,todo,1074,1,short,50,60,75,50–65%,60–75%,Nghĩa có thể minh họa trực tiếp; một câu mẫu và lượt thực hành ngắn đủ cho mục tiêu ban đầu.
passenger.n,passenger,hành khách,A2,todo,1075,1,short,50,60,75,50–65%,60–75%,Nghĩa có thể minh họa trực tiếp; một câu mẫu và lượt thực hành ngắn đủ cho mục tiêu ban đầu.
luggage.n,luggage,hành lý,A2,todo,1076,1,short,50,60,75,50–65%,60–75%,Nghĩa có thể minh họa trực tiếp; một câu mẫu và lượt thực hành ngắn đủ cho mục tiêu ban đầu.
visa.n,visa,thị thực,A2,todo,1077,1,short,50,60,75,50–65%,60–75%,Nghĩa có thể minh họa trực tiếp; một câu mẫu và lượt thực hành ngắn đủ cho mục tiêu ban đầu.
traffic.n,traffic,giao thông,A2,todo,1078,1,short,50,60,75,50–65%,60–75%,Nghĩa có thể minh họa trực tiếp; một câu mẫu và lượt thực hành ngắn đủ cho mục tiêu ban đầu.
jam.n.travel,jam,kẹt xe,A2,todo,1079,1,short,50,60,75,50–65%,60–75%,Nghĩa có thể minh họa trực tiếp; một câu mẫu và lượt thực hành ngắn đủ cho mục tiêu ban đầu.
petrol.n,petrol,xăng,A2,todo,1080,1,short,50,60,75,50–65%,60–75%,Nghĩa có thể minh họa trực tiếp; một câu mẫu và lượt thực hành ngắn đủ cho mục tiêu ban đầu.
speed.n,speed,tốc độ,A2,todo,1081,1,short,50,60,75,50–65%,60–75%,Nghĩa có thể minh họa trực tiếp; một câu mẫu và lượt thực hành ngắn đủ cho mục tiêu ban đầu.
helmet.n,helmet,mũ bảo hiểm,A2,todo,1082,1,short,50,60,75,50–65%,60–75%,Nghĩa có thể minh họa trực tiếp; một câu mẫu và lượt thực hành ngắn đủ cho mục tiêu ban đầu.
accident.n,accident,tai nạn,A2,todo,1083,1,short,50,60,75,50–65%,60–75%,Nghĩa có thể minh họa trực tiếp; một câu mẫu và lượt thực hành ngắn đủ cho mục tiêu ban đầu.
hostel.n,hostel,nhà trọ giá rẻ,A2,todo,1084,1,short,50,60,75,50–65%,60–75%,Nghĩa có thể minh họa trực tiếp; một câu mẫu và lượt thực hành ngắn đủ cho mục tiêu ban đầu.
tent.n,tent,lều,A2,todo,1085,1,short,50,60,75,50–65%,60–75%,Nghĩa có thể minh họa trực tiếp; một câu mẫu và lượt thực hành ngắn đủ cho mục tiêu ban đầu.
check-in.n,check-in,giờ nhận phòng,A2,todo,1086,1,short,50,60,75,50–65%,60–75%,Nghĩa có thể minh họa trực tiếp; một câu mẫu và lượt thực hành ngắn đủ cho mục tiêu ban đầu.
check-out.n,check-out,giờ trả phòng,A2,todo,1087,1,short,50,60,75,50–65%,60–75%,Nghĩa có thể minh họa trực tiếp; một câu mẫu và lượt thực hành ngắn đủ cho mục tiêu ban đầu.
view.n,view,hướng nhìn từ phòng,A2,todo,1088,1,short,50,60,75,50–65%,60–75%,Nghĩa có thể minh họa trực tiếp; một câu mẫu và lượt thực hành ngắn đủ cho mục tiêu ban đầu.
kettle.n.hotel,kettle,ấm siêu tốc trong phòng,A2,todo,1089,1,short,50,60,75,50–65%,60–75%,Nghĩa có thể minh họa trực tiếp; một câu mẫu và lượt thực hành ngắn đủ cho mục tiêu ban đầu.
hairdryer.n,hairdryer,máy sấy tóc,A2,todo,1090,1,short,50,60,75,50–65%,60–75%,Nghĩa có thể minh họa trực tiếp; một câu mẫu và lượt thực hành ngắn đủ cho mục tiêu ban đầu.
parking.n,parking,chỗ đỗ xe,A2,todo,1091,1,short,50,60,75,50–65%,60–75%,Nghĩa có thể minh họa trực tiếp; một câu mẫu và lượt thực hành ngắn đủ cho mục tiêu ban đầu.
receipt.n.payment,receipt,biên nhận thanh toán,A2,todo,1092,1,short,50,60,75,50–65%,60–75%,Nghĩa có thể minh họa trực tiếp; một câu mẫu và lượt thực hành ngắn đủ cho mục tiêu ban đầu.
star.n,star,sao xếp hạng,A2,todo,1093,1,short,50,60,75,50–65%,60–75%,Nghĩa có thể minh họa trực tiếp; một câu mẫu và lượt thực hành ngắn đủ cho mục tiêu ban đầu.
slippers.n,slippers,dép khách sạn,A2,todo,1094,1,short,50,60,75,50–65%,60–75%,Nghĩa có thể minh họa trực tiếp; một câu mẫu và lượt thực hành ngắn đủ cho mục tiêu ban đầu.
capital.n.city,capital,thủ đô,A2,todo,1095,1,short,50,60,75,50–65%,60–75%,Nghĩa có thể minh họa trực tiếp; một câu mẫu và lượt thực hành ngắn đủ cho mục tiêu ban đầu.
crossing.n,crossing,vạch sang đường,A2,todo,1096,1,short,50,60,75,50–65%,60–75%,Nghĩa có thể minh họa trực tiếp; một câu mẫu và lượt thực hành ngắn đủ cho mục tiêu ban đầu.
sign.n,sign,biển báo,A2,todo,1097,1,short,50,60,75,50–65%,60–75%,Nghĩa có thể minh họa trực tiếp; một câu mẫu và lượt thực hành ngắn đủ cho mục tiêu ban đầu.
square.n,square,quảng trường,A2,todo,1098,1,short,50,60,75,50–65%,60–75%,Nghĩa có thể minh họa trực tiếp; một câu mẫu và lượt thực hành ngắn đủ cho mục tiêu ban đầu.
playground.n,playground,sân chơi,A2,todo,1099,1,short,50,60,75,50–65%,60–75%,Nghĩa có thể minh họa trực tiếp; một câu mẫu và lượt thực hành ngắn đủ cho mục tiêu ban đầu.
theatre.n,theatre,nhà hát,A2,todo,1100,1,short,50,60,75,50–65%,60–75%,Nghĩa có thể minh họa trực tiếp; một câu mẫu và lượt thực hành ngắn đủ cho mục tiêu ban đầu.
stadium.n,stadium,sân vận động,A2,todo,1101,1,short,50,60,75,50–65%,60–75%,Nghĩa có thể minh họa trực tiếp; một câu mẫu và lượt thực hành ngắn đủ cho mục tiêu ban đầu.
temple.n,temple,ngôi chùa,A2,todo,1102,1,short,50,60,75,50–65%,60–75%,Nghĩa có thể minh họa trực tiếp; một câu mẫu và lượt thực hành ngắn đủ cho mục tiêu ban đầu.
bakery.n,bakery,tiệm bánh,A2,todo,1103,1,short,50,60,75,50–65%,60–75%,Nghĩa có thể minh họa trực tiếp; một câu mẫu và lượt thực hành ngắn đủ cho mục tiêu ban đầu.
bookshop.n,bookshop,hiệu sách,A2,todo,1104,1,short,50,60,75,50–65%,60–75%,Nghĩa có thể minh họa trực tiếp; một câu mẫu và lượt thực hành ngắn đủ cho mục tiêu ban đầu.
direction.n,direction,hướng,A2,todo,1105,1,short,50,60,75,50–65%,60–75%,Nghĩa có thể minh họa trực tiếp; một câu mẫu và lượt thực hành ngắn đủ cho mục tiêu ban đầu.
nature.n.nature,nature,thiên nhiên,A2,todo,1106,1,short,50,60,75,50–65%,60–75%,Nghĩa có thể minh họa trực tiếp; một câu mẫu và lượt thực hành ngắn đủ cho mục tiêu ban đầu.
sunshine.n,sunshine,nắng,A2,todo,1107,1,short,50,60,75,50–65%,60–75%,Nghĩa có thể minh họa trực tiếp; một câu mẫu và lượt thực hành ngắn đủ cho mục tiêu ban đầu.
storm.n,storm,cơn bão,A2,todo,1108,1,short,50,60,75,50–65%,60–75%,Nghĩa có thể minh họa trực tiếp; một câu mẫu và lượt thực hành ngắn đủ cho mục tiêu ban đầu.
thunder.n,thunder,sấm,A2,todo,1109,1,short,50,60,75,50–65%,60–75%,Nghĩa có thể minh họa trực tiếp; một câu mẫu và lượt thực hành ngắn đủ cho mục tiêu ban đầu.
lightning.n,lightning,tia chớp,A2,todo,1110,1,short,50,60,75,50–65%,60–75%,Nghĩa có thể minh họa trực tiếp; một câu mẫu và lượt thực hành ngắn đủ cho mục tiêu ban đầu.
temperature.n.weather,temperature,nhiệt độ ngoài trời,A2,todo,1111,1,short,50,60,75,50–65%,60–75%,Nghĩa có thể minh họa trực tiếp; một câu mẫu và lượt thực hành ngắn đủ cho mục tiêu ban đầu.
degree.n.nature,degree,độ nhiệt,A2,todo,1112,1,short,50,60,75,50–65%,60–75%,Nghĩa có thể minh họa trực tiếp; một câu mẫu và lượt thực hành ngắn đủ cho mục tiêu ban đầu.
hill.n,hill,đồi,A2,todo,1113,1,short,50,60,75,50–65%,60–75%,Nghĩa có thể minh họa trực tiếp; một câu mẫu và lượt thực hành ngắn đủ cho mục tiêu ban đầu.
rock.n.nature,rock,tảng đá,A2,todo,1114,1,short,50,60,75,50–65%,60–75%,Nghĩa có thể minh họa trực tiếp; một câu mẫu và lượt thực hành ngắn đủ cho mục tiêu ban đầu.
stone.n,stone,hòn đá,A2,todo,1115,1,short,50,60,75,50–65%,60–75%,Nghĩa có thể minh họa trực tiếp; một câu mẫu và lượt thực hành ngắn đủ cho mục tiêu ban đầu.
sand.n,sand,cát,A2,todo,1116,1,short,50,60,75,50–65%,60–75%,Nghĩa có thể minh họa trực tiếp; một câu mẫu và lượt thực hành ngắn đủ cho mục tiêu ban đầu.
ocean.n,ocean,đại dương,A2,todo,1117,1,short,50,60,75,50–65%,60–75%,Nghĩa có thể minh họa trực tiếp; một câu mẫu và lượt thực hành ngắn đủ cho mục tiêu ban đầu.
wave.n,wave,con sóng,A2,todo,1118,1,short,50,60,75,50–65%,60–75%,Nghĩa có thể minh họa trực tiếp; một câu mẫu và lượt thực hành ngắn đủ cho mục tiêu ban đầu.
island.n,island,hòn đảo,A2,todo,1119,1,short,50,60,75,50–65%,60–75%,Nghĩa có thể minh họa trực tiếp; một câu mẫu và lượt thực hành ngắn đủ cho mục tiêu ban đầu.
desert.n,desert,sa mạc,A2,todo,1120,1,short,50,60,75,50–65%,60–75%,Nghĩa có thể minh họa trực tiếp; một câu mẫu và lượt thực hành ngắn đủ cho mục tiêu ban đầu.
field.n,field,cánh đồng,A2,todo,1121,1,short,50,60,75,50–65%,60–75%,Nghĩa có thể minh họa trực tiếp; một câu mẫu và lượt thực hành ngắn đủ cho mục tiêu ban đầu.
sunrise.n,sunrise,bình minh,A2,todo,1122,1,short,50,60,75,50–65%,60–75%,Nghĩa có thể minh họa trực tiếp; một câu mẫu và lượt thực hành ngắn đủ cho mục tiêu ban đầu.
sunset.n,sunset,hoàng hôn,A2,todo,1123,1,short,50,60,75,50–65%,60–75%,Nghĩa có thể minh họa trực tiếp; một câu mẫu và lượt thực hành ngắn đủ cho mục tiêu ban đầu.
rainbow.n,rainbow,cầu vồng,A2,todo,1124,1,short,50,60,75,50–65%,60–75%,Nghĩa có thể minh họa trực tiếp; một câu mẫu và lượt thực hành ngắn đủ cho mục tiêu ban đầu.
hamster.n,hamster,chuột hamster,A2,todo,1125,1,short,50,60,75,50–65%,60–75%,Nghĩa có thể minh họa trực tiếp; một câu mẫu và lượt thực hành ngắn đủ cho mục tiêu ban đầu.
rat.n,rat,con chuột cống,A2,todo,1126,1,short,50,60,75,50–65%,60–75%,Nghĩa có thể minh họa trực tiếp; một câu mẫu và lượt thực hành ngắn đủ cho mục tiêu ban đầu.
buffalo.n,buffalo,con trâu,A2,todo,1127,1,short,50,60,75,50–65%,60–75%,Nghĩa có thể minh họa trực tiếp; một câu mẫu và lượt thực hành ngắn đủ cho mục tiêu ban đầu.
goat.n,goat,con dê,A2,todo,1128,1,short,50,60,75,50–65%,60–75%,Nghĩa có thể minh họa trực tiếp; một câu mẫu và lượt thực hành ngắn đủ cho mục tiêu ban đầu.
wolf.n,wolf,chó sói,A2,todo,1129,1,short,50,60,75,50–65%,60–75%,Nghĩa có thể minh họa trực tiếp; một câu mẫu và lượt thực hành ngắn đủ cho mục tiêu ban đầu.
fox.n,fox,con cáo,A2,todo,1130,1,short,50,60,75,50–65%,60–75%,Nghĩa có thể minh họa trực tiếp; một câu mẫu và lượt thực hành ngắn đủ cho mục tiêu ban đầu.
deer.n,deer,con hươu,A2,todo,1131,1,short,50,60,75,50–65%,60–75%,Nghĩa có thể minh họa trực tiếp; một câu mẫu và lượt thực hành ngắn đủ cho mục tiêu ban đầu.
giraffe.n,giraffe,hươu cao cổ,A2,todo,1132,1,short,50,60,75,50–65%,60–75%,Nghĩa có thể minh họa trực tiếp; một câu mẫu và lượt thực hành ngắn đủ cho mục tiêu ban đầu.
zebra.n,zebra,ngựa vằn,A2,todo,1133,1,short,50,60,75,50–65%,60–75%,Nghĩa có thể minh họa trực tiếp; một câu mẫu và lượt thực hành ngắn đủ cho mục tiêu ban đầu.
kangaroo.n,kangaroo,chuột túi,A2,todo,1134,1,short,50,60,75,50–65%,60–75%,Nghĩa có thể minh họa trực tiếp; một câu mẫu và lượt thực hành ngắn đủ cho mục tiêu ban đầu.
snake.n,snake,con rắn,A2,todo,1135,1,short,50,60,75,50–65%,60–75%,Nghĩa có thể minh họa trực tiếp; một câu mẫu và lượt thực hành ngắn đủ cho mục tiêu ban đầu.
turtle.n,turtle,con rùa,A2,todo,1136,1,short,50,60,75,50–65%,60–75%,Nghĩa có thể minh họa trực tiếp; một câu mẫu và lượt thực hành ngắn đủ cho mục tiêu ban đầu.
frog.n,frog,con ếch,A2,todo,1137,1,short,50,60,75,50–65%,60–75%,Nghĩa có thể minh họa trực tiếp; một câu mẫu và lượt thực hành ngắn đủ cho mục tiêu ban đầu.
whale.n,whale,cá voi,A2,todo,1138,1,short,50,60,75,50–65%,60–75%,Nghĩa có thể minh họa trực tiếp; một câu mẫu và lượt thực hành ngắn đủ cho mục tiêu ban đầu.
dolphin.n,dolphin,cá heo,A2,todo,1139,1,short,50,60,75,50–65%,60–75%,Nghĩa có thể minh họa trực tiếp; một câu mẫu và lượt thực hành ngắn đủ cho mục tiêu ban đầu.
shark.n,shark,cá mập,A2,todo,1140,1,short,50,60,75,50–65%,60–75%,Nghĩa có thể minh họa trực tiếp; một câu mẫu và lượt thực hành ngắn đủ cho mục tiêu ban đầu.
insect.n,insect,côn trùng,A2,todo,1141,1,short,50,60,75,50–65%,60–75%,Nghĩa có thể minh họa trực tiếp; một câu mẫu và lượt thực hành ngắn đủ cho mục tiêu ban đầu.
bee.n,bee,con ong,A2,todo,1142,1,short,50,60,75,50–65%,60–75%,Nghĩa có thể minh họa trực tiếp; một câu mẫu và lượt thực hành ngắn đủ cho mục tiêu ban đầu.
ant.n,ant,con kiến,A2,todo,1143,1,short,50,60,75,50–65%,60–75%,Nghĩa có thể minh họa trực tiếp; một câu mẫu và lượt thực hành ngắn đủ cho mục tiêu ban đầu.
fly.n,fly,con ruồi,A2,todo,1144,1,short,50,60,75,50–65%,60–75%,Nghĩa có thể minh họa trực tiếp; một câu mẫu và lượt thực hành ngắn đủ cho mục tiêu ban đầu.
mosquito.n,mosquito,con muỗi,A2,todo,1145,1,short,50,60,75,50–65%,60–75%,Nghĩa có thể minh họa trực tiếp; một câu mẫu và lượt thực hành ngắn đủ cho mục tiêu ban đầu.
butterfly.n,butterfly,con bướm,A2,todo,1146,1,short,50,60,75,50–65%,60–75%,Nghĩa có thể minh họa trực tiếp; một câu mẫu và lượt thực hành ngắn đủ cho mục tiêu ban đầu.
spider.n,spider,con nhện,A2,todo,1147,1,short,50,60,75,50–65%,60–75%,Nghĩa có thể minh họa trực tiếp; một câu mẫu và lượt thực hành ngắn đủ cho mục tiêu ban đầu.
parrot.n,parrot,con vẹt,A2,todo,1148,1,short,50,60,75,50–65%,60–75%,Nghĩa có thể minh họa trực tiếp; một câu mẫu và lượt thực hành ngắn đủ cho mục tiêu ban đầu.
penguin.n,penguin,chim cánh cụt,A2,todo,1149,1,short,50,60,75,50–65%,60–75%,Nghĩa có thể minh họa trực tiếp; một câu mẫu và lượt thực hành ngắn đủ cho mục tiêu ban đầu.
wing.n,wing,cánh,A2,todo,1150,1,short,50,60,75,50–65%,60–75%,Nghĩa có thể minh họa trực tiếp; một câu mẫu và lượt thực hành ngắn đủ cho mục tiêu ban đầu.
tail.n,tail,cái đuôi,A2,todo,1151,1,short,50,60,75,50–65%,60–75%,Nghĩa có thể minh họa trực tiếp; một câu mẫu và lượt thực hành ngắn đủ cho mục tiêu ban đầu.
branch.n.tree,branch,cành cây,A2,todo,1152,1,short,50,60,75,50–65%,60–75%,Nghĩa có thể minh họa trực tiếp; một câu mẫu và lượt thực hành ngắn đủ cho mục tiêu ban đầu.
seed.n,seed,hạt giống,A2,todo,1153,1,short,50,60,75,50–65%,60–75%,Nghĩa có thể minh họa trực tiếp; một câu mẫu và lượt thực hành ngắn đủ cho mục tiêu ban đầu.
sunflower.n,sunflower,hoa hướng dương,A2,todo,1154,1,short,50,60,75,50–65%,60–75%,Nghĩa có thể minh họa trực tiếp; một câu mẫu và lượt thực hành ngắn đủ cho mục tiêu ban đầu.
bamboo.n,bamboo,cây tre,A2,todo,1155,1,short,50,60,75,50–65%,60–75%,Nghĩa có thể minh họa trực tiếp; một câu mẫu và lượt thực hành ngắn đủ cho mục tiêu ban đầu.
field.n.farm,field,thửa ruộng,A2,todo,1156,1,short,50,60,75,50–65%,60–75%,Nghĩa có thể minh họa trực tiếp; một câu mẫu và lượt thực hành ngắn đủ cho mục tiêu ban đầu.
tractor.n,tractor,máy kéo,A2,todo,1157,1,short,50,60,75,50–65%,60–75%,Nghĩa có thể minh họa trực tiếp; một câu mẫu và lượt thực hành ngắn đủ cho mục tiêu ban đầu.
pot.n.plant,pot,chậu cây,A2,todo,1158,1,short,50,60,75,50–65%,60–75%,Nghĩa có thể minh họa trực tiếp; một câu mẫu và lượt thực hành ngắn đủ cho mục tiêu ban đầu.
environment.n,environment,môi trường,A2,todo,1159,1,short,50,60,75,50–65%,60–75%,Nghĩa có thể minh họa trực tiếp; một câu mẫu và lượt thực hành ngắn đủ cho mục tiêu ban đầu.
coal.n,coal,than đá,A2,todo,1160,1,short,50,60,75,50–65%,60–75%,Nghĩa có thể minh họa trực tiếp; một câu mẫu và lượt thực hành ngắn đủ cho mục tiêu ban đầu.
gas.n.fuel,gas,khí đốt,A2,todo,1161,1,short,50,60,75,50–65%,60–75%,Nghĩa có thể minh họa trực tiếp; một câu mẫu và lượt thực hành ngắn đủ cho mục tiêu ban đầu.
energy.n,energy,năng lượng,A2,todo,1162,1,short,50,60,75,50–65%,60–75%,Nghĩa có thể minh họa trực tiếp; một câu mẫu và lượt thực hành ngắn đủ cho mục tiêu ban đầu.
electricity.n,electricity,điện,A2,todo,1163,1,short,50,60,75,50–65%,60–75%,Nghĩa có thể minh họa trực tiếp; một câu mẫu và lượt thực hành ngắn đủ cho mục tiêu ban đầu.
recycling.n,recycling,việc tái chế,A2,todo,1164,1,short,50,60,75,50–65%,60–75%,Nghĩa có thể minh họa trực tiếp; một câu mẫu và lượt thực hành ngắn đủ cho mục tiêu ban đầu.
waste.n,waste,rác thải,A2,todo,1165,1,short,50,60,75,50–65%,60–75%,Nghĩa có thể minh họa trực tiếp; một câu mẫu và lượt thực hành ngắn đủ cho mục tiêu ban đầu.
plastic.n,plastic,nhựa,A2,todo,1166,1,short,50,60,75,50–65%,60–75%,Nghĩa có thể minh họa trực tiếp; một câu mẫu và lượt thực hành ngắn đủ cho mục tiêu ban đầu.
plastic bag.n,plastic bag,túi ni lông,A2,todo,1167,1,short,50,60,75,50–65%,60–75%,Nghĩa có thể minh họa trực tiếp; một câu mẫu và lượt thực hành ngắn đủ cho mục tiêu ban đầu.
container.n.recycling,container,"hộp, bình chứa",A2,todo,1168,1,short,50,60,75,50–65%,60–75%,Nghĩa có thể minh họa trực tiếp; một câu mẫu và lượt thực hành ngắn đủ cho mục tiêu ban đầu.
can.n.recycling,can,lon nhôm,A2,todo,1169,1,short,50,60,75,50–65%,60–75%,Nghĩa có thể minh họa trực tiếp; một câu mẫu và lượt thực hành ngắn đủ cho mục tiêu ban đầu.
clean water.n,clean water,nước sạch,A2,todo,1170,1,short,50,60,75,50–65%,60–75%,Nghĩa có thể minh họa trực tiếp; một câu mẫu và lượt thực hành ngắn đủ cho mục tiêu ban đầu.
drinking water.n,drinking water,nước uống,A2,todo,1171,1,short,50,60,75,50–65%,60–75%,Nghĩa có thể minh họa trực tiếp; một câu mẫu và lượt thực hành ngắn đủ cho mục tiêu ban đầu.
metal.n,metal,kim loại,A2,todo,1172,1,short,50,60,75,50–65%,60–75%,Nghĩa có thể minh họa trực tiếp; một câu mẫu và lượt thực hành ngắn đủ cho mục tiêu ban đầu.
national park.n,national park,vườn quốc gia,A2,todo,1173,1,short,50,60,75,50–65%,60–75%,Nghĩa có thể minh họa trực tiếp; một câu mẫu và lượt thực hành ngắn đủ cho mục tiêu ban đầu.
light bulb.n,light bulb,bóng đèn,A2,todo,1174,1,short,50,60,75,50–65%,60–75%,Nghĩa có thể minh họa trực tiếp; một câu mẫu và lượt thực hành ngắn đủ cho mục tiêu ban đầu.
damage.n,damage,thiệt hại,A2,todo,1175,1,short,50,60,75,50–65%,60–75%,Nghĩa có thể minh họa trực tiếp; một câu mẫu và lượt thực hành ngắn đủ cho mục tiêu ban đầu.
planet.n,planet,"hành tinh, trái đất",A2,todo,1176,1,short,50,60,75,50–65%,60–75%,Nghĩa có thể minh họa trực tiếp; một câu mẫu và lượt thực hành ngắn đủ cho mục tiêu ban đầu.
public transport.n,public transport,phương tiện công cộng,A2,todo,1177,1,short,50,60,75,50–65%,60–75%,Nghĩa có thể minh họa trực tiếp; một câu mẫu và lượt thực hành ngắn đủ cho mục tiêu ban đầu.
match.n,match,trận đấu,A2,todo,1178,1,short,50,60,75,50–65%,60–75%,Nghĩa có thể minh họa trực tiếp; một câu mẫu và lượt thực hành ngắn đủ cho mục tiêu ban đầu.
team.n.sport,team,đội (thể thao),A2,todo,1179,1,short,50,60,75,50–65%,60–75%,Nghĩa có thể minh họa trực tiếp; một câu mẫu và lượt thực hành ngắn đủ cho mục tiêu ban đầu.
champion.n,champion,nhà vô địch,A2,todo,1180,1,short,50,60,75,50–65%,60–75%,Nghĩa có thể minh họa trực tiếp; một câu mẫu và lượt thực hành ngắn đủ cho mục tiêu ban đầu.
medal.n,medal,huy chương,A2,todo,1181,1,short,50,60,75,50–65%,60–75%,Nghĩa có thể minh họa trực tiếp; một câu mẫu và lượt thực hành ngắn đủ cho mục tiêu ban đầu.
gold medal.n,gold medal,huy chương vàng,A2,todo,1182,1,short,50,60,75,50–65%,60–75%,Nghĩa có thể minh họa trực tiếp; một câu mẫu và lượt thực hành ngắn đủ cho mục tiêu ban đầu.
season.n.sport,season,mùa giải,A2,todo,1183,1,short,50,60,75,50–65%,60–75%,Nghĩa có thể minh họa trực tiếp; một câu mẫu và lượt thực hành ngắn đủ cho mục tiêu ban đầu.
final.n,final,trận chung kết,A2,todo,1184,1,short,50,60,75,50–65%,60–75%,Nghĩa có thể minh họa trực tiếp; một câu mẫu và lượt thực hành ngắn đủ cho mục tiêu ban đầu.
score.n.sport,score,tỉ số,A2,todo,1185,1,short,50,60,75,50–65%,60–75%,Nghĩa có thể minh họa trực tiếp; một câu mẫu và lượt thực hành ngắn đủ cho mục tiêu ban đầu.
goalkeeper.n,goalkeeper,thủ môn,A2,todo,1186,1,short,50,60,75,50–65%,60–75%,Nghĩa có thể minh họa trực tiếp; một câu mẫu và lượt thực hành ngắn đủ cho mục tiêu ban đầu.
race.n,race,cuộc đua,A2,todo,1187,1,short,50,60,75,50–65%,60–75%,Nghĩa có thể minh họa trực tiếp; một câu mẫu và lượt thực hành ngắn đủ cho mục tiêu ban đầu.
court.n,court,"sân (quần vợt, bóng rổ)",A2,todo,1188,1,short,50,60,75,50–65%,60–75%,Nghĩa có thể minh họa trực tiếp; một câu mẫu và lượt thực hành ngắn đủ cho mục tiêu ban đầu.
field.n.sport,field,sân thi đấu,A2,todo,1189,1,short,50,60,75,50–65%,60–75%,Nghĩa có thể minh họa trực tiếp; một câu mẫu và lượt thực hành ngắn đủ cho mục tiêu ban đầu.
net.n,net,lưới,A2,todo,1190,1,short,50,60,75,50–65%,60–75%,Nghĩa có thể minh họa trực tiếp; một câu mẫu và lượt thực hành ngắn đủ cho mục tiêu ban đầu.
golf.n,golf,gôn,A2,todo,1191,1,short,50,60,75,50–65%,60–75%,Nghĩa có thể minh họa trực tiếp; một câu mẫu và lượt thực hành ngắn đủ cho mục tiêu ban đầu.
baseball.n,baseball,bóng chày,A2,todo,1192,1,short,50,60,75,50–65%,60–75%,Nghĩa có thể minh họa trực tiếp; một câu mẫu và lượt thực hành ngắn đủ cho mục tiêu ban đầu.
boxing.n,boxing,quyền anh,A2,todo,1193,1,short,50,60,75,50–65%,60–75%,Nghĩa có thể minh họa trực tiếp; một câu mẫu và lượt thực hành ngắn đủ cho mục tiêu ban đầu.
karate.n,karate,karate,A2,todo,1194,1,short,50,60,75,50–65%,60–75%,Nghĩa có thể minh họa trực tiếp; một câu mẫu và lượt thực hành ngắn đủ cho mục tiêu ban đầu.
judo.n,judo,judo,A2,todo,1195,1,short,50,60,75,50–65%,60–75%,Nghĩa có thể minh họa trực tiếp; một câu mẫu và lượt thực hành ngắn đủ cho mục tiêu ban đầu.
skiing.n,skiing,trượt tuyết,A2,todo,1196,1,short,50,60,75,50–65%,60–75%,Nghĩa có thể minh họa trực tiếp; một câu mẫu và lượt thực hành ngắn đủ cho mục tiêu ban đầu.
skating.n,skating,trượt băng,A2,todo,1197,1,short,50,60,75,50–65%,60–75%,Nghĩa có thể minh họa trực tiếp; một câu mẫu và lượt thực hành ngắn đủ cho mục tiêu ban đầu.
hiking.n,hiking,đi bộ đường dài,A2,todo,1198,1,short,50,60,75,50–65%,60–75%,Nghĩa có thể minh họa trực tiếp; một câu mẫu và lượt thực hành ngắn đủ cho mục tiêu ban đầu.
yoga.n,yoga,yoga,A2,todo,1199,1,short,50,60,75,50–65%,60–75%,Nghĩa có thể minh họa trực tiếp; một câu mẫu và lượt thực hành ngắn đủ cho mục tiêu ban đầu.
training.n,training,sự tập luyện,A2,todo,1200,1,short,50,60,75,50–65%,60–75%,Nghĩa có thể minh họa trực tiếp; một câu mẫu và lượt thực hành ngắn đủ cho mục tiêu ban đầu.
practice.n,practice,sự luyện tập,A2,todo,1201,1,short,50,60,75,50–65%,60–75%,Nghĩa có thể minh họa trực tiếp; một câu mẫu và lượt thực hành ngắn đủ cho mục tiêu ban đầu.
exercise.n,exercise,bài tập thể dục,A2,todo,1202,1,short,50,60,75,50–65%,60–75%,Nghĩa có thể minh họa trực tiếp; một câu mẫu và lượt thực hành ngắn đủ cho mục tiêu ban đầu.
weight.n.gym,weight,quả tạ,A2,todo,1203,1,short,50,60,75,50–65%,60–75%,Nghĩa có thể minh họa trực tiếp; một câu mẫu và lượt thực hành ngắn đủ cho mục tiêu ban đầu.
push-up.n,push-up,động tác chống đẩy,A2,todo,1204,1,short,50,60,75,50–65%,60–75%,Nghĩa có thể minh họa trực tiếp; một câu mẫu và lượt thực hành ngắn đủ cho mục tiêu ban đầu.
sit-up.n,sit-up,động tác gập bụng,A2,todo,1205,1,short,50,60,75,50–65%,60–75%,Nghĩa có thể minh họa trực tiếp; một câu mẫu và lượt thực hành ngắn đủ cho mục tiêu ban đầu.
sneakers.n,sneakers,giày thể thao,A2,todo,1206,1,short,50,60,75,50–65%,60–75%,Nghĩa có thể minh họa trực tiếp; một câu mẫu và lượt thực hành ngắn đủ cho mục tiêu ban đầu.
goggles.n,goggles,kính bơi,A2,todo,1207,1,short,50,60,75,50–65%,60–75%,Nghĩa có thể minh họa trực tiếp; một câu mẫu và lượt thực hành ngắn đủ cho mục tiêu ban đầu.
equipment.n,equipment,dụng cụ thể thao,A2,todo,1208,1,short,50,60,75,50–65%,60–75%,Nghĩa có thể minh họa trực tiếp; một câu mẫu và lượt thực hành ngắn đủ cho mục tiêu ban đầu.
club.n,club,câu lạc bộ,A2,todo,1209,1,short,50,60,75,50–65%,60–75%,Nghĩa có thể minh họa trực tiếp; một câu mẫu và lượt thực hành ngắn đủ cho mục tiêu ban đầu.
healthy lifestyle.n,healthy lifestyle,lối sống lành mạnh,A2,todo,1210,1,short,50,60,75,50–65%,60–75%,Nghĩa có thể minh họa trực tiếp; một câu mẫu và lượt thực hành ngắn đủ cho mục tiêu ban đầu.
scene.n,scene,cảnh phim,A2,todo,1211,1,short,50,60,75,50–65%,60–75%,Nghĩa có thể minh họa trực tiếp; một câu mẫu và lượt thực hành ngắn đủ cho mục tiêu ban đầu.
role.n.film,role,vai diễn,A2,todo,1212,1,short,50,60,75,50–65%,60–75%,Nghĩa có thể minh họa trực tiếp; một câu mẫu và lượt thực hành ngắn đủ cho mục tiêu ban đầu.
character.n.film,character,nhân vật,A2,todo,1213,1,short,50,60,75,50–65%,60–75%,Nghĩa có thể minh họa trực tiếp; một câu mẫu và lượt thực hành ngắn đủ cho mục tiêu ban đầu.
comedy.n,comedy,phim hài,A2,todo,1214,1,short,50,60,75,50–65%,60–75%,Nghĩa có thể minh họa trực tiếp; một câu mẫu và lượt thực hành ngắn đủ cho mục tiêu ban đầu.
horror.n,horror,phim kinh dị,A2,todo,1215,1,short,50,60,75,50–65%,60–75%,Nghĩa có thể minh họa trực tiếp; một câu mẫu và lượt thực hành ngắn đủ cho mục tiêu ban đầu.
cartoon.n,cartoon,"phim hoạt hình, tranh biếm hoạ",A2,todo,1216,1,short,50,60,75,50–65%,60–75%,Nghĩa có thể minh họa trực tiếp; một câu mẫu và lượt thực hành ngắn đủ cho mục tiêu ban đầu.
award.n,award,giải thưởng,A2,todo,1217,1,short,50,60,75,50–65%,60–75%,Nghĩa có thể minh họa trực tiếp; một câu mẫu và lượt thực hành ngắn đủ cho mục tiêu ban đầu.
program.n.tv,program,chương trình truyền hình,A2,todo,1218,1,short,50,60,75,50–65%,60–75%,Nghĩa có thể minh họa trực tiếp; một câu mẫu và lượt thực hành ngắn đủ cho mục tiêu ban đầu.
episode.n,episode,tập phim,A2,todo,1219,1,short,50,60,75,50–65%,60–75%,Nghĩa có thể minh họa trực tiếp; một câu mẫu và lượt thực hành ngắn đủ cho mục tiêu ban đầu.
series.n,series,"phim bộ, loạt phim",A2,todo,1220,1,short,50,60,75,50–65%,60–75%,Nghĩa có thể minh họa trực tiếp; một câu mẫu và lượt thực hành ngắn đủ cho mục tiêu ban đầu.
audience.n,audience,khán giả,A2,todo,1221,1,short,50,60,75,50–65%,60–75%,Nghĩa có thể minh họa trực tiếp; một câu mẫu và lượt thực hành ngắn đủ cho mục tiêu ban đầu.
viewer.n,viewer,người xem,A2,todo,1222,1,short,50,60,75,50–65%,60–75%,Nghĩa có thể minh họa trực tiếp; một câu mẫu và lượt thực hành ngắn đủ cho mục tiêu ban đầu.
star.n.celebrity,star,ngôi sao (nổi tiếng),A2,todo,1223,1,short,50,60,75,50–65%,60–75%,Nghĩa có thể minh họa trực tiếp; một câu mẫu và lượt thực hành ngắn đủ cho mục tiêu ban đầu.
social media.n,social media,mạng xã hội,A2,todo,1224,1,short,50,60,75,50–65%,60–75%,Nghĩa có thể minh họa trực tiếp; một câu mẫu và lượt thực hành ngắn đủ cho mục tiêu ban đầu.
account.n.social,account,tài khoản mạng xã hội,A2,todo,1225,1,short,50,60,75,50–65%,60–75%,Nghĩa có thể minh họa trực tiếp; một câu mẫu và lượt thực hành ngắn đủ cho mục tiêu ban đầu.
post.n,post,bài đăng,A2,todo,1226,1,short,50,60,75,50–65%,60–75%,Nghĩa có thể minh họa trực tiếp; một câu mẫu và lượt thực hành ngắn đủ cho mục tiêu ban đầu.
comment.n,comment,bình luận,A2,todo,1227,1,short,50,60,75,50–65%,60–75%,Nghĩa có thể minh họa trực tiếp; một câu mẫu và lượt thực hành ngắn đủ cho mục tiêu ban đầu.
gamer.n,gamer,người chơi game,A2,todo,1228,1,short,50,60,75,50–65%,60–75%,Nghĩa có thể minh họa trực tiếp; một câu mẫu và lượt thực hành ngắn đủ cho mục tiêu ban đầu.
level.n,level,"màn chơi, cấp độ",A2,todo,1229,1,short,50,60,75,50–65%,60–75%,Nghĩa có thể minh họa trực tiếp; một câu mẫu và lượt thực hành ngắn đủ cho mục tiêu ban đầu.
online game.n,online game,trò chơi trực tuyến,A2,todo,1230,1,short,50,60,75,50–65%,60–75%,Nghĩa có thể minh họa trực tiếp; một câu mẫu và lượt thực hành ngắn đủ cho mục tiêu ban đầu.
board game.n,board game,trò chơi cờ bàn,A2,todo,1231,1,short,50,60,75,50–65%,60–75%,Nghĩa có thể minh họa trực tiếp; một câu mẫu và lượt thực hành ngắn đủ cho mục tiêu ban đầu.
puzzle.n,puzzle,trò chơi giải đố,A2,todo,1232,1,short,50,60,75,50–65%,60–75%,Nghĩa có thể minh họa trực tiếp; một câu mẫu và lượt thực hành ngắn đủ cho mục tiêu ban đầu.
gaming.n,gaming,việc chơi game,A2,todo,1233,1,short,50,60,75,50–65%,60–75%,Nghĩa có thể minh họa trực tiếp; một câu mẫu và lượt thực hành ngắn đủ cho mục tiêu ban đầu.
event.n,event,sự kiện,A2,todo,1234,1,short,50,60,75,50–65%,60–75%,Nghĩa có thể minh họa trực tiếp; một câu mẫu và lượt thực hành ngắn đủ cho mục tiêu ban đầu.
festival.n,festival,lễ hội,A2,todo,1235,1,short,50,60,75,50–65%,60–75%,Nghĩa có thể minh họa trực tiếp; một câu mẫu và lượt thực hành ngắn đủ cho mục tiêu ban đầu.
concert.n,concert,buổi hoà nhạc,A2,todo,1236,1,short,50,60,75,50–65%,60–75%,Nghĩa có thể minh họa trực tiếp; một câu mẫu và lượt thực hành ngắn đủ cho mục tiêu ban đầu.
performance.n.media,performance,buổi biểu diễn,A2,todo,1237,1,short,50,60,75,50–65%,60–75%,Nghĩa có thể minh họa trực tiếp; một câu mẫu và lượt thực hành ngắn đủ cho mục tiêu ban đầu.
remote control.n,remote control,điều khiển từ xa,A2,todo,1238,1,short,50,60,75,50–65%,60–75%,Nghĩa có thể minh họa trực tiếp; một câu mẫu và lượt thực hành ngắn đủ cho mục tiêu ban đầu.
webcam.n,webcam,webcam,A2,todo,1239,1,short,50,60,75,50–65%,60–75%,Nghĩa có thể minh họa trực tiếp; một câu mẫu và lượt thực hành ngắn đủ cho mục tiêu ban đầu.
instrument.n,instrument,nhạc cụ,A2,todo,1240,1,short,50,60,75,50–65%,60–75%,Nghĩa có thể minh họa trực tiếp; một câu mẫu và lượt thực hành ngắn đủ cho mục tiêu ban đầu.
violin.n,violin,đàn vi-ô-lông,A2,todo,1241,1,short,50,60,75,50–65%,60–75%,Nghĩa có thể minh họa trực tiếp; một câu mẫu và lượt thực hành ngắn đủ cho mục tiêu ban đầu.
keyboard.n.art,keyboard,đàn phím điện tử,A2,todo,1242,1,short,50,60,75,50–65%,60–75%,Nghĩa có thể minh họa trực tiếp; một câu mẫu và lượt thực hành ngắn đủ cho mục tiêu ban đầu.
headphones.n,headphones,tai nghe,A2,todo,1243,1,short,50,60,75,50–65%,60–75%,Nghĩa có thể minh họa trực tiếp; một câu mẫu và lượt thực hành ngắn đủ cho mục tiêu ban đầu.
album.n,album,album nhạc,A2,todo,1244,1,short,50,60,75,50–65%,60–75%,Nghĩa có thể minh họa trực tiếp; một câu mẫu và lượt thực hành ngắn đủ cho mục tiêu ban đầu.
lyrics.n,lyrics,lời bài hát,A2,todo,1245,1,short,50,60,75,50–65%,60–75%,Nghĩa có thể minh họa trực tiếp; một câu mẫu và lượt thực hành ngắn đủ cho mục tiêu ban đầu.
note.n,note,nốt nhạc,A2,todo,1246,1,short,50,60,75,50–65%,60–75%,Nghĩa có thể minh họa trực tiếp; một câu mẫu và lượt thực hành ngắn đủ cho mục tiêu ban đầu.
recording.n.noun,recording,bản thu âm,A2,todo,1247,1,short,50,60,75,50–65%,60–75%,Nghĩa có thể minh họa trực tiếp; một câu mẫu và lượt thực hành ngắn đủ cho mục tiêu ban đầu.
stage.n,stage,sân khấu,A2,todo,1248,1,short,50,60,75,50–65%,60–75%,Nghĩa có thể minh họa trực tiếp; một câu mẫu và lượt thực hành ngắn đủ cho mục tiêu ban đầu.
jazz.n,jazz,nhạc jazz,A2,todo,1249,1,short,50,60,75,50–65%,60–75%,Nghĩa có thể minh họa trực tiếp; một câu mẫu và lượt thực hành ngắn đủ cho mục tiêu ban đầu.
hip hop.n,hip hop,nhạc hip hop,A2,todo,1250,1,short,50,60,75,50–65%,60–75%,Nghĩa có thể minh họa trực tiếp; một câu mẫu và lượt thực hành ngắn đủ cho mục tiêu ban đầu.
rap.n,rap,nhạc rap,A2,todo,1251,1,short,50,60,75,50–65%,60–75%,Nghĩa có thể minh họa trực tiếp; một câu mẫu và lượt thực hành ngắn đủ cho mục tiêu ban đầu.
brush.n,brush,cọ vẽ,A2,todo,1252,1,short,50,60,75,50–65%,60–75%,Nghĩa có thể minh họa trực tiếp; một câu mẫu và lượt thực hành ngắn đủ cho mục tiêu ban đầu.
paintbrush.n,paintbrush,cây cọ vẽ,A2,todo,1253,1,short,50,60,75,50–65%,60–75%,Nghĩa có thể minh họa trực tiếp; một câu mẫu và lượt thực hành ngắn đủ cho mục tiêu ban đầu.
frame.n,frame,khung tranh,A2,todo,1254,1,short,50,60,75,50–65%,60–75%,Nghĩa có thể minh họa trực tiếp; một câu mẫu và lượt thực hành ngắn đủ cho mục tiêu ban đầu.
photography.n,photography,nhiếp ảnh,A2,todo,1255,1,short,50,60,75,50–65%,60–75%,Nghĩa có thể minh họa trực tiếp; một câu mẫu và lượt thực hành ngắn đủ cho mục tiêu ban đầu.
image.n,image,hình ảnh,A2,todo,1256,1,short,50,60,75,50–65%,60–75%,Nghĩa có thể minh họa trực tiếp; một câu mẫu và lượt thực hành ngắn đủ cho mục tiêu ban đầu.
design.n,design,thiết kế,A2,todo,1257,1,short,50,60,75,50–65%,60–75%,Nghĩa có thể minh họa trực tiếp; một câu mẫu và lượt thực hành ngắn đủ cho mục tiêu ban đầu.
comic.n,comic,truyện tranh,A2,todo,1258,1,short,50,60,75,50–65%,60–75%,Nghĩa có thể minh họa trực tiếp; một câu mẫu và lượt thực hành ngắn đủ cho mục tiêu ban đầu.
play.n.drama,play,vở kịch,A2,todo,1259,1,short,50,60,75,50–65%,60–75%,Nghĩa có thể minh họa trực tiếp; một câu mẫu và lượt thực hành ngắn đủ cho mục tiêu ban đầu.
style.n,style,phong cách,A2,todo,1260,1,short,50,60,75,50–65%,60–75%,Nghĩa có thể minh họa trực tiếp; một câu mẫu và lượt thực hành ngắn đủ cho mục tiêu ban đầu.
prison.n,prison,nhà tù,A2,todo,1261,1,short,50,60,75,50–65%,60–75%,Nghĩa có thể minh họa trực tiếp; một câu mẫu và lượt thực hành ngắn đủ cho mục tiêu ban đầu.
jail.n,jail,nhà giam,A2,todo,1262,1,short,50,60,75,50–65%,60–75%,Nghĩa có thể minh họa trực tiếp; một câu mẫu và lượt thực hành ngắn đủ cho mục tiêu ban đầu.
president.n,president,tổng thống,A2,todo,1263,1,short,50,60,75,50–65%,60–75%,Nghĩa có thể minh họa trực tiếp; một câu mẫu và lượt thực hành ngắn đủ cho mục tiêu ban đầu.
document.n.administrative,document,"văn bản, giấy tờ",A2,todo,1264,1,short,50,60,75,50–65%,60–75%,Nghĩa có thể minh họa trực tiếp; một câu mẫu và lượt thực hành ngắn đủ cho mục tiêu ban đầu.
identity card.n,identity card,chứng minh thư,A2,todo,1265,1,short,50,60,75,50–65%,60–75%,Nghĩa có thể minh họa trực tiếp; một câu mẫu và lượt thực hành ngắn đủ cho mục tiêu ban đầu.
stamp.n,stamp,con dấu,A2,todo,1266,1,short,50,60,75,50–65%,60–75%,Nghĩa có thể minh họa trực tiếp; một câu mẫu và lượt thực hành ngắn đủ cho mục tiêu ban đầu.
moment.n,moment,khoảnh khắc,A2,todo,1267,1,short,50,60,75,50–65%,60–75%,Nghĩa có thể minh họa trực tiếp; một câu mẫu và lượt thực hành ngắn đủ cho mục tiêu ban đầu.
timer.n,timer,bộ đếm giờ,A2,todo,1268,1,short,50,60,75,50–65%,60–75%,Nghĩa có thể minh họa trực tiếp; một câu mẫu và lượt thực hành ngắn đủ cho mục tiêu ban đầu.
amount.n,amount,số lượng (không đếm được),A2,todo,1269,1,short,50,60,75,50–65%,60–75%,Nghĩa có thể minh họa trực tiếp; một câu mẫu và lượt thực hành ngắn đủ cho mục tiêu ban đầu.
total.n,total,tổng số,A2,todo,1270,1,short,50,60,75,50–65%,60–75%,Nghĩa có thể minh họa trực tiếp; một câu mẫu và lượt thực hành ngắn đủ cho mục tiêu ban đầu.
centimetre.n,centimetre,xăngtimét,A2,todo,1271,1,short,50,60,75,50–65%,60–75%,Nghĩa có thể minh họa trực tiếp; một câu mẫu và lượt thực hành ngắn đủ cho mục tiêu ban đầu.
inch.n,inch,inch,A2,todo,1272,1,short,50,60,75,50–65%,60–75%,Nghĩa có thể minh họa trực tiếp; một câu mẫu và lượt thực hành ngắn đủ cho mục tiêu ban đầu.
percent.n,percent,phần trăm,A2,todo,1273,1,short,50,60,75,50–65%,60–75%,Nghĩa có thể minh họa trực tiếp; một câu mẫu và lượt thực hành ngắn đủ cho mục tiêu ban đầu.
length.n,length,chiều dài,A2,todo,1274,1,short,50,60,75,50–65%,60–75%,Nghĩa có thể minh họa trực tiếp; một câu mẫu và lượt thực hành ngắn đủ cho mục tiêu ban đầu.
width.n,width,chiều rộng,A2,todo,1275,1,short,50,60,75,50–65%,60–75%,Nghĩa có thể minh họa trực tiếp; một câu mẫu và lượt thực hành ngắn đủ cho mục tiêu ban đầu.
area.n,area,diện tích,A2,todo,1276,1,short,50,60,75,50–65%,60–75%,Nghĩa có thể minh họa trực tiếp; một câu mẫu và lượt thực hành ngắn đủ cho mục tiêu ban đầu.
triangle.n,triangle,hình tam giác,A2,todo,1277,1,short,50,60,75,50–65%,60–75%,Nghĩa có thể minh họa trực tiếp; một câu mẫu và lượt thực hành ngắn đủ cho mục tiêu ban đầu.
rectangle.n,rectangle,hình chữ nhật,A2,todo,1278,1,short,50,60,75,50–65%,60–75%,Nghĩa có thể minh họa trực tiếp; một câu mẫu và lượt thực hành ngắn đủ cho mục tiêu ban đầu.
shape.n,shape,hình dạng,A2,todo,1279,1,short,50,60,75,50–65%,60–75%,Nghĩa có thể minh họa trực tiếp; một câu mẫu và lượt thực hành ngắn đủ cho mục tiêu ban đầu.
power.n.electricity,power,"điện, nguồn điện",A2,todo,1280,1,short,50,60,75,50–65%,60–75%,Nghĩa cụ thể hoặc quan hệ sở hữu đơn giản; không kéo dài vì từ đồng dạng có cách dùng khác.
form.n.shape,form,"hình dạng, hình thể",A2,todo,1281,1,short,50,60,75,50–65%,60–75%,Nghĩa cụ thể hoặc quan hệ sở hữu đơn giản; không kéo dài vì từ đồng dạng có cách dùng khác.
look.n.glance-noun,look,"cái nhìn, ánh mắt",A2,todo,1282,1,short,50,60,75,50–65%,60–75%,Nghĩa cụ thể hoặc quan hệ sở hữu đơn giản; không kéo dài vì từ đồng dạng có cách dùng khác.
yawn.v,yawn,ngáp,A2,todo,1283,2,short,50,60,75,50–65%,60–75%,Nghĩa có thể minh họa trực tiếp; một câu mẫu và lượt thực hành ngắn đủ cho mục tiêu ban đầu.
comb.v,comb,chải tóc bằng lược,A2,todo,1284,2,short,50,60,75,50–65%,60–75%,Nghĩa có thể minh họa trực tiếp; một câu mẫu và lượt thực hành ngắn đủ cho mục tiêu ban đầu.
shave.v,shave,cạo râu,A2,todo,1285,2,short,50,60,75,50–65%,60–75%,Nghĩa có thể minh họa trực tiếp; một câu mẫu và lượt thực hành ngắn đủ cho mục tiêu ban đầu.
return.v.come-back,return,quay về,A2,todo,1286,2,short,50,60,75,50–65%,60–75%,Nghĩa có thể minh họa trực tiếp; một câu mẫu và lượt thực hành ngắn đủ cho mục tiêu ban đầu.
tidy.v,tidy,dọn cho gọn,A2,todo,1287,2,short,50,60,75,50–65%,60–75%,Nghĩa có thể minh họa trực tiếp; một câu mẫu và lượt thực hành ngắn đủ cho mục tiêu ban đầu.
sweep.v,sweep,quét,A2,todo,1288,2,short,50,60,75,50–65%,60–75%,Nghĩa có thể minh họa trực tiếp; một câu mẫu và lượt thực hành ngắn đủ cho mục tiêu ban đầu.
dry.v.make-dry,dry,làm khô,A2,todo,1289,2,short,50,60,75,50–65%,60–75%,Nghĩa có thể minh họa trực tiếp; một câu mẫu và lượt thực hành ngắn đủ cho mục tiêu ban đầu.
iron.v,iron,"là, ủi quần áo",A2,todo,1290,2,short,50,60,75,50–65%,60–75%,Nghĩa có thể minh họa trực tiếp; một câu mẫu và lượt thực hành ngắn đủ cho mục tiêu ban đầu.
hang.v,hang,treo lên,A2,todo,1291,2,short,50,60,75,50–65%,60–75%,Nghĩa có thể minh họa trực tiếp; một câu mẫu và lượt thực hành ngắn đủ cho mục tiêu ban đầu.
relax.v,relax,thư giãn,A2,todo,1292,2,short,50,60,75,50–65%,60–75%,Nghĩa có thể minh họa trực tiếp; một câu mẫu và lượt thực hành ngắn đủ cho mục tiêu ban đầu.
asleep.adj,asleep,đang ngủ,A2,todo,1293,2,short,50,60,75,50–65%,60–75%,Nghĩa có thể minh họa trực tiếp; một câu mẫu và lượt thực hành ngắn đủ cho mục tiêu ban đầu.
awake.adj,awake,đang thức,A2,todo,1294,2,short,50,60,75,50–65%,60–75%,Nghĩa có thể minh họa trực tiếp; một câu mẫu và lượt thực hành ngắn đủ cho mục tiêu ban đầu.
sleepy.adj,sleepy,buồn ngủ,A2,todo,1295,2,short,50,60,75,50–65%,60–75%,Nghĩa có thể minh họa trực tiếp; một câu mẫu và lượt thực hành ngắn đủ cho mục tiêu ban đầu.
daily.adj,daily,hằng ngày,A2,todo,1296,2,short,50,60,75,50–65%,60–75%,Nghĩa có thể minh họa trực tiếp; một câu mẫu và lượt thực hành ngắn đủ cho mục tiêu ban đầu.
weekly.adj,weekly,hằng tuần,A2,todo,1297,2,short,50,60,75,50–65%,60–75%,Nghĩa có thể minh họa trực tiếp; một câu mẫu và lượt thực hành ngắn đủ cho mục tiêu ban đầu.
monthly.adj,monthly,hằng tháng,A2,todo,1298,2,short,50,60,75,50–65%,60–75%,Nghĩa có thể minh họa trực tiếp; một câu mẫu và lượt thực hành ngắn đủ cho mục tiêu ban đầu.
lock.v,lock,khoá cửa,A2,todo,1299,2,short,50,60,75,50–65%,60–75%,Nghĩa có thể minh họa trực tiếp; một câu mẫu và lượt thực hành ngắn đủ cho mục tiêu ban đầu.
unlock.v,unlock,mở khoá,A2,todo,1300,2,short,50,60,75,50–65%,60–75%,Nghĩa có thể minh họa trực tiếp; một câu mẫu và lượt thực hành ngắn đủ cho mục tiêu ban đầu.
switch.v.toggle,switch,bật tắt công tắc,A2,todo,1301,2,short,50,60,75,50–65%,60–75%,Nghĩa có thể minh họa trực tiếp; một câu mẫu và lượt thực hành ngắn đủ cho mục tiêu ban đầu.
charge.v.battery,charge,sạc pin,A2,todo,1302,2,short,50,60,75,50–65%,60–75%,Nghĩa có thể minh họa trực tiếp; một câu mẫu và lượt thực hành ngắn đủ cho mục tiêu ban đầu.
set.v.adjust,set,"đặt, chỉnh (báo thức, giờ)",A2,todo,1303,2,short,50,60,75,50–65%,60–75%,Nghĩa có thể minh họa trực tiếp; một câu mẫu và lượt thực hành ngắn đủ cho mục tiêu ban đầu.
prepare.v,prepare,chuẩn bị,A2,todo,1304,2,short,50,60,75,50–65%,60–75%,Nghĩa có thể minh họa trực tiếp; một câu mẫu và lượt thực hành ngắn đủ cho mục tiêu ban đầu.
pack.v,pack,xếp đồ vào túi,A2,todo,1305,2,short,50,60,75,50–65%,60–75%,Nghĩa có thể minh họa trực tiếp; một câu mẫu và lượt thực hành ngắn đủ cho mục tiêu ban đầu.
hurry.v,hurry,vội,A2,todo,1306,2,short,50,60,75,50–65%,60–75%,Nghĩa có thể minh họa trực tiếp; một câu mẫu và lượt thực hành ngắn đủ cho mục tiêu ban đầu.
chat.v,chat,trò chuyện phiếm,A2,todo,1307,2,short,50,60,75,50–65%,60–75%,Nghĩa có thể minh họa trực tiếp; một câu mẫu và lượt thực hành ngắn đủ cho mục tiêu ban đầu.
water.v.plant,water,tưới nước,A2,todo,1308,2,short,50,60,75,50–65%,60–75%,Nghĩa có thể minh họa trực tiếp; một câu mẫu và lượt thực hành ngắn đủ cho mục tiêu ban đầu.
feed.v,feed,cho ăn,A2,todo,1309,2,short,50,60,75,50–65%,60–75%,Nghĩa có thể minh họa trực tiếp; một câu mẫu và lượt thực hành ngắn đủ cho mục tiêu ban đầu.
exercise.v,exercise,tập thể dục,A2,todo,1310,2,short,50,60,75,50–65%,60–75%,Nghĩa có thể minh họa trực tiếp; một câu mẫu và lượt thực hành ngắn đủ cho mục tiêu ban đầu.
marry.v,marry,kết hôn,A2,todo,1311,2,short,50,60,75,50–65%,60–75%,Nghĩa có thể minh họa trực tiếp; một câu mẫu và lượt thực hành ngắn đủ cho mục tiêu ban đầu.
single.adj,single,độc thân,A2,todo,1312,2,short,50,60,75,50–65%,60–75%,Nghĩa có thể minh họa trực tiếp; một câu mẫu và lượt thực hành ngắn đủ cho mục tiêu ban đầu.
close.adj.intimate,close,thân thiết,A2,todo,1313,2,short,50,60,75,50–65%,60–75%,Nghĩa có thể minh họa trực tiếp; một câu mẫu và lượt thực hành ngắn đủ cho mục tiêu ban đầu.
trust.v,trust,tin tưởng,A2,todo,1314,2,short,50,60,75,50–65%,60–75%,Nghĩa có thể minh họa trực tiếp; một câu mẫu và lượt thực hành ngắn đủ cho mục tiêu ban đầu.
support.v.back-up,support,"ủng hộ, chống lưng",A2,todo,1315,2,short,50,60,75,50–65%,60–75%,Nghĩa có thể minh họa trực tiếp; một câu mẫu và lượt thực hành ngắn đủ cho mục tiêu ban đầu.
care.v,care,quan tâm,A2,todo,1316,2,short,50,60,75,50–65%,60–75%,Nghĩa có thể minh họa trực tiếp; một câu mẫu và lượt thực hành ngắn đủ cho mục tiêu ban đầu.
apologise.v,apologise,xin lỗi,A2,todo,1317,2,short,50,60,75,50–65%,60–75%,Nghĩa có thể minh họa trực tiếp; một câu mẫu và lượt thực hành ngắn đủ cho mục tiêu ban đầu.
invite.v,invite,mời,A2,todo,1318,2,short,50,60,75,50–65%,60–75%,Nghĩa có thể minh họa trực tiếp; một câu mẫu và lượt thực hành ngắn đủ cho mục tiêu ban đầu.
celebrate.v,celebrate,ăn mừng,A2,todo,1319,2,short,50,60,75,50–65%,60–75%,Nghĩa có thể minh họa trực tiếp; một câu mẫu và lượt thực hành ngắn đủ cho mục tiêu ban đầu.
name.v,name,đặt tên,A2,todo,1320,2,short,50,60,75,50–65%,60–75%,Nghĩa có thể minh họa trực tiếp; một câu mẫu và lượt thực hành ngắn đủ cho mục tiêu ban đầu.
breathe.v,breathe,thở,A2,todo,1321,2,short,50,60,75,50–65%,60–75%,Nghĩa có thể minh họa trực tiếp; một câu mẫu và lượt thực hành ngắn đủ cho mục tiêu ban đầu.
fit.adj,fit,có thể lực tốt,A2,todo,1322,2,short,50,60,75,50–65%,60–75%,Nghĩa có thể minh họa trực tiếp; một câu mẫu và lượt thực hành ngắn đủ cho mục tiêu ban đầu.
weak.adj,weak,yếu,A2,todo,1323,2,short,50,60,75,50–65%,60–75%,Nghĩa có thể minh họa trực tiếp; một câu mẫu và lượt thực hành ngắn đủ cho mục tiêu ban đầu.
ill.adj,ill,"ốm, bệnh",A2,todo,1324,2,short,50,60,75,50–65%,60–75%,Nghĩa có thể minh họa trực tiếp; một câu mẫu và lượt thực hành ngắn đủ cho mục tiêu ban đầu.
hurt.v,hurt,"làm đau, thấy đau",A2,todo,1325,2,short,50,60,75,50–65%,60–75%,Nghĩa có thể minh họa trực tiếp; một câu mẫu và lượt thực hành ngắn đủ cho mục tiêu ban đầu.
cough.v,cough,ho,A2,todo,1326,2,short,50,60,75,50–65%,60–75%,Nghĩa có thể minh họa trực tiếp; một câu mẫu và lượt thực hành ngắn đủ cho mục tiêu ban đầu.
lose.v.reduce,lose,"giảm đi, mất",A2,todo,1327,2,short,50,60,75,50–65%,60–75%,Nghĩa có thể minh họa trực tiếp; một câu mẫu và lượt thực hành ngắn đủ cho mục tiêu ban đầu.
smoke.v,smoke,hút thuốc,A2,todo,1328,2,short,50,60,75,50–65%,60–75%,Nghĩa có thể minh họa trực tiếp; một câu mẫu và lượt thực hành ngắn đủ cho mục tiêu ban đầu.
slim.adj,slim,mảnh mai,A2,todo,1329,2,short,50,60,75,50–65%,60–75%,Nghĩa có thể minh họa trực tiếp; một câu mẫu và lượt thực hành ngắn đủ cho mục tiêu ban đầu.
public.adj,public,công lập,A2,todo,1330,2,short,50,60,75,50–65%,60–75%,Nghĩa có thể minh họa trực tiếp; một câu mẫu và lượt thực hành ngắn đủ cho mục tiêu ban đầu.
private.adj,private,tư nhân,A2,todo,1331,2,short,50,60,75,50–65%,60–75%,Nghĩa có thể minh họa trực tiếp; một câu mẫu và lượt thực hành ngắn đủ cho mục tiêu ban đầu.
painful.adj,painful,gây đau,A2,todo,1332,2,short,50,60,75,50–65%,60–75%,Nghĩa có thể minh họa trực tiếp; một câu mẫu và lượt thực hành ngắn đủ cho mục tiêu ban đầu.
sour.adj,sour,chua,A2,todo,1333,2,short,50,60,75,50–65%,60–75%,Nghĩa có thể minh họa trực tiếp; một câu mẫu và lượt thực hành ngắn đủ cho mục tiêu ban đầu.
salty.adj,salty,mặn,A2,todo,1334,2,short,50,60,75,50–65%,60–75%,Nghĩa có thể minh họa trực tiếp; một câu mẫu và lượt thực hành ngắn đủ cho mục tiêu ban đầu.
spicy.adj,spicy,cay,A2,todo,1335,2,short,50,60,75,50–65%,60–75%,Nghĩa có thể minh họa trực tiếp; một câu mẫu và lượt thực hành ngắn đủ cho mục tiêu ban đầu.
tasty.adj,tasty,"đậm đà, ngon miệng",A2,todo,1336,2,short,50,60,75,50–65%,60–75%,Nghĩa có thể minh họa trực tiếp; một câu mẫu và lượt thực hành ngắn đủ cho mục tiêu ban đầu.
peel.v,peel,gọt vỏ,A2,todo,1337,2,short,50,60,75,50–65%,60–75%,Nghĩa có thể minh họa trực tiếp; một câu mẫu và lượt thực hành ngắn đủ cho mục tiêu ban đầu.
mix.v,mix,trộn,A2,todo,1338,2,short,50,60,75,50–65%,60–75%,Nghĩa có thể minh họa trực tiếp; một câu mẫu và lượt thực hành ngắn đủ cho mục tiêu ban đầu.
pour.v,pour,rót,A2,todo,1339,2,short,50,60,75,50–65%,60–75%,Nghĩa có thể minh họa trực tiếp; một câu mẫu và lượt thực hành ngắn đủ cho mục tiêu ban đầu.
boil.v,boil,"luộc, đun sôi",A2,todo,1340,2,short,50,60,75,50–65%,60–75%,Nghĩa có thể minh họa trực tiếp; một câu mẫu và lượt thực hành ngắn đủ cho mục tiêu ban đầu.
fry.v,fry,rán,A2,todo,1341,2,short,50,60,75,50–65%,60–75%,Nghĩa có thể minh họa trực tiếp; một câu mẫu và lượt thực hành ngắn đủ cho mục tiêu ban đầu.
bake.v,bake,nướng bánh,A2,todo,1342,2,short,50,60,75,50–65%,60–75%,Nghĩa có thể minh họa trực tiếp; một câu mẫu và lượt thực hành ngắn đủ cho mục tiêu ban đầu.
burn.v,burn,làm cháy,A2,todo,1343,2,short,50,60,75,50–65%,60–75%,Nghĩa có thể minh họa trực tiếp; một câu mẫu và lượt thực hành ngắn đủ cho mục tiêu ban đầu.
smooth.adj.texture,smooth,"mịn, không lợn cợn",A2,todo,1344,2,short,50,60,75,50–65%,60–75%,Nghĩa có thể minh họa trực tiếp; một câu mẫu và lượt thực hành ngắn đủ cho mục tiêu ban đầu.
taste.v,taste,nếm thử,A2,todo,1345,2,short,50,60,75,50–65%,60–75%,Nghĩa có thể minh họa trực tiếp; một câu mẫu và lượt thực hành ngắn đủ cho mục tiêu ban đầu.
measure.v,measure,"đong, đo lượng",A2,todo,1346,2,short,50,60,75,50–65%,60–75%,Nghĩa có thể minh họa trực tiếp; một câu mẫu và lượt thực hành ngắn đủ cho mục tiêu ban đầu.
sharp.adj.blade,sharp,sắc bén,A2,todo,1347,2,short,50,60,75,50–65%,60–75%,Nghĩa có thể minh họa trực tiếp; một câu mẫu và lượt thực hành ngắn đủ cho mục tiêu ban đầu.
rent.v,rent,thuê nhà,A2,todo,1348,2,short,50,60,75,50–65%,60–75%,Nghĩa có thể minh họa trực tiếp; một câu mẫu và lượt thực hành ngắn đủ cho mục tiêu ban đầu.
repair.v,repair,sửa chữa,A2,todo,1349,2,short,50,60,75,50–65%,60–75%,Nghĩa có thể minh họa trực tiếp; một câu mẫu và lượt thực hành ngắn đủ cho mục tiêu ban đầu.
fix.v.repair,fix,sửa cho hỏng thành chạy,A2,todo,1350,2,short,50,60,75,50–65%,60–75%,Nghĩa có thể minh họa trực tiếp; một câu mẫu và lượt thực hành ngắn đủ cho mục tiêu ban đầu.
paint.v.home,paint,sơn,A2,todo,1351,2,short,50,60,75,50–65%,60–75%,Nghĩa có thể minh họa trực tiếp; một câu mẫu và lượt thực hành ngắn đủ cho mục tiêu ban đầu.
tidy.adj,tidy,gọn gàng,A2,todo,1352,2,short,50,60,75,50–65%,60–75%,Nghĩa có thể minh họa trực tiếp; một câu mẫu và lượt thực hành ngắn đủ cho mục tiêu ban đầu.
messy.adj,messy,bừa bộn,A2,todo,1353,2,short,50,60,75,50–65%,60–75%,Nghĩa có thể minh họa trực tiếp; một câu mẫu và lượt thực hành ngắn đủ cho mục tiêu ban đầu.
bright.adj.lighting,bright,sáng sủa,A2,todo,1354,2,short,50,60,75,50–65%,60–75%,Nghĩa có thể minh họa trực tiếp; một câu mẫu và lượt thực hành ngắn đủ cho mục tiêu ban đầu.
noisy.adj,noisy,ồn,A2,todo,1355,2,short,50,60,75,50–65%,60–75%,Nghĩa có thể minh họa trực tiếp; một câu mẫu và lượt thực hành ngắn đủ cho mục tiêu ban đầu.
fit.v.size,fit,vừa vặn,A2,todo,1356,2,short,50,60,75,50–65%,60–75%,Nghĩa có thể minh họa trực tiếp; một câu mẫu và lượt thực hành ngắn đủ cho mục tiêu ban đầu.
tight.adj,tight,"chật, bó",A2,todo,1357,2,short,50,60,75,50–65%,60–75%,Nghĩa có thể minh họa trực tiếp; một câu mẫu và lượt thực hành ngắn đủ cho mục tiêu ban đầu.
match.v,match,hợp tông với nhau,A2,todo,1358,2,short,50,60,75,50–65%,60–75%,Nghĩa có thể minh họa trực tiếp; một câu mẫu và lượt thực hành ngắn đủ cho mục tiêu ban đầu.
return.v.goods,return,trả lại hàng,A2,todo,1359,2,short,50,60,75,50–65%,60–75%,Nghĩa có thể minh họa trực tiếp; một câu mẫu và lượt thực hành ngắn đủ cho mục tiêu ban đầu.
pass.v,pass,thi đỗ,A2,todo,1360,2,short,50,60,75,50–65%,60–75%,Nghĩa có thể minh họa trực tiếp; một câu mẫu và lượt thực hành ngắn đủ cho mục tiêu ban đầu.
fail.v,fail,thi trượt,A2,todo,1361,2,short,50,60,75,50–65%,60–75%,Nghĩa có thể minh họa trực tiếp; một câu mẫu và lượt thực hành ngắn đủ cho mục tiêu ban đầu.
practise.v,practise,luyện tập,A2,todo,1362,2,short,50,60,75,50–65%,60–75%,Nghĩa có thể minh họa trực tiếp; một câu mẫu và lượt thực hành ngắn đủ cho mục tiêu ban đầu.
explain.v,explain,giải thích,A2,todo,1363,2,short,50,60,75,50–65%,60–75%,Nghĩa có thể minh họa trực tiếp; một câu mẫu và lượt thực hành ngắn đủ cho mục tiêu ban đầu.
correct.v,correct,sửa lỗi,A2,todo,1364,2,short,50,60,75,50–65%,60–75%,Nghĩa có thể minh họa trực tiếp; một câu mẫu và lượt thực hành ngắn đủ cho mục tiêu ban đầu.
improve.v,improve,cải thiện,A2,todo,1365,2,short,50,60,75,50–65%,60–75%,Nghĩa có thể minh họa trực tiếp; một câu mẫu và lượt thực hành ngắn đủ cho mục tiêu ban đầu.
reply.v,reply,trả lời thư,A2,todo,1366,2,short,50,60,75,50–65%,60–75%,Nghĩa có thể minh họa trực tiếp; một câu mẫu và lượt thực hành ngắn đủ cho mục tiêu ban đầu.
apply.v,apply,nộp đơn xin việc,A2,todo,1367,2,short,50,60,75,50–65%,60–75%,Nghĩa có thể minh họa trực tiếp; một câu mẫu và lượt thực hành ngắn đủ cho mục tiêu ban đầu.
full-time.adj,full-time,toàn thời gian,A2,todo,1368,2,short,50,60,75,50–65%,60–75%,Nghĩa có thể minh họa trực tiếp; một câu mẫu và lượt thực hành ngắn đủ cho mục tiêu ban đầu.
part-time.adj,part-time,bán thời gian,A2,todo,1369,2,short,50,60,75,50–65%,60–75%,Nghĩa có thể minh họa trực tiếp; một câu mẫu và lượt thực hành ngắn đủ cho mục tiêu ban đầu.
accept.v.offer,accept,nhận lời mời làm,A2,todo,1370,2,short,50,60,75,50–65%,60–75%,Nghĩa có thể minh họa trực tiếp; một câu mẫu và lượt thực hành ngắn đủ cho mục tiêu ban đầu.
install.v,install,cài đặt,A2,todo,1371,2,short,50,60,75,50–65%,60–75%,Nghĩa có thể minh họa trực tiếp; một câu mẫu và lượt thực hành ngắn đủ cho mục tiêu ban đầu.
update.v,update,cập nhật,A2,todo,1372,2,short,50,60,75,50–65%,60–75%,Nghĩa có thể minh họa trực tiếp; một câu mẫu và lượt thực hành ngắn đủ cho mục tiêu ban đầu.
upload.v,upload,tải lên,A2,todo,1373,2,short,50,60,75,50–65%,60–75%,Nghĩa có thể minh họa trực tiếp; một câu mẫu và lượt thực hành ngắn đủ cho mục tiêu ban đầu.
tap.v,tap,chạm màn hình,A2,todo,1374,2,short,50,60,75,50–65%,60–75%,Nghĩa có thể minh họa trực tiếp; một câu mẫu và lượt thực hành ngắn đủ cho mục tiêu ban đầu.
swipe.v,swipe,vuốt,A2,todo,1375,2,short,50,60,75,50–65%,60–75%,Nghĩa có thể minh họa trực tiếp; một câu mẫu và lượt thực hành ngắn đủ cho mục tiêu ban đầu.
paste.v,paste,dán,A2,todo,1376,2,short,50,60,75,50–65%,60–75%,Nghĩa có thể minh họa trực tiếp; một câu mẫu và lượt thực hành ngắn đủ cho mục tiêu ban đầu.
cut.v.clipboard,cut,cắt để di chuyển,A2,todo,1377,2,short,50,60,75,50–65%,60–75%,Nghĩa có thể minh họa trực tiếp; một câu mẫu và lượt thực hành ngắn đủ cho mục tiêu ban đầu.
undo.v,undo,hoàn tác,A2,todo,1378,2,short,50,60,75,50–65%,60–75%,Nghĩa có thể minh họa trực tiếp; một câu mẫu và lượt thực hành ngắn đủ cho mục tiêu ban đầu.
offline.adj,offline,ngoại tuyến,A2,todo,1379,2,short,50,60,75,50–65%,60–75%,Nghĩa có thể minh họa trực tiếp; một câu mẫu và lượt thực hành ngắn đủ cho mục tiêu ban đầu.
logout.v,logout,đăng xuất,A2,todo,1380,2,short,50,60,75,50–65%,60–75%,Nghĩa có thể minh họa trực tiếp; một câu mẫu và lượt thực hành ngắn đủ cho mục tiêu ban đầu.
post.v,post,đăng bài,A2,todo,1381,2,short,50,60,75,50–65%,60–75%,Nghĩa có thể minh họa trực tiếp; một câu mẫu và lượt thực hành ngắn đủ cho mục tiêu ban đầu.
comment.v,comment,bình luận,A2,todo,1382,2,short,50,60,75,50–65%,60–75%,Nghĩa có thể minh họa trực tiếp; một câu mẫu và lượt thực hành ngắn đủ cho mục tiêu ban đầu.
follow.v.social,follow,theo dõi ai đó,A2,todo,1383,2,short,50,60,75,50–65%,60–75%,Nghĩa có thể minh họa trực tiếp; một câu mẫu và lượt thực hành ngắn đủ cho mục tiêu ban đầu.
mute.v,mute,tắt tiếng,A2,todo,1384,2,short,50,60,75,50–65%,60–75%,Nghĩa có thể minh họa trực tiếp; một câu mẫu và lượt thực hành ngắn đủ cho mục tiêu ban đầu.
refresh.v,refresh,tải lại trang,A2,todo,1385,2,short,50,60,75,50–65%,60–75%,Nghĩa có thể minh họa trực tiếp; một câu mẫu và lượt thực hành ngắn đủ cho mục tiêu ban đầu.
unfollow.v,unfollow,bỏ theo dõi,A2,todo,1386,2,short,50,60,75,50–65%,60–75%,Nghĩa có thể minh họa trực tiếp; một câu mẫu và lượt thực hành ngắn đủ cho mục tiêu ban đầu.
cancel.v,cancel,huỷ chuyến,A2,todo,1387,2,short,50,60,75,50–65%,60–75%,Nghĩa có thể minh họa trực tiếp; một câu mẫu và lượt thực hành ngắn đủ cho mục tiêu ban đầu.
one-way.adj,one-way,một chiều,A2,todo,1388,2,short,50,60,75,50–65%,60–75%,Nghĩa có thể minh họa trực tiếp; một câu mẫu và lượt thực hành ngắn đủ cho mục tiêu ban đầu.
land.v,land,hạ cánh,A2,todo,1389,2,short,50,60,75,50–65%,60–75%,Nghĩa có thể minh họa trực tiếp; một câu mẫu và lượt thực hành ngắn đủ cho mục tiêu ban đầu.
cancel.v.booking,cancel,huỷ đặt phòng,A2,todo,1390,2,short,50,60,75,50–65%,60–75%,Nghĩa có thể minh họa trực tiếp; một câu mẫu và lượt thực hành ngắn đủ cho mục tiêu ban đầu.
comfortable.adj,comfortable,thoải mái,A2,todo,1391,2,short,50,60,75,50–65%,60–75%,Nghĩa có thể minh họa trực tiếp; một câu mẫu và lượt thực hành ngắn đủ cho mục tiêu ban đầu.
broken.adj,broken,bị hỏng,A2,todo,1392,2,short,50,60,75,50–65%,60–75%,Nghĩa có thể minh họa trực tiếp; một câu mẫu và lượt thực hành ngắn đủ cho mục tiêu ban đầu.
cross.v,cross,băng qua đường,A2,todo,1393,2,short,50,60,75,50–65%,60–75%,Nghĩa có thể minh họa trực tiếp; một câu mẫu và lượt thực hành ngắn đủ cho mục tiêu ban đầu.
follow.v.route,follow,"đi theo (đường, biển báo)",A2,todo,1394,2,short,50,60,75,50–65%,60–75%,Nghĩa có thể minh họa trực tiếp; một câu mẫu và lượt thực hành ngắn đủ cho mục tiêu ban đầu.
continue.v,continue,đi tiếp,A2,todo,1395,2,short,50,60,75,50–65%,60–75%,Nghĩa có thể minh họa trực tiếp; một câu mẫu và lượt thực hành ngắn đủ cho mục tiêu ban đầu.
pass.v.go-by,pass,đi qua,A2,todo,1396,2,short,50,60,75,50–65%,60–75%,Nghĩa có thể minh họa trực tiếp; một câu mẫu và lượt thực hành ngắn đủ cho mục tiêu ban đầu.
lost.adj,lost,bị lạc,A2,todo,1397,2,short,50,60,75,50–65%,60–75%,Nghĩa có thể minh họa trực tiếp; một câu mẫu và lượt thực hành ngắn đủ cho mục tiêu ban đầu.
crowded.adj,crowded,đông đúc,A2,todo,1398,2,short,50,60,75,50–65%,60–75%,Nghĩa có thể minh họa trực tiếp; một câu mẫu và lượt thực hành ngắn đủ cho mục tiêu ban đầu.
snowy.adj,snowy,có tuyết,A2,todo,1399,2,short,50,60,75,50–65%,60–75%,Nghĩa có thể minh họa trực tiếp; một câu mẫu và lượt thực hành ngắn đủ cho mục tiêu ban đầu.
wild.adj,wild,hoang dã,A2,todo,1400,2,short,50,60,75,50–65%,60–75%,Nghĩa có thể minh họa trực tiếp; một câu mẫu và lượt thực hành ngắn đủ cho mục tiêu ban đầu.
bite.v,bite,cắn,A2,todo,1401,2,short,50,60,75,50–65%,60–75%,Nghĩa có thể minh họa trực tiếp; một câu mẫu và lượt thực hành ngắn đủ cho mục tiêu ban đầu.
plant.v.grow,plant,trồng cây,A2,todo,1402,2,short,50,60,75,50–65%,60–75%,Nghĩa có thể minh họa trực tiếp; một câu mẫu và lượt thực hành ngắn đủ cho mục tiêu ban đầu.
water.v.garden,water,tưới cây,A2,todo,1403,2,short,50,60,75,50–65%,60–75%,Nghĩa có thể minh họa trực tiếp; một câu mẫu và lượt thực hành ngắn đủ cho mục tiêu ban đầu.
pick.v,pick,hái,A2,todo,1404,2,short,50,60,75,50–65%,60–75%,Nghĩa có thể minh họa trực tiếp; một câu mẫu và lượt thực hành ngắn đủ cho mục tiêu ban đầu.
dig.v,dig,đào,A2,todo,1405,2,short,50,60,75,50–65%,60–75%,Nghĩa có thể minh họa trực tiếp; một câu mẫu và lượt thực hành ngắn đủ cho mục tiêu ban đầu.
reduce.v.environment,reduce,giảm bớt,A2,todo,1406,2,short,50,60,75,50–65%,60–75%,Nghĩa có thể minh họa trực tiếp; một câu mẫu và lượt thực hành ngắn đủ cho mục tiêu ban đầu.
waste.v,waste,lãng phí,A2,todo,1407,2,short,50,60,75,50–65%,60–75%,Nghĩa có thể minh họa trực tiếp; một câu mẫu và lượt thực hành ngắn đủ cho mục tiêu ban đầu.
protect.v,protect,bảo vệ,A2,todo,1408,2,short,50,60,75,50–65%,60–75%,Nghĩa có thể minh họa trực tiếp; một câu mẫu và lượt thực hành ngắn đủ cho mục tiêu ban đầu.
green.adj.eco,green,thân thiện môi trường,A2,todo,1409,2,short,50,60,75,50–65%,60–75%,Nghĩa có thể minh họa trực tiếp; một câu mẫu và lượt thực hành ngắn đủ cho mục tiêu ban đầu.
volunteer.v,volunteer,làm tình nguyện,A2,todo,1410,2,short,50,60,75,50–65%,60–75%,Nghĩa có thể minh họa trực tiếp; một câu mẫu và lượt thực hành ngắn đủ cho mục tiêu ban đầu.
ban.v,ban,cấm,A2,todo,1411,2,short,50,60,75,50–65%,60–75%,Nghĩa có thể minh họa trực tiếp; một câu mẫu và lượt thực hành ngắn đủ cho mục tiêu ban đầu.
damage.v,damage,gây thiệt hại,A2,todo,1412,2,short,50,60,75,50–65%,60–75%,Nghĩa có thể minh họa trực tiếp; một câu mẫu và lượt thực hành ngắn đủ cho mục tiêu ban đầu.
lose.v,lose,thua (trận đấu),A2,todo,1413,2,short,50,60,75,50–65%,60–75%,Nghĩa có thể minh họa trực tiếp; một câu mẫu và lượt thực hành ngắn đủ cho mục tiêu ban đầu.
score.v,score,"ghi điểm, ghi bàn",A2,todo,1414,2,short,50,60,75,50–65%,60–75%,Nghĩa có thể minh họa trực tiếp; một câu mẫu và lượt thực hành ngắn đủ cho mục tiêu ban đầu.
compete.v,compete,thi đấu,A2,todo,1415,2,short,50,60,75,50–65%,60–75%,Nghĩa có thể minh họa trực tiếp; một câu mẫu và lượt thực hành ngắn đủ cho mục tiêu ban đầu.
pass.v.sport,pass,chuyền bóng,A2,todo,1416,2,short,50,60,75,50–65%,60–75%,Nghĩa có thể minh họa trực tiếp; một câu mẫu và lượt thực hành ngắn đủ cho mục tiêu ban đầu.
shoot.v.sport,shoot,"sút, ném bóng",A2,todo,1417,2,short,50,60,75,50–65%,60–75%,Nghĩa có thể minh họa trực tiếp; một câu mẫu và lượt thực hành ngắn đủ cho mục tiêu ban đầu.
train.v.sport,train,tập luyện,A2,todo,1418,2,short,50,60,75,50–65%,60–75%,Nghĩa có thể minh họa trực tiếp; một câu mẫu và lượt thực hành ngắn đủ cho mục tiêu ban đầu.
practice.v,practice,luyện tập,A2,todo,1419,2,short,50,60,75,50–65%,60–75%,Nghĩa có thể minh họa trực tiếp; một câu mẫu và lượt thực hành ngắn đủ cho mục tiêu ban đầu.
cheer.v,cheer,cổ vũ,A2,todo,1420,2,short,50,60,75,50–65%,60–75%,Nghĩa có thể minh họa trực tiếp; một câu mẫu và lượt thực hành ngắn đủ cho mục tiêu ban đầu.
live.adj,live,trực tiếp,A2,todo,1421,2,short,50,60,75,50–65%,60–75%,Nghĩa có thể minh họa trực tiếp; một câu mẫu và lượt thực hành ngắn đủ cho mục tiêu ban đầu.
subscribe.v,subscribe,đăng ký theo dõi,A2,todo,1422,2,short,50,60,75,50–65%,60–75%,Nghĩa có thể minh họa trực tiếp; một câu mẫu và lượt thực hành ngắn đủ cho mục tiêu ban đầu.
famous.adj,famous,nổi tiếng,A2,todo,1423,2,short,50,60,75,50–65%,60–75%,Nghĩa có thể minh họa trực tiếp; một câu mẫu và lượt thực hành ngắn đủ cho mục tiêu ban đầu.
perform.v,perform,biểu diễn,A2,todo,1424,2,short,50,60,75,50–65%,60–75%,Nghĩa có thể minh họa trực tiếp; một câu mẫu và lượt thực hành ngắn đủ cho mục tiêu ban đầu.
pause.v,pause,tạm dừng,A2,todo,1425,2,short,50,60,75,50–65%,60–75%,Nghĩa có thể minh họa trực tiếp; một câu mẫu và lượt thực hành ngắn đủ cho mục tiêu ban đầu.
record.v,record,thu âm,A2,todo,1426,2,short,50,60,75,50–65%,60–75%,Nghĩa có thể minh họa trực tiếp; một câu mẫu và lượt thực hành ngắn đủ cho mục tiêu ban đầu.
classical.adj,classical,(nhạc) cổ điển,A2,todo,1427,2,short,50,60,75,50–65%,60–75%,Nghĩa có thể minh họa trực tiếp; một câu mẫu và lượt thực hành ngắn đủ cho mục tiêu ban đầu.
edit.v,edit,"chỉnh sửa (ảnh, video)",A2,todo,1428,2,short,50,60,75,50–65%,60–75%,Nghĩa có thể minh họa trực tiếp; một câu mẫu và lượt thực hành ngắn đủ cho mục tiêu ban đầu.
act.v,act,diễn xuất,A2,todo,1429,2,short,50,60,75,50–65%,60–75%,Nghĩa có thể minh họa trực tiếp; một câu mẫu và lượt thực hành ngắn đủ cho mục tiêu ban đầu.
creative.adj,creative,sáng tạo,A2,todo,1430,2,short,50,60,75,50–65%,60–75%,Nghĩa có thể minh họa trực tiếp; một câu mẫu và lượt thực hành ngắn đủ cho mục tiêu ban đầu.
talented.adj,talented,có tài,A2,todo,1431,2,short,50,60,75,50–65%,60–75%,Nghĩa có thể minh họa trực tiếp; một câu mẫu và lượt thực hành ngắn đủ cho mục tiêu ban đầu.
pleased.adj,pleased,"hài lòng, vui",A2,todo,1432,2,short,50,60,75,50–65%,60–75%,Nghĩa có thể minh họa trực tiếp; một câu mẫu và lượt thực hành ngắn đủ cho mục tiêu ban đầu.
satisfied.adj,satisfied,hài lòng,A2,todo,1433,2,short,50,60,75,50–65%,60–75%,Nghĩa có thể minh họa trực tiếp; một câu mẫu và lượt thực hành ngắn đủ cho mục tiêu ban đầu.
proud.adj,proud,tự hào,A2,todo,1434,2,short,50,60,75,50–65%,60–75%,Nghĩa có thể minh họa trực tiếp; một câu mẫu và lượt thực hành ngắn đủ cho mục tiêu ban đầu.
calm.adj,calm,bình tĩnh,A2,todo,1435,2,short,50,60,75,50–65%,60–75%,Nghĩa có thể minh họa trực tiếp; một câu mẫu và lượt thực hành ngắn đủ cho mục tiêu ban đầu.
relaxed.adj,relaxed,"thư giãn, thoải mái",A2,todo,1436,2,short,50,60,75,50–65%,60–75%,Nghĩa có thể minh họa trực tiếp; một câu mẫu và lượt thực hành ngắn đủ cho mục tiêu ban đầu.
unhappy.adj,unhappy,không vui,A2,todo,1437,2,short,50,60,75,50–65%,60–75%,Nghĩa có thể minh họa trực tiếp; một câu mẫu và lượt thực hành ngắn đủ cho mục tiêu ban đầu.
upset.adj,upset,"buồn bực, khó chịu",A2,todo,1438,2,short,50,60,75,50–65%,60–75%,Nghĩa có thể minh họa trực tiếp; một câu mẫu và lượt thực hành ngắn đủ cho mục tiêu ban đầu.
disappointed.adj,disappointed,thất vọng,A2,todo,1439,2,short,50,60,75,50–65%,60–75%,Nghĩa có thể minh họa trực tiếp; một câu mẫu và lượt thực hành ngắn đủ cho mục tiêu ban đầu.
lonely.adj,lonely,cô đơn,A2,todo,1440,2,short,50,60,75,50–65%,60–75%,Nghĩa có thể minh họa trực tiếp; một câu mẫu và lượt thực hành ngắn đủ cho mục tiêu ban đầu.
mad.adj,mad,"điên tiết, tức giận",A2,todo,1441,2,short,50,60,75,50–65%,60–75%,Nghĩa có thể minh họa trực tiếp; một câu mẫu và lượt thực hành ngắn đủ cho mục tiêu ban đầu.
annoyed.adj,annoyed,"khó chịu, bực mình",A2,todo,1442,2,short,50,60,75,50–65%,60–75%,Nghĩa có thể minh họa trực tiếp; một câu mẫu và lượt thực hành ngắn đủ cho mục tiêu ban đầu.
frightened.adj,frightened,hoảng sợ,A2,todo,1443,2,short,50,60,75,50–65%,60–75%,Nghĩa có thể minh họa trực tiếp; một câu mẫu và lượt thực hành ngắn đủ cho mục tiêu ban đầu.
nervous.adj,nervous,"hồi hộp, lo lắng",A2,todo,1444,2,short,50,60,75,50–65%,60–75%,Nghĩa có thể minh họa trực tiếp; một câu mẫu và lượt thực hành ngắn đủ cho mục tiêu ban đầu.
amazed.adj,amazed,kinh ngạc,A2,todo,1445,2,short,50,60,75,50–65%,60–75%,Nghĩa có thể minh họa trực tiếp; một câu mẫu và lượt thực hành ngắn đủ cho mục tiêu ban đầu.
shocked.adj,shocked,"sốc, sửng sốt",A2,todo,1446,2,short,50,60,75,50–65%,60–75%,Nghĩa có thể minh họa trực tiếp; một câu mẫu và lượt thực hành ngắn đủ cho mục tiêu ban đầu.
confused.adj,confused,bối rối,A2,todo,1447,2,short,50,60,75,50–65%,60–75%,Nghĩa có thể minh họa trực tiếp; một câu mẫu và lượt thực hành ngắn đủ cho mục tiêu ban đầu.
embarrassed.adj,embarrassed,"xấu hổ, ngượng",A2,todo,1448,2,short,50,60,75,50–65%,60–75%,Nghĩa có thể minh họa trực tiếp; một câu mẫu và lượt thực hành ngắn đủ cho mục tiêu ban đầu.
curious.adj,curious,tò mò,A2,todo,1449,2,short,50,60,75,50–65%,60–75%,Nghĩa có thể minh họa trực tiếp; một câu mẫu và lượt thực hành ngắn đủ cho mục tiêu ban đầu.
hurt.adj,hurt,tổn thương,A2,todo,1450,2,short,50,60,75,50–65%,60–75%,Nghĩa có thể minh họa trực tiếp; một câu mẫu và lượt thực hành ngắn đủ cho mục tiêu ban đầu.
shake.v,shake,"run, lắc",A2,todo,1451,2,short,50,60,75,50–65%,60–75%,Nghĩa có thể minh họa trực tiếp; một câu mẫu và lượt thực hành ngắn đủ cho mục tiêu ban đầu.
scream.v,scream,hét lên (vì sợ),A2,todo,1452,2,short,50,60,75,50–65%,60–75%,Nghĩa có thể minh họa trực tiếp; một câu mẫu và lượt thực hành ngắn đủ cho mục tiêu ban đầu.
caring.adj,caring,hay quan tâm người khác,A2,todo,1453,2,short,50,60,75,50–65%,60–75%,Nghĩa có thể minh họa trực tiếp; một câu mẫu và lượt thực hành ngắn đủ cho mục tiêu ban đầu.
honest.adj,honest,trung thực,A2,todo,1454,2,short,50,60,75,50–65%,60–75%,Nghĩa có thể minh họa trực tiếp; một câu mẫu và lượt thực hành ngắn đủ cho mục tiêu ban đầu.
lying.adj,lying,hay nói dối,A2,todo,1455,2,short,50,60,75,50–65%,60–75%,Nghĩa có thể minh họa trực tiếp; một câu mẫu và lượt thực hành ngắn đủ cho mục tiêu ban đầu.
polite.adj,polite,lịch sự,A2,todo,1456,2,short,50,60,75,50–65%,60–75%,Nghĩa có thể minh họa trực tiếp; một câu mẫu và lượt thực hành ngắn đủ cho mục tiêu ban đầu.
rude.adj,rude,thô lỗ,A2,todo,1457,2,short,50,60,75,50–65%,60–75%,Nghĩa có thể minh họa trực tiếp; một câu mẫu và lượt thực hành ngắn đủ cho mục tiêu ban đầu.
confident.adj,confident,tự tin,A2,todo,1458,2,short,50,60,75,50–65%,60–75%,Nghĩa có thể minh họa trực tiếp; một câu mẫu và lượt thực hành ngắn đủ cho mục tiêu ban đầu.
brave.adj,brave,dũng cảm,A2,todo,1459,2,short,50,60,75,50–65%,60–75%,Nghĩa có thể minh họa trực tiếp; một câu mẫu và lượt thực hành ngắn đủ cho mục tiêu ban đầu.
shy.adj,shy,nhút nhát,A2,todo,1460,2,short,50,60,75,50–65%,60–75%,Nghĩa có thể minh họa trực tiếp; một câu mẫu và lượt thực hành ngắn đủ cho mục tiêu ban đầu.
quiet.adj.character,quiet,"trầm tính, ít nói",A2,todo,1461,2,short,50,60,75,50–65%,60–75%,Nghĩa có thể minh họa trực tiếp; một câu mẫu và lượt thực hành ngắn đủ cho mục tiêu ban đầu.
patient.adj,patient,kiên nhẫn,A2,todo,1462,2,short,50,60,75,50–65%,60–75%,Nghĩa có thể minh họa trực tiếp; một câu mẫu và lượt thực hành ngắn đủ cho mục tiêu ban đầu.
gentle.adj,gentle,"dịu dàng, hiền hoà",A2,todo,1463,2,short,50,60,75,50–65%,60–75%,Nghĩa có thể minh họa trực tiếp; một câu mẫu và lượt thực hành ngắn đủ cho mục tiêu ban đầu.
hard-working.adj,hard-working,chăm chỉ,A2,todo,1464,2,short,50,60,75,50–65%,60–75%,Nghĩa có thể minh họa trực tiếp; một câu mẫu và lượt thực hành ngắn đủ cho mục tiêu ban đầu.
careful.adj,careful,cẩn thận,A2,todo,1465,2,short,50,60,75,50–65%,60–75%,Nghĩa có thể minh họa trực tiếp; một câu mẫu và lượt thực hành ngắn đủ cho mục tiêu ban đầu.
serious.adj,serious,nghiêm túc,A2,todo,1466,2,short,50,60,75,50–65%,60–75%,Nghĩa có thể minh họa trực tiếp; một câu mẫu và lượt thực hành ngắn đủ cho mục tiêu ban đầu.
helpful.adj,helpful,hay giúp đỡ,A2,todo,1467,2,short,50,60,75,50–65%,60–75%,Nghĩa có thể minh họa trực tiếp; một câu mẫu và lượt thực hành ngắn đủ cho mục tiêu ban đầu.
funny.adj,funny,"hài hước, buồn cười",A2,todo,1468,2,short,50,60,75,50–65%,60–75%,Nghĩa có thể minh họa trực tiếp; một câu mẫu và lượt thực hành ngắn đủ cho mục tiêu ban đầu.
boring.adj,boring,nhàm chán,A2,todo,1469,2,short,50,60,75,50–65%,60–75%,Nghĩa có thể minh họa trực tiếp; một câu mẫu và lượt thực hành ngắn đủ cho mục tiêu ban đầu.
cold.adj,cold,lạnh lùng,A2,todo,1470,2,short,50,60,75,50–65%,60–75%,Nghĩa có thể minh họa trực tiếp; một câu mẫu và lượt thực hành ngắn đủ cho mục tiêu ban đầu.
independent.adj,independent,độc lập,A2,todo,1471,2,short,50,60,75,50–65%,60–75%,Nghĩa có thể minh họa trực tiếp; một câu mẫu và lượt thực hành ngắn đủ cho mục tiêu ban đầu.
weird.adj,weird,kỳ lạ,A2,todo,1472,2,short,50,60,75,50–65%,60–75%,Nghĩa có thể minh họa trực tiếp; một câu mẫu và lượt thực hành ngắn đủ cho mục tiêu ban đầu.
open.adj,open,"cởi mở, thẳng thắn",A2,todo,1473,2,short,50,60,75,50–65%,60–75%,Nghĩa có thể minh họa trực tiếp; một câu mẫu và lượt thực hành ngắn đủ cho mục tiêu ban đầu.
reply.v.response,reply,đáp lại,A2,todo,1474,2,short,50,60,75,50–65%,60–75%,Nghĩa có thể minh họa trực tiếp; một câu mẫu và lượt thực hành ngắn đủ cho mục tiêu ban đầu.
describe.v,describe,miêu tả,A2,todo,1475,2,short,50,60,75,50–65%,60–75%,Nghĩa có thể minh họa trực tiếp; một câu mẫu và lượt thực hành ngắn đủ cho mục tiêu ban đầu.
discuss.v,discuss,thảo luận,A2,todo,1476,2,short,50,60,75,50–65%,60–75%,Nghĩa có thể minh họa trực tiếp; một câu mẫu và lượt thực hành ngắn đủ cho mục tiêu ban đầu.
communicate.v,communicate,giao tiếp,A2,todo,1477,2,short,50,60,75,50–65%,60–75%,Nghĩa có thể minh họa trực tiếp; một câu mẫu và lượt thực hành ngắn đủ cho mục tiêu ban đầu.
announce.v,announce,thông báo,A2,todo,1478,2,short,50,60,75,50–65%,60–75%,Nghĩa có thể minh họa trực tiếp; một câu mẫu và lượt thực hành ngắn đủ cho mục tiêu ban đầu.
whisper.v,whisper,thì thầm,A2,todo,1479,2,short,50,60,75,50–65%,60–75%,Nghĩa có thể minh họa trực tiếp; một câu mẫu và lượt thực hành ngắn đủ cho mục tiêu ban đầu.
shout.v,shout,hét lên,A2,todo,1480,2,short,50,60,75,50–65%,60–75%,Nghĩa có thể minh họa trực tiếp; một câu mẫu và lượt thực hành ngắn đủ cho mục tiêu ban đầu.
pronounce.v,pronounce,phát âm,A2,todo,1481,2,short,50,60,75,50–65%,60–75%,Nghĩa có thể minh họa trực tiếp; một câu mẫu và lượt thực hành ngắn đủ cho mục tiêu ban đầu.
spell.v,spell,đánh vần,A2,todo,1482,2,short,50,60,75,50–65%,60–75%,Nghĩa có thể minh họa trực tiếp; một câu mẫu và lượt thực hành ngắn đủ cho mục tiêu ban đầu.
translate.v,translate,dịch,A2,todo,1483,2,short,50,60,75,50–65%,60–75%,Nghĩa có thể minh họa trực tiếp; một câu mẫu và lượt thực hành ngắn đủ cho mục tiêu ban đầu.
nod.v,nod,gật đầu,A2,todo,1484,2,short,50,60,75,50–65%,60–75%,Nghĩa có thể minh họa trực tiếp; một câu mẫu và lượt thực hành ngắn đủ cho mục tiêu ban đầu.
argue.v.debate,argue,tranh cãi,A2,todo,1485,2,short,50,60,75,50–65%,60–75%,Nghĩa có thể minh họa trực tiếp; một câu mẫu và lượt thực hành ngắn đủ cho mục tiêu ban đầu.
disagree.v,disagree,không đồng ý,A2,todo,1486,2,short,50,60,75,50–65%,60–75%,Nghĩa có thể minh họa trực tiếp; một câu mẫu và lượt thực hành ngắn đủ cho mục tiêu ban đầu.
complain.v.verbal,complain,phàn nàn,A2,todo,1487,2,short,50,60,75,50–65%,60–75%,Nghĩa có thể minh họa trực tiếp; một câu mẫu và lượt thực hành ngắn đủ cho mục tiêu ban đầu.
apologize.v,apologize,xin lỗi,A2,todo,1488,2,short,50,60,75,50–65%,60–75%,Nghĩa có thể minh họa trực tiếp; một câu mẫu và lượt thực hành ngắn đủ cho mục tiêu ban đầu.
introduce.v,introduce,giới thiệu,A2,todo,1489,2,short,50,60,75,50–65%,60–75%,Nghĩa có thể minh họa trực tiếp; một câu mẫu và lượt thực hành ngắn đủ cho mục tiêu ban đầu.
report.v,report,"tường thuật, báo cáo",A2,todo,1490,2,short,50,60,75,50–65%,60–75%,Nghĩa có thể minh họa trực tiếp; một câu mẫu và lượt thực hành ngắn đủ cho mục tiêu ban đầu.
lie.v,lie,nói dối,A2,todo,1491,2,short,50,60,75,50–65%,60–75%,Nghĩa có thể minh họa trực tiếp; một câu mẫu và lượt thực hành ngắn đủ cho mục tiêu ban đầu.
joke.v,joke,đùa,A2,todo,1492,2,short,50,60,75,50–65%,60–75%,Nghĩa có thể minh họa trực tiếp; một câu mẫu và lượt thực hành ngắn đủ cho mục tiêu ban đầu.
silent.adj,silent,im lặng,A2,todo,1493,2,short,50,60,75,50–65%,60–75%,Nghĩa có thể minh họa trực tiếp; một câu mẫu và lượt thực hành ngắn đủ cho mục tiêu ban đầu.
research.v,research,nghiên cứu,A2,todo,1494,2,short,50,60,75,50–65%,60–75%,Nghĩa có thể minh họa trực tiếp; một câu mẫu và lượt thực hành ngắn đủ cho mục tiêu ban đầu.
observe.v,observe,quan sát,A2,todo,1495,2,short,50,60,75,50–65%,60–75%,Nghĩa có thể minh họa trực tiếp; một câu mẫu và lượt thực hành ngắn đủ cho mục tiêu ban đầu.
measure.v.science,measure,đo lường,A2,todo,1496,2,short,50,60,75,50–65%,60–75%,Nghĩa có thể minh họa trực tiếp; một câu mẫu và lượt thực hành ngắn đủ cho mục tiêu ban đầu.
calculate.v,calculate,tính toán,A2,todo,1497,2,short,50,60,75,50–65%,60–75%,Nghĩa có thể minh họa trực tiếp; một câu mẫu và lượt thực hành ngắn đủ cho mục tiêu ban đầu.
test.v.science,test,thử nghiệm,A2,todo,1498,2,short,50,60,75,50–65%,60–75%,Nghĩa có thể minh họa trực tiếp; một câu mẫu và lượt thực hành ngắn đủ cho mục tiêu ban đầu.
discover.v,discover,"phát hiện, khám phá",A2,todo,1499,2,short,50,60,75,50–65%,60–75%,Nghĩa có thể minh họa trực tiếp; một câu mẫu và lượt thực hành ngắn đủ cho mục tiêu ban đầu.
invent.v,invent,phát minh,A2,todo,1500,2,short,50,60,75,50–65%,60–75%,Nghĩa có thể minh họa trực tiếp; một câu mẫu và lượt thực hành ngắn đủ cho mục tiêu ban đầu.
freeze.v.physics,freeze,"đông đặc, đóng băng",A2,todo,1501,2,short,50,60,75,50–65%,60–75%,Nghĩa có thể minh họa trực tiếp; một câu mẫu và lượt thực hành ngắn đủ cho mục tiêu ban đầu.
scientific.adj,scientific,thuộc khoa học,A2,todo,1502,2,short,50,60,75,50–65%,60–75%,Nghĩa có thể minh họa trực tiếp; một câu mẫu và lượt thực hành ngắn đủ cho mục tiêu ban đầu.
chemical.adj,chemical,thuộc hoá học,A2,todo,1503,2,short,50,60,75,50–65%,60–75%,Nghĩa có thể minh họa trực tiếp; một câu mẫu và lượt thực hành ngắn đủ cho mục tiêu ban đầu.
physical.adj,physical,thuộc vật lý,A2,todo,1504,2,short,50,60,75,50–65%,60–75%,Nghĩa có thể minh họa trực tiếp; một câu mẫu và lượt thực hành ngắn đủ cho mục tiêu ban đầu.
compare.v,compare,so sánh,A2,todo,1505,2,short,50,60,75,50–65%,60–75%,Nghĩa có thể minh họa trực tiếp; một câu mẫu và lượt thực hành ngắn đủ cho mục tiêu ban đầu.
increase.v.science,increase,tăng,A2,todo,1506,2,short,50,60,75,50–65%,60–75%,Nghĩa có thể minh họa trực tiếp; một câu mẫu và lượt thực hành ngắn đủ cho mục tiêu ban đầu.
decrease.v.science,decrease,giảm,A2,todo,1507,2,short,50,60,75,50–65%,60–75%,Nghĩa có thể minh họa trực tiếp; một câu mẫu và lượt thực hành ngắn đủ cho mục tiêu ban đầu.
million.num,million,triệu,A2,todo,1508,2,short,50,60,75,50–65%,60–75%,Nghĩa có thể minh họa trực tiếp; một câu mẫu và lượt thực hành ngắn đủ cho mục tiêu ban đầu.
whole.adj,whole,toàn bộ,A2,todo,1509,2,short,50,60,75,50–65%,60–75%,Nghĩa có thể minh họa trực tiếp; một câu mẫu và lượt thực hành ngắn đủ cho mục tiêu ban đầu.
single.adj.only-one,single,"chỉ một, duy nhất",A2,todo,1510,2,short,50,60,75,50–65%,60–75%,Nghĩa có thể minh họa trực tiếp; một câu mẫu và lượt thực hành ngắn đủ cho mục tiêu ban đầu.
double.adj,double,gấp đôi,A2,todo,1511,2,short,50,60,75,50–65%,60–75%,Nghĩa có thể minh họa trực tiếp; một câu mẫu và lượt thực hành ngắn đủ cho mục tiêu ban đầu.
extra.adj,extra,"thêm, phụ trội",A2,todo,1512,2,short,50,60,75,50–65%,60–75%,Nghĩa có thể minh họa trực tiếp; một câu mẫu và lượt thực hành ngắn đủ cho mục tiêu ban đầu.
weigh.v,weigh,"cân, có trọng lượng",A2,todo,1513,2,short,50,60,75,50–65%,60–75%,Nghĩa có thể minh họa trực tiếp; một câu mẫu và lượt thực hành ngắn đủ cho mục tiêu ban đầu.
huge.adj,huge,to lớn,A2,todo,1514,2,short,50,60,75,50–65%,60–75%,Nghĩa có thể minh họa trực tiếp; một câu mẫu và lượt thực hành ngắn đủ cho mục tiêu ban đầu.
tiny.adj,tiny,bé xíu,A2,todo,1515,2,short,50,60,75,50–65%,60–75%,Nghĩa có thể minh họa trực tiếp; một câu mẫu và lượt thực hành ngắn đủ cho mục tiêu ban đầu.
narrow.adj,narrow,hẹp,A2,todo,1516,2,short,50,60,75,50–65%,60–75%,Nghĩa có thể minh họa trực tiếp; một câu mẫu và lượt thực hành ngắn đủ cho mục tiêu ban đầu.
thick.adj,thick,dày,A2,todo,1517,2,short,50,60,75,50–65%,60–75%,Nghĩa có thể minh họa trực tiếp; một câu mẫu và lượt thực hành ngắn đủ cho mục tiêu ban đầu.
thin.adj,thin,mỏng,A2,todo,1518,2,short,50,60,75,50–65%,60–75%,Nghĩa có thể minh họa trực tiếp; một câu mẫu và lượt thực hành ngắn đủ cho mục tiêu ban đầu.
deep.adj,deep,sâu,A2,todo,1519,2,short,50,60,75,50–65%,60–75%,Nghĩa có thể minh họa trực tiếp; một câu mẫu và lượt thực hành ngắn đủ cho mục tiêu ban đầu.
flat.adj,flat,"phẳng, bẹt",A2,todo,1520,2,short,50,60,75,50–65%,60–75%,Nghĩa có thể minh họa trực tiếp; một câu mẫu và lượt thực hành ngắn đủ cho mục tiêu ban đầu.
equal.adj,equal,bằng nhau,A2,todo,1521,2,short,50,60,75,50–65%,60–75%,Nghĩa có thể minh họa trực tiếp; một câu mẫu và lượt thực hành ngắn đủ cho mục tiêu ban đầu.
have.v.consume,have,"ăn, uống (have breakfast)",A2,todo,1522,2,short,50,60,75,50–65%,60–75%,Nghĩa có thể minh họa trực tiếp; một câu mẫu và lượt thực hành ngắn đủ cho mục tiêu ban đầu.
have.v.experience,have,trải qua (have a good time),A2,todo,1523,2,short,50,60,75,50–65%,60–75%,Nghĩa có thể minh họa trực tiếp; một câu mẫu và lượt thực hành ngắn đủ cho mục tiêu ban đầu.
get.v.become,get,trở nên (get tired),A2,todo,1524,2,short,50,60,75,50–65%,60–75%,Nghĩa có thể minh họa trực tiếp; một câu mẫu và lượt thực hành ngắn đủ cho mục tiêu ban đầu.
get.v.arrive,get,đến nơi,A2,todo,1525,2,short,50,60,75,50–65%,60–75%,Nghĩa có thể minh họa trực tiếp; một câu mẫu và lượt thực hành ngắn đủ cho mục tiêu ban đầu.
get.v.catch-transport,get,"bắt, đón (phương tiện)",A2,todo,1526,2,short,50,60,75,50–65%,60–75%,Nghĩa có thể minh họa trực tiếp; một câu mẫu và lượt thực hành ngắn đủ cho mục tiêu ban đầu.
keep.v.continue,keep,tiếp tục làm việc gì,A2,todo,1527,2,short,50,60,75,50–65%,60–75%,Nghĩa có thể minh họa trực tiếp; một câu mẫu và lượt thực hành ngắn đủ cho mục tiêu ban đầu.
break.v.malfunction,break,hỏng (máy móc),A2,todo,1528,2,short,50,60,75,50–65%,60–75%,Nghĩa có thể minh họa trực tiếp; một câu mẫu và lượt thực hành ngắn đủ cho mục tiêu ban đầu.
set.v.place-down,set,đặt xuống,A2,todo,1529,2,short,50,60,75,50–65%,60–75%,Nghĩa có thể minh họa trực tiếp; một câu mẫu và lượt thực hành ngắn đủ cho mục tiêu ban đầu.
call.v.name,call,"gọi tên, đặt tên",A2,todo,1530,2,short,50,60,75,50–65%,60–75%,Nghĩa có thể minh họa trực tiếp; một câu mẫu và lượt thực hành ngắn đủ cho mục tiêu ban đầu.
move.v.relocate,move,chuyển nhà,A2,todo,1531,2,short,50,60,75,50–65%,60–75%,Nghĩa có thể minh họa trực tiếp; một câu mẫu và lượt thực hành ngắn đủ cho mục tiêu ban đầu.
try.v.test,try,"thử (nếm, mặc thử)",A2,todo,1532,2,short,50,60,75,50–65%,60–75%,Nghĩa có thể minh họa trực tiếp; một câu mẫu và lượt thực hành ngắn đủ cho mục tiêu ban đầu.
feel.v.touch-sense,feel,"sờ, cảm nhận bằng tay",A2,todo,1533,2,short,50,60,75,50–65%,60–75%,Nghĩa có thể minh họa trực tiếp; một câu mẫu và lượt thực hành ngắn đủ cho mục tiêu ban đầu.
leave.v.leave-behind,leave,để lại,A2,todo,1534,2,short,50,60,75,50–65%,60–75%,Nghĩa có thể minh họa trực tiếp; một câu mẫu và lượt thực hành ngắn đủ cho mục tiêu ban đầu.
come.v.originate,come,"xảy đến, xuất phát từ",A2,todo,1535,2,short,50,60,75,50–65%,60–75%,Nghĩa có thể minh họa trực tiếp; một câu mẫu và lượt thực hành ngắn đủ cho mục tiêu ban đầu.
work.v.function,work,"hoạt động tốt, có hiệu quả",A2,todo,1536,2,short,50,60,75,50–65%,60–75%,Nghĩa có thể minh họa trực tiếp; một câu mẫu và lượt thực hành ngắn đủ cho mục tiêu ban đầu.
become.v.turn-into,become,trở thành,A2,todo,1537,2,short,50,60,75,50–65%,60–75%,Nghĩa có thể minh họa trực tiếp; một câu mẫu và lượt thực hành ngắn đủ cho mục tiêu ban đầu.
start.v.start-engine,start,khởi động (máy),A2,todo,1538,2,short,50,60,75,50–65%,60–75%,Nghĩa có thể minh họa trực tiếp; một câu mẫu và lượt thực hành ngắn đủ cho mục tiêu ban đầu.
stop.v.prevent-basic,stop,ngăn chặn,A2,todo,1539,2,short,50,60,75,50–65%,60–75%,Nghĩa có thể minh họa trực tiếp; một câu mẫu và lượt thực hành ngắn đủ cho mục tiêu ban đầu.
continue.v.carry-on,continue,tiếp tục,A2,todo,1540,2,short,50,60,75,50–65%,60–75%,Nghĩa có thể minh họa trực tiếp; một câu mẫu và lượt thực hành ngắn đủ cho mục tiêu ban đầu.
change.v.exchange,change,"đổi (tiền, quần áo)",A2,todo,1541,2,short,50,60,75,50–65%,60–75%,Nghĩa có thể minh họa trực tiếp; một câu mẫu và lượt thực hành ngắn đủ cho mục tiêu ban đầu.
grow.v.cultivate,grow,trồng (cây),A2,todo,1542,2,short,50,60,75,50–65%,60–75%,Nghĩa có thể minh họa trực tiếp; một câu mẫu và lượt thực hành ngắn đủ cho mục tiêu ban đầu.
pay.v.attend,pay,chú ý (pay attention),A2,todo,1543,2,short,50,60,75,50–65%,60–75%,Nghĩa có thể minh họa trực tiếp; một câu mẫu và lượt thực hành ngắn đủ cho mục tiêu ban đầu.
receive.v.get-received,receive,nhận,A2,todo,1544,2,short,50,60,75,50–65%,60–75%,Nghĩa có thể minh họa trực tiếp; một câu mẫu và lượt thực hành ngắn đủ cho mục tiêu ban đầu.
fill.v.fill-up,fill,làm đầy,A2,todo,1545,2,short,50,60,75,50–65%,60–75%,Nghĩa có thể minh họa trực tiếp; một câu mẫu và lượt thực hành ngắn đủ cho mục tiêu ban đầu.
catch.v.catch-transport,catch,bắt kịp (phương tiện),A2,todo,1546,2,short,50,60,75,50–65%,60–75%,Nghĩa có thể minh họa trực tiếp; một câu mẫu và lượt thực hành ngắn đủ cho mục tiêu ban đầu.
drop.v.let-fall,drop,làm rơi,A2,todo,1547,2,short,50,60,75,50–65%,60–75%,Nghĩa có thể minh họa trực tiếp; một câu mẫu và lượt thực hành ngắn đủ cho mục tiêu ban đầu.
pick.v.choose-basic,pick,chọn,A2,todo,1548,2,short,50,60,75,50–65%,60–75%,Nghĩa có thể minh họa trực tiếp; một câu mẫu và lượt thực hành ngắn đủ cho mục tiêu ban đầu.
lift.v.raise-up,lift,nâng lên,A2,todo,1549,2,short,50,60,75,50–65%,60–75%,Nghĩa có thể minh họa trực tiếp; một câu mẫu và lượt thực hành ngắn đủ cho mục tiêu ban đầu.
raise.v.raise-basic,raise,"nâng, giơ lên",A2,todo,1550,2,short,50,60,75,50–65%,60–75%,Nghĩa có thể minh họa trực tiếp; một câu mẫu và lượt thực hành ngắn đủ cho mục tiêu ban đầu.
create.v.generate,create,tạo ra,A2,todo,1551,2,short,50,60,75,50–65%,60–75%,Nghĩa có thể minh họa trực tiếp; một câu mẫu và lượt thực hành ngắn đủ cho mục tiêu ban đầu.
fix.v.repair-item,fix,sửa chữa,A2,todo,1552,2,short,50,60,75,50–65%,60–75%,Nghĩa có thể minh họa trực tiếp; một câu mẫu và lượt thực hành ngắn đủ cho mục tiêu ban đầu.
join.v.participate,join,tham gia,A2,todo,1553,2,short,50,60,75,50–65%,60–75%,Nghĩa có thể minh họa trực tiếp; một câu mẫu và lượt thực hành ngắn đủ cho mục tiêu ban đầu.
connect.v.link,connect,kết nối,A2,todo,1554,2,short,50,60,75,50–65%,60–75%,Nghĩa có thể minh họa trực tiếp; một câu mẫu và lượt thực hành ngắn đủ cho mục tiêu ban đầu.
add.v.sum,add,cộng (số học),A2,todo,1555,2,short,50,60,75,50–65%,60–75%,Nghĩa có thể minh họa trực tiếp; một câu mẫu và lượt thực hành ngắn đủ cho mục tiêu ban đầu.
remove.v.take-away,remove,loại bỏ,A2,todo,1556,2,short,50,60,75,50–65%,60–75%,Nghĩa có thể minh họa trực tiếp; một câu mẫu và lượt thực hành ngắn đủ cho mục tiêu ban đầu.
save.v.rescue,save,cứu,A2,todo,1557,2,short,50,60,75,50–65%,60–75%,Nghĩa có thể minh họa trực tiếp; một câu mẫu và lượt thực hành ngắn đủ cho mục tiêu ban đầu.
spend.v.spend-time,spend,dành (thời gian),A2,todo,1558,2,short,50,60,75,50–65%,60–75%,Nghĩa có thể minh họa trực tiếp; một câu mẫu và lượt thực hành ngắn đủ cho mục tiêu ban đầu.
own.v.possess-own,own,sở hữu,A2,todo,1559,2,short,50,60,75,50–65%,60–75%,Nghĩa có thể minh họa trực tiếp; một câu mẫu và lượt thực hành ngắn đủ cho mục tiêu ban đầu.
accept.v.accept-basic,accept,chấp nhận,A2,todo,1560,2,short,50,60,75,50–65%,60–75%,Nghĩa có thể minh họa trực tiếp; một câu mẫu và lượt thực hành ngắn đủ cho mục tiêu ban đầu.
plan.v.arrange-plan,plan,lên kế hoạch,A2,todo,1561,2,short,50,60,75,50–65%,60–75%,Nghĩa có thể minh họa trực tiếp; một câu mẫu và lượt thực hành ngắn đủ cho mục tiêu ban đầu.
cancel.v.call-off,cancel,hủy bỏ,A2,todo,1562,2,short,50,60,75,50–65%,60–75%,Nghĩa có thể minh họa trực tiếp; một câu mẫu và lượt thực hành ngắn đủ cho mục tiêu ban đầu.
stay.v.remain-state,stay,duy trì trạng thái (stay calm),A2,todo,1563,2,short,50,60,75,50–65%,60–75%,Nghĩa có thể minh họa trực tiếp; một câu mẫu và lượt thực hành ngắn đủ cho mục tiêu ban đầu.
travel.v.travel-basic,travel,"đi du lịch, di chuyển xa",A2,todo,1564,2,short,50,60,75,50–65%,60–75%,Nghĩa có thể minh họa trực tiếp; một câu mẫu và lượt thực hành ngắn đủ cho mục tiêu ban đầu.
climb.v.climb-basic,climb,"leo, trèo",A2,todo,1565,2,short,50,60,75,50–65%,60–75%,Nghĩa có thể minh họa trực tiếp; một câu mẫu và lượt thực hành ngắn đủ cho mục tiêu ban đầu.
follow.v.follow-basic,follow,đi theo,A2,todo,1566,2,short,50,60,75,50–65%,60–75%,Nghĩa có thể minh họa trực tiếp; một câu mẫu và lượt thực hành ngắn đủ cho mục tiêu ban đầu.
fail.v.fail-basic,fail,thất bại,A2,todo,1567,2,short,50,60,75,50–65%,60–75%,Nghĩa có thể minh họa trực tiếp; một câu mẫu và lượt thực hành ngắn đủ cho mục tiêu ban đầu.
worry.v.worry-basic,worry,lo lắng,A2,todo,1568,2,short,50,60,75,50–65%,60–75%,Nghĩa có thể minh họa trực tiếp; một câu mẫu và lượt thực hành ngắn đủ cho mục tiêu ban đầu.
surprise.v.surprise-basic,surprise,làm ngạc nhiên,A2,todo,1569,2,short,50,60,75,50–65%,60–75%,Nghĩa có thể minh họa trực tiếp; một câu mẫu và lượt thực hành ngắn đủ cho mục tiêu ban đầu.
scare.v.frighten,scare,làm sợ,A2,todo,1570,2,short,50,60,75,50–65%,60–75%,Nghĩa có thể minh họa trực tiếp; một câu mẫu và lượt thực hành ngắn đủ cho mục tiêu ban đầu.
dream.v.dream-basic,dream,"mơ, mơ ước",A2,todo,1571,2,short,50,60,75,50–65%,60–75%,Nghĩa có thể minh họa trực tiếp; một câu mẫu và lượt thực hành ngắn đủ cho mục tiêu ban đầu.
guess.v.guess-basic,guess,đoán,A2,todo,1572,2,short,50,60,75,50–65%,60–75%,Nghĩa có thể minh họa trực tiếp; một câu mẫu và lượt thực hành ngắn đủ cho mục tiêu ban đầu.
notice.v.notice-basic,notice,"để ý, nhận thấy",A2,todo,1573,2,short,50,60,75,50–65%,60–75%,Nghĩa có thể minh họa trực tiếp; một câu mẫu và lượt thực hành ngắn đủ cho mục tiêu ban đầu.
miss.v.miss-emotion,miss,nhớ (ai đó),A2,todo,1574,2,short,50,60,75,50–65%,60–75%,Nghĩa có thể minh họa trực tiếp; một câu mẫu và lượt thực hành ngắn đủ cho mục tiêu ban đầu.
miss.v.miss-transport,miss,"lỡ (chuyến, cơ hội)",A2,todo,1575,2,short,50,60,75,50–65%,60–75%,Nghĩa có thể minh họa trực tiếp; một câu mẫu và lượt thực hành ngắn đủ cho mục tiêu ban đầu.
serve.v.serve-basic,serve,phục vụ,A2,todo,1576,2,short,50,60,75,50–65%,60–75%,Nghĩa có thể minh họa trực tiếp; một câu mẫu và lượt thực hành ngắn đủ cho mục tiêu ban đầu.
tie.v.tie-basic,tie,"buộc, thắt",A2,todo,1577,2,short,50,60,75,50–65%,60–75%,Nghĩa có thể minh họa trực tiếp; một câu mẫu và lượt thực hành ngắn đủ cho mục tiêu ban đầu.
mark.v.mark-basic,mark,đánh dấu,A2,todo,1578,2,short,50,60,75,50–65%,60–75%,Nghĩa có thể minh họa trực tiếp; một câu mẫu và lượt thực hành ngắn đủ cho mục tiêu ban đầu.
cover.v.cover-basic,cover,che phủ,A2,todo,1579,2,short,50,60,75,50–65%,60–75%,Nghĩa có thể minh họa trực tiếp; một câu mẫu và lượt thực hành ngắn đủ cho mục tiêu ban đầu.
burn.v.burn-basic,burn,"đốt, bị cháy",A2,todo,1580,2,short,50,60,75,50–65%,60–75%,Nghĩa có thể minh họa trực tiếp; một câu mẫu và lượt thực hành ngắn đủ cho mục tiêu ban đầu.
develop.v.develop-basic,develop,phát triển,A2,todo,1581,2,short,50,60,75,50–65%,60–75%,Nghĩa có thể minh họa trực tiếp; một câu mẫu và lượt thực hành ngắn đủ cho mục tiêu ban đầu.
provide.v.provide-basic,provide,cung cấp,A2,todo,1582,2,short,50,60,75,50–65%,60–75%,Nghĩa có thể minh họa trực tiếp; một câu mẫu và lượt thực hành ngắn đủ cho mục tiêu ban đầu.
deliver.v.deliver-basic,deliver,giao hàng,A2,todo,1583,2,short,50,60,75,50–65%,60–75%,Nghĩa có thể minh họa trực tiếp; một câu mẫu và lượt thực hành ngắn đủ cho mục tiêu ban đầu.
collect.v.collect-basic,collect,thu thập,A2,todo,1584,2,short,50,60,75,50–65%,60–75%,Nghĩa có thể minh họa trực tiếp; một câu mẫu và lượt thực hành ngắn đủ cho mục tiêu ban đầu.
welcome.v.welcome-basic,welcome,chào đón,A2,todo,1585,2,short,50,60,75,50–65%,60–75%,Nghĩa có thể minh họa trực tiếp; một câu mẫu và lượt thực hành ngắn đủ cho mục tiêu ban đầu.
organize.v.organize-basic,organize,"tổ chức, sắp xếp",A2,todo,1586,2,short,50,60,75,50–65%,60–75%,Nghĩa có thể minh họa trực tiếp; một câu mẫu và lượt thực hành ngắn đủ cho mục tiêu ban đầu.
solve.v.solve-basic,solve,"giải quyết (vấn đề, bài toán)",A2,todo,1587,2,short,50,60,75,50–65%,60–75%,Nghĩa có thể minh họa trực tiếp; một câu mẫu và lượt thực hành ngắn đủ cho mục tiêu ban đầu.
hide.v.hide-basic,hide,"giấu, trốn",A2,todo,1588,2,short,50,60,75,50–65%,60–75%,Nghĩa có thể minh họa trực tiếp; một câu mẫu và lượt thực hành ngắn đủ cho mục tiêu ban đầu.
search.v.search-basic,search,"tìm kiếm, lục soát",A2,todo,1589,2,short,50,60,75,50–65%,60–75%,Nghĩa có thể minh họa trực tiếp; một câu mẫu và lượt thực hành ngắn đủ cho mục tiêu ban đầu.
discover.v.discover-basic,discover,khám phá ra,A2,todo,1590,2,short,50,60,75,50–65%,60–75%,Nghĩa có thể minh họa trực tiếp; một câu mẫu và lượt thực hành ngắn đủ cho mục tiêu ban đầu.
appear.v.appear-basic,appear,xuất hiện,A2,todo,1591,2,short,50,60,75,50–65%,60–75%,Nghĩa có thể minh họa trực tiếp; một câu mẫu và lượt thực hành ngắn đủ cho mục tiêu ban đầu.
disappear.v.disappear-basic,disappear,biến mất,A2,todo,1592,2,short,50,60,75,50–65%,60–75%,Nghĩa có thể minh họa trực tiếp; một câu mẫu và lượt thực hành ngắn đủ cho mục tiêu ban đầu.
control.v.control-basic,control,kiểm soát,A2,todo,1593,2,short,50,60,75,50–65%,60–75%,Nghĩa có thể minh họa trực tiếp; một câu mẫu và lượt thực hành ngắn đủ cho mục tiêu ban đầu.
large.adj.size,large,"lớn, rộng (trang trọng hơn big)",A2,todo,1594,2,short,50,60,75,50–65%,60–75%,Nghĩa có thể minh họa trực tiếp; một câu mẫu và lượt thực hành ngắn đủ cho mục tiêu ban đầu.
tiny.adj.size-extreme,tiny,"rất nhỏ, tí hon",A2,todo,1595,2,short,50,60,75,50–65%,60–75%,Nghĩa có thể minh họa trực tiếp; một câu mẫu và lượt thực hành ngắn đủ cho mục tiêu ban đầu.
huge.adj.size-extreme,huge,"khổng lồ, rất to",A2,todo,1596,2,short,50,60,75,50–65%,60–75%,Nghĩa có thể minh họa trực tiếp; một câu mẫu và lượt thực hành ngắn đủ cho mục tiêu ban đầu.
hard.adj.texture-firm,hard,cứng (vật chất),A2,todo,1597,2,short,50,60,75,50–65%,60–75%,Nghĩa có thể minh họa trực tiếp; một câu mẫu và lượt thực hành ngắn đủ cho mục tiêu ban đầu.
difficult.adj.difficult-basic,difficult,khó (đồng nghĩa hard),A2,todo,1598,2,short,50,60,75,50–65%,60–75%,Nghĩa có thể minh họa trực tiếp; một câu mẫu và lượt thực hành ngắn đủ cho mục tiêu ban đầu.
simple.adj.simple-basic,simple,đơn giản,A2,todo,1599,2,short,50,60,75,50–65%,60–75%,Nghĩa có thể minh họa trực tiếp; một câu mẫu và lượt thực hành ngắn đủ cho mục tiêu ban đầu.
dark.adj.dark-color,dark,"đen, sẫm màu",A2,todo,1600,2,short,50,60,75,50–65%,60–75%,Nghĩa có thể minh họa trực tiếp; một câu mẫu và lượt thực hành ngắn đủ cho mục tiêu ban đầu.
light.adj.light-color,light,"sáng (màu sắc, ánh sáng)",A2,todo,1601,2,short,50,60,75,50–65%,60–75%,Nghĩa có thể minh họa trực tiếp; một câu mẫu và lượt thực hành ngắn đủ cho mục tiêu ban đầu.
dangerous.adj.danger-basic,dangerous,nguy hiểm,A2,todo,1602,2,short,50,60,75,50–65%,60–75%,Nghĩa có thể minh họa trực tiếp; một câu mẫu và lượt thực hành ngắn đủ cho mục tiêu ban đầu.
common.adj.common-frequent,common,"phổ biến, thường gặp",A2,todo,1603,2,short,50,60,75,50–65%,60–75%,Nghĩa có thể minh họa trực tiếp; một câu mẫu và lượt thực hành ngắn đủ cho mục tiêu ban đầu.
thin.adj.thin-body,thin,"gầy, ốm",A2,todo,1604,2,short,50,60,75,50–65%,60–75%,Nghĩa có thể minh họa trực tiếp; một câu mẫu và lượt thực hành ngắn đủ cho mục tiêu ban đầu.
spicy.adj.spicy-basic,spicy,"cay, nhiều gia vị",A2,todo,1605,2,short,50,60,75,50–65%,60–75%,Nghĩa có thể minh họa trực tiếp; một câu mẫu và lượt thực hành ngắn đủ cho mục tiêu ban đầu.
dry.adj.dry-basic,dry,khô,A2,todo,1606,2,short,50,60,75,50–65%,60–75%,Nghĩa có thể minh họa trực tiếp; một câu mẫu và lượt thực hành ngắn đủ cho mục tiêu ban đầu.
sharp.adj.sharp-physical,sharp,"sắc, nhọn",A2,todo,1607,2,short,50,60,75,50–65%,60–75%,Nghĩa có thể minh họa trực tiếp; một câu mẫu và lượt thực hành ngắn đủ cho mục tiêu ban đầu.
ugly.adj.ugly-basic,ugly,"xấu, xấu xí",A2,todo,1608,2,short,50,60,75,50–65%,60–75%,Nghĩa có thể minh họa trực tiếp; một câu mẫu và lượt thực hành ngắn đủ cho mục tiêu ban đầu.
handsome.adj.handsome-basic,handsome,đẹp trai,A2,todo,1609,2,short,50,60,75,50–65%,60–75%,Nghĩa có thể minh họa trực tiếp; một câu mẫu và lượt thực hành ngắn đủ cho mục tiêu ban đầu.
false.adj.false-basic,false,"sai, giả",A2,todo,1610,2,short,50,60,75,50–65%,60–75%,Nghĩa có thể minh họa trực tiếp; một câu mẫu và lượt thực hành ngắn đủ cho mục tiêu ban đầu.
hardworking.adj.hardworking-basic,hardworking,chăm chỉ,A2,todo,1611,2,short,50,60,75,50–65%,60–75%,Nghĩa có thể minh họa trực tiếp; một câu mẫu và lượt thực hành ngắn đủ cho mục tiêu ban đầu.
clever.adj.clever-basic,clever,"thông minh, khôn khéo",A2,todo,1612,2,short,50,60,75,50–65%,60–75%,Nghĩa có thể minh họa trực tiếp; một câu mẫu và lượt thực hành ngắn đủ cho mục tiêu ban đầu.
stupid.adj.stupid-basic,stupid,"ngu ngốc, ngớ ngẩn",A2,todo,1613,2,short,50,60,75,50–65%,60–75%,Nghĩa có thể minh họa trực tiếp; một câu mẫu và lượt thực hành ngắn đủ cho mục tiêu ban đầu.
crazy.adj.crazy-mental,crazy,"điên, mất trí",A2,todo,1614,2,short,50,60,75,50–65%,60–75%,Nghĩa có thể minh họa trực tiếp; một câu mẫu và lượt thực hành ngắn đủ cho mục tiêu ban đầu.
exciting.adj.exciting-basic,exciting,"hấp dẫn, thú vị",A2,todo,1615,2,short,50,60,75,50–65%,60–75%,Nghĩa có thể minh họa trực tiếp; một câu mẫu và lượt thực hành ngắn đủ cho mục tiêu ban đầu.
amazing.adj.amazing-basic,amazing,"tuyệt vời, kinh ngạc",A2,todo,1616,2,short,50,60,75,50–65%,60–75%,Nghĩa có thể minh họa trực tiếp; một câu mẫu và lượt thực hành ngắn đủ cho mục tiêu ban đầu.
wonderful.adj.wonderful-basic,wonderful,tuyệt vời,A2,todo,1617,2,short,50,60,75,50–65%,60–75%,Nghĩa có thể minh họa trực tiếp; một câu mẫu và lượt thực hành ngắn đủ cho mục tiêu ban đầu.
terrible.adj.terrible-basic,terrible,"kinh khủng, tệ hại",A2,todo,1618,2,short,50,60,75,50–65%,60–75%,Nghĩa có thể minh họa trực tiếp; một câu mẫu và lượt thực hành ngắn đủ cho mục tiêu ban đầu.
excellent.adj.excellent-basic,excellent,xuất sắc,A2,todo,1619,2,short,50,60,75,50–65%,60–75%,Nghĩa có thể minh họa trực tiếp; một câu mẫu và lượt thực hành ngắn đủ cho mục tiêu ban đầu.
perfect.adj.perfect-basic,perfect,hoàn hảo,A2,todo,1620,2,short,50,60,75,50–65%,60–75%,Nghĩa có thể minh họa trực tiếp; một câu mẫu và lượt thực hành ngắn đủ cho mục tiêu ban đầu.
clear.adj.clear-understand,clear,"rõ ràng, dễ hiểu",A2,todo,1621,2,short,50,60,75,50–65%,60–75%,Nghĩa có thể minh họa trực tiếp; một câu mẫu và lượt thực hành ngắn đủ cho mục tiêu ban đầu.
clear.adj.clear-transparent,clear,"trong, trong suốt",A2,todo,1622,2,short,50,60,75,50–65%,60–75%,Nghĩa có thể minh họa trực tiếp; một câu mẫu và lượt thực hành ngắn đủ cho mục tiêu ban đầu.
strange.adj.strange-basic,strange,"lạ, kỳ lạ",A2,todo,1623,2,short,50,60,75,50–65%,60–75%,Nghĩa có thể minh họa trực tiếp; một câu mẫu và lượt thực hành ngắn đủ cho mục tiêu ban đầu.
normal.adj.normal-basic,normal,bình thường,A2,todo,1624,2,short,50,60,75,50–65%,60–75%,Nghĩa có thể minh họa trực tiếp; một câu mẫu và lượt thực hành ngắn đủ cho mục tiêu ban đầu.
useful.adj.useful-basic,useful,hữu ích,A2,todo,1625,2,short,50,60,75,50–65%,60–75%,Nghĩa có thể minh họa trực tiếp; một câu mẫu và lượt thực hành ngắn đủ cho mục tiêu ban đầu.
able.adj.able-basic,able,có khả năng làm được,A2,todo,1626,2,short,50,60,75,50–65%,60–75%,Nghĩa có thể minh họa trực tiếp; một câu mẫu và lượt thực hành ngắn đủ cho mục tiêu ban đầu.
ill.adj.ill-basic,ill,"ốm, bệnh (trang trọng hơn sick)",A2,todo,1627,2,short,50,60,75,50–65%,60–75%,Nghĩa có thể minh họa trực tiếp; một câu mẫu và lượt thực hành ngắn đủ cho mục tiêu ban đầu.
plain.adj.plain-simple,plain,"đơn giản, không cầu kỳ",A2,todo,1628,2,short,50,60,75,50–65%,60–75%,Nghĩa có thể minh họa trực tiếp; một câu mẫu và lượt thực hành ngắn đủ cho mục tiêu ban đầu.
fair.adj.fair-just,fair,công bằng,A2,todo,1629,2,short,50,60,75,50–65%,60–75%,Nghĩa có thể minh họa trực tiếp; một câu mẫu và lượt thực hành ngắn đủ cho mục tiêu ban đầu.
odd.adj.odd-number,odd,lẻ (số),A2,todo,1630,2,short,50,60,75,50–65%,60–75%,Nghĩa có thể minh họa trực tiếp; một câu mẫu và lượt thực hành ngắn đủ cho mục tiêu ban đầu.
even.adj.even-number,even,chẵn (số),A2,todo,1631,2,short,50,60,75,50–65%,60–75%,Nghĩa có thể minh họa trực tiếp; một câu mẫu và lượt thực hành ngắn đủ cho mục tiêu ban đầu.
tight.adj.tight-clothes,tight,chật (quần áo),A2,todo,1632,2,short,50,60,75,50–65%,60–75%,Nghĩa có thể minh họa trực tiếp; một câu mẫu và lượt thực hành ngắn đủ cho mục tiêu ban đầu.
uncomfortable.adj.uncomfortable-basic,uncomfortable,"khó chịu, không thoải mái",A2,todo,1633,2,short,50,60,75,50–65%,60–75%,Nghĩa có thể minh họa trực tiếp; một câu mẫu và lượt thực hành ngắn đủ cho mục tiêu ban đầu.
modern.adj.modern-basic,modern,hiện đại,A2,todo,1634,2,short,50,60,75,50–65%,60–75%,Nghĩa có thể minh họa trực tiếp; một câu mẫu và lượt thực hành ngắn đủ cho mục tiêu ban đầu.
ancient.adj.ancient-basic,ancient,cổ xưa,A2,todo,1635,2,short,50,60,75,50–65%,60–75%,Nghĩa có thể minh họa trực tiếp; một câu mẫu và lượt thực hành ngắn đủ cho mục tiêu ban đầu.
traditional.adj.traditional-basic,traditional,truyền thống,A2,todo,1636,2,short,50,60,75,50–65%,60–75%,Nghĩa có thể minh họa trực tiếp; một câu mẫu và lượt thực hành ngắn đủ cho mục tiêu ban đầu.
popular.adj.popular-basic,popular,"nổi tiếng, được yêu thích",A2,todo,1637,2,short,50,60,75,50–65%,60–75%,Nghĩa có thể minh họa trực tiếp; một câu mẫu và lượt thực hành ngắn đủ cho mục tiêu ban đầu.
successful.adj.successful-basic,successful,thành công,A2,todo,1638,2,short,50,60,75,50–65%,60–75%,Nghĩa có thể minh họa trực tiếp; một câu mẫu và lượt thực hành ngắn đủ cho mục tiêu ban đầu.
unlucky.adj.unlucky-basic,unlucky,xui xẻo,A2,todo,1639,2,short,50,60,75,50–65%,60–75%,Nghĩa có thể minh họa trực tiếp; một câu mẫu và lượt thực hành ngắn đủ cho mục tiêu ban đầu.
active.adj.active-basic,active,"năng động, hoạt bát",A2,todo,1640,2,short,50,60,75,50–65%,60–75%,Nghĩa có thể minh họa trực tiếp; một câu mẫu và lượt thực hành ngắn đủ cho mục tiêu ban đầu.
positive.adj.positive-attitude,positive,tích cực,A2,todo,1641,2,short,50,60,75,50–65%,60–75%,Nghĩa có thể minh họa trực tiếp; một câu mẫu và lượt thực hành ngắn đủ cho mục tiêu ban đầu.
negative.adj.negative-attitude,negative,tiêu cực,A2,todo,1642,2,short,50,60,75,50–65%,60–75%,Nghĩa có thể minh họa trực tiếp; một câu mẫu và lượt thực hành ngắn đủ cho mục tiêu ban đầu.
frightened.adj.frightened-basic,frightened,sợ hãi,A2,todo,1643,2,short,50,60,75,50–65%,60–75%,Nghĩa có thể minh họa trực tiếp; một câu mẫu và lượt thực hành ngắn đủ cho mục tiêu ban đầu.
wrap up.phr.wrap-gift,wrap up,gói lại,A2,todo,1644,2,short,50,60,75,50–65%,60–75%,Nghĩa cụ thể hoặc quan hệ sở hữu đơn giản; không kéo dài vì từ đồng dạng có cách dùng khác.
habit.n,habit,thói quen,A2,todo,1645,3,medium,75,90,100,50–65%,60–75%,Cần thêm ngữ cảnh hoặc làm rõ cách dùng trong câu; ưu tiên một tình huống và phản hồi.
schedule.n,schedule,lịch trình,A2,todo,1646,3,medium,75,90,100,50–65%,60–75%,Cần thêm ngữ cảnh hoặc làm rõ cách dùng trong câu; ưu tiên một tình huống và phản hồi.
housework.n,housework,việc nhà,A2,todo,1647,3,medium,75,90,100,50–65%,60–75%,Cần thêm ngữ cảnh hoặc làm rõ cách dùng trong câu; ưu tiên một tình huống và phản hồi.
laundry.n,laundry,"đồ giặt, việc giặt giũ",A2,todo,1648,3,medium,75,90,100,50–65%,60–75%,Cần thêm ngữ cảnh hoặc làm rõ cách dùng trong câu; ưu tiên một tình huống và phản hồi.
bedtime.n,bedtime,giờ đi ngủ,A2,todo,1649,3,medium,75,90,100,50–65%,60–75%,Cần thêm ngữ cảnh hoặc làm rõ cách dùng trong câu; ưu tiên một tình huống và phản hồi.
day off.phr,day off,ngày được nghỉ,A2,todo,1650,3,medium,75,90,100,50–65%,60–75%,Cần thêm ngữ cảnh hoặc làm rõ cách dùng trong câu; ưu tiên một tình huống và phản hồi.
on time.phr,on time,đúng giờ,A2,todo,1651,3,medium,75,90,100,50–65%,60–75%,Cần thêm ngữ cảnh hoặc làm rõ cách dùng trong câu; ưu tiên một tình huống và phản hồi.
make the bed.phr,make the bed,dọn giường,A2,todo,1652,3,medium,75,90,100,50–65%,60–75%,Cần thêm ngữ cảnh hoặc làm rõ cách dùng trong câu; ưu tiên một tình huống và phản hồi.
do the dishes.phr,do the dishes,rửa chén bát,A2,todo,1653,3,medium,75,90,100,50–65%,60–75%,Cần thêm ngữ cảnh hoặc làm rõ cách dùng trong câu; ưu tiên một tình huống và phản hồi.
take out the trash.phr,take out the trash,đem rác đi đổ,A2,todo,1654,3,medium,75,90,100,50–65%,60–75%,Cần thêm ngữ cảnh hoặc làm rõ cách dùng trong câu; ưu tiên một tình huống và phản hồi.
pick up.phr.collect-person,pick up,đón ai đó,A2,todo,1655,3,medium,75,90,100,50–65%,60–75%,Cần thêm ngữ cảnh hoặc làm rõ cách dùng trong câu; ưu tiên một tình huống và phản hồi.
take a break.phr,take a break,nghỉ một lát,A2,todo,1656,3,medium,75,90,100,50–65%,60–75%,Cần thêm ngữ cảnh hoặc làm rõ cách dùng trong câu; ưu tiên một tình huống và phản hồi.
catch the bus.phr,catch the bus,kịp chuyến xe buýt,A2,todo,1657,3,medium,75,90,100,50–65%,60–75%,Cần thêm ngữ cảnh hoặc làm rõ cách dùng trong câu; ưu tiên một tình huống và phản hồi.
miss the bus.phr,miss the bus,lỡ chuyến xe,A2,todo,1658,3,medium,75,90,100,50–65%,60–75%,Cần thêm ngữ cảnh hoặc làm rõ cách dùng trong câu; ưu tiên một tình huống và phản hồi.
put away.phr,put away,cất đồ về chỗ cũ,A2,todo,1659,3,medium,75,90,100,50–65%,60–75%,Cần thêm ngữ cảnh hoặc làm rõ cách dùng trong câu; ưu tiên một tình huống và phản hồi.
grow up.phr,grow up,lớn lên,A2,todo,1660,3,medium,75,90,100,50–65%,60–75%,Cần thêm ngữ cảnh hoặc làm rõ cách dùng trong câu; ưu tiên một tình huống và phản hồi.
look after.phr,look after,"trông nom, chăm sóc",A2,todo,1661,3,medium,75,90,100,50–65%,60–75%,Cần thêm ngữ cảnh hoặc làm rõ cách dùng trong câu; ưu tiên một tình huống và phản hồi.
sore throat.phr,sore throat,viêm họng,A2,todo,1662,3,medium,75,90,100,50–65%,60–75%,Cần thêm ngữ cảnh hoặc làm rõ cách dùng trong câu; ưu tiên một tình huống và phản hồi.
waiting room.phr,waiting room,phòng chờ,A2,todo,1663,3,medium,75,90,100,50–65%,60–75%,Cần thêm ngữ cảnh hoặc làm rõ cách dùng trong câu; ưu tiên một tình huống và phản hồi.
street food.phr,street food,đồ ăn đường phố,A2,todo,1664,3,medium,75,90,100,50–65%,60–75%,Cần thêm ngữ cảnh hoặc làm rõ cách dùng trong câu; ưu tiên một tình huống và phản hồi.
soy sauce.phr,soy sauce,nước tương,A2,todo,1665,3,medium,75,90,100,50–65%,60–75%,Cần thêm ngữ cảnh hoặc làm rõ cách dùng trong câu; ưu tiên một tình huống và phản hồi.
fish sauce.phr,fish sauce,nước mắm,A2,todo,1666,3,medium,75,90,100,50–65%,60–75%,Cần thêm ngữ cảnh hoặc làm rõ cách dùng trong câu; ưu tiên một tình huống và phản hồi.
chilli sauce.phr,chilli sauce,tương ớt,A2,todo,1667,3,medium,75,90,100,50–65%,60–75%,Cần thêm ngữ cảnh hoặc làm rõ cách dùng trong câu; ưu tiên một tình huống và phản hồi.
slice of cake.phr,slice of cake,miếng bánh,A2,todo,1668,3,medium,75,90,100,50–65%,60–75%,Cần thêm ngữ cảnh hoặc làm rõ cách dùng trong câu; ưu tiên một tình huống và phản hồi.
rice cooker.phr,rice cooker,nồi cơm điện,A2,todo,1669,3,medium,75,90,100,50–65%,60–75%,Cần thêm ngữ cảnh hoặc làm rõ cách dùng trong câu; ưu tiên một tình huống và phản hồi.
wash up.phr,wash up,rửa bát,A2,todo,1670,3,medium,75,90,100,50–65%,60–75%,Cần thêm ngữ cảnh hoặc làm rõ cách dùng trong câu; ưu tiên một tình huống và phản hồi.
dining room.phr,dining room,phòng ăn,A2,todo,1671,3,medium,75,90,100,50–65%,60–75%,Cần thêm ngữ cảnh hoặc làm rõ cách dùng trong câu; ưu tiên một tình huống và phản hồi.
air conditioner.phr,air conditioner,máy điều hoà,A2,todo,1672,3,medium,75,90,100,50–65%,60–75%,Cần thêm ngữ cảnh hoặc làm rõ cách dùng trong câu; ưu tiên một tình huống và phản hồi.
washing machine.phr,washing machine,máy giặt,A2,todo,1673,3,medium,75,90,100,50–65%,60–75%,Cần thêm ngữ cảnh hoặc làm rõ cách dùng trong câu; ưu tiên một tình huống và phản hồi.
move in.phr,move in,dọn vào ở,A2,todo,1674,3,medium,75,90,100,50–65%,60–75%,Cần thêm ngữ cảnh hoặc làm rõ cách dùng trong câu; ưu tiên một tình huống và phản hồi.
move out.phr.leave-home,move out,dọn đi,A2,todo,1675,3,medium,75,90,100,50–65%,60–75%,Cần thêm ngữ cảnh hoặc làm rõ cách dùng trong câu; ưu tiên một tình huống và phản hồi.
ground floor.phr,ground floor,tầng trệt,A2,todo,1676,3,medium,75,90,100,50–65%,60–75%,Cần thêm ngữ cảnh hoặc làm rõ cách dùng trong câu; ưu tiên một tình huống và phản hồi.
upstairs.adv,upstairs,trên lầu,A2,todo,1677,3,medium,75,90,100,50–65%,60–75%,Cần thêm ngữ cảnh hoặc làm rõ cách dùng trong câu; ưu tiên một tình huống và phản hồi.
downstairs.adv,downstairs,dưới nhà,A2,todo,1678,3,medium,75,90,100,50–65%,60–75%,Cần thêm ngữ cảnh hoặc làm rõ cách dùng trong câu; ưu tiên một tình huống và phản hồi.
try on.phr,try on,mặc thử,A2,todo,1679,3,medium,75,90,100,50–65%,60–75%,Cần thêm ngữ cảnh hoặc làm rõ cách dùng trong câu; ưu tiên một tình huống và phản hồi.
sold out.phr,sold out,hết hàng,A2,todo,1680,3,medium,75,90,100,50–65%,60–75%,Cần thêm ngữ cảnh hoặc làm rõ cách dùng trong câu; ưu tiên một tình huống và phản hồi.
available.adj,available,có sẵn,A2,todo,1681,3,medium,75,90,100,50–65%,60–75%,Cần thêm ngữ cảnh hoặc làm rõ cách dùng trong câu; ưu tiên một tình huống và phản hồi.
brand new.phr,brand new,mới tinh,A2,todo,1682,3,medium,75,90,100,50–65%,60–75%,Cần thêm ngữ cảnh hoặc làm rõ cách dùng trong câu; ưu tiên một tình huống và phản hồi.
quality.n,quality,chất lượng,A2,todo,1683,3,medium,75,90,100,50–65%,60–75%,Cần thêm ngữ cảnh hoặc làm rõ cách dùng trong câu; ưu tiên một tình huống và phản hồi.
credit card.phr,credit card,thẻ tín dụng,A2,todo,1684,3,medium,75,90,100,50–65%,60–75%,Cần thêm ngữ cảnh hoặc làm rõ cách dùng trong câu; ưu tiên một tình huống và phản hồi.
primary school.phr,primary school,trường tiểu học,A2,todo,1685,3,medium,75,90,100,50–65%,60–75%,Cần thêm ngữ cảnh hoặc làm rõ cách dùng trong câu; ưu tiên một tình huống và phản hồi.
secondary school.phr,secondary school,trường trung học,A2,todo,1686,3,medium,75,90,100,50–65%,60–75%,Cần thêm ngữ cảnh hoặc làm rõ cách dùng trong câu; ưu tiên một tình huống và phản hồi.
lunch break.phr,lunch break,giờ nghỉ trưa,A2,todo,1687,3,medium,75,90,100,50–65%,60–75%,Cần thêm ngữ cảnh hoặc làm rõ cách dùng trong câu; ưu tiên một tình huống và phản hồi.
schedule.n.work,schedule,lịch làm việc,A2,todo,1688,3,medium,75,90,100,50–65%,60–75%,Cần thêm ngữ cảnh hoặc làm rõ cách dùng trong câu; ưu tiên một tình huống và phản hồi.
flight attendant.phr,flight attendant,tiếp viên hàng không,A2,todo,1689,3,medium,75,90,100,50–65%,60–75%,Cần thêm ngữ cảnh hoặc làm rõ cách dùng trong câu; ưu tiên một tình huống và phản hồi.
security guard.phr,security guard,bảo vệ,A2,todo,1690,3,medium,75,90,100,50–65%,60–75%,Cần thêm ngữ cảnh hoặc làm rõ cách dùng trong câu; ưu tiên một tình huống và phản hồi.
experience.n,experience,kinh nghiệm,A2,todo,1691,3,medium,75,90,100,50–65%,60–75%,Cần thêm ngữ cảnh hoặc làm rõ cách dùng trong câu; ưu tiên một tình huống và phản hồi.
market.n.economy,market,thị trường,A2,todo,1692,3,medium,75,90,100,50–65%,60–75%,Cần thêm ngữ cảnh hoặc làm rõ cách dùng trong câu; ưu tiên một tình huống và phản hồi.
product.n,product,sản phẩm,A2,todo,1693,3,medium,75,90,100,50–65%,60–75%,Cần thêm ngữ cảnh hoặc làm rõ cách dùng trong câu; ưu tiên một tình huống và phản hồi.
service.n,service,dịch vụ,A2,todo,1694,3,medium,75,90,100,50–65%,60–75%,Cần thêm ngữ cảnh hoặc làm rõ cách dùng trong câu; ưu tiên một tình huống và phản hồi.
brand.n.company,brand,nhãn hiệu,A2,todo,1695,3,medium,75,90,100,50–65%,60–75%,Cần thêm ngữ cảnh hoặc làm rõ cách dùng trong câu; ưu tiên một tình huống và phản hồi.
sign.v,sign,ký,A2,todo,1696,3,medium,75,90,100,50–65%,60–75%,Cần thêm ngữ cảnh hoặc làm rõ cách dùng trong câu; ưu tiên một tình huống và phản hồi.
scroll down.phr,scroll down,kéo xuống,A2,todo,1697,3,medium,75,90,100,50–65%,60–75%,Cần thêm ngữ cảnh hoặc làm rõ cách dùng trong câu; ưu tiên một tình huống và phản hồi.
web page.phr,web page,trang trong website,A2,todo,1698,3,medium,75,90,100,50–65%,60–75%,Cần thêm ngữ cảnh hoặc làm rõ cách dùng trong câu; ưu tiên một tình huống và phản hồi.
search engine.phr,search engine,công cụ tìm kiếm,A2,todo,1699,3,medium,75,90,100,50–65%,60–75%,Cần thêm ngữ cảnh hoặc làm rõ cách dùng trong câu; ưu tiên một tình huống và phản hồi.
sign up.phr,sign up,đăng ký tài khoản,A2,todo,1700,3,medium,75,90,100,50–65%,60–75%,Cần thêm ngữ cảnh hoặc làm rõ cách dùng trong câu; ưu tiên một tình huống và phản hồi.
video call.phr,video call,cuộc gọi video,A2,todo,1701,3,medium,75,90,100,50–65%,60–75%,Cần thêm ngữ cảnh hoặc làm rõ cách dùng trong câu; ưu tiên một tình huống và phản hồi.
check in.phr,check in,làm thủ tục,A2,todo,1702,3,medium,75,90,100,50–65%,60–75%,Cần thêm ngữ cảnh hoặc làm rõ cách dùng trong câu; ưu tiên một tình huống và phản hồi.
return ticket.phr,return ticket,vé khứ hồi,A2,todo,1703,3,medium,75,90,100,50–65%,60–75%,Cần thêm ngữ cảnh hoặc làm rõ cách dùng trong câu; ưu tiên một tình huống và phản hồi.
take off.phr,take off,cất cánh,A2,todo,1704,3,medium,75,90,100,50–65%,60–75%,Cần thêm ngữ cảnh hoặc làm rõ cách dùng trong câu; ưu tiên một tình huống và phản hồi.
abroad.adv,abroad,ở nước ngoài,A2,todo,1705,3,medium,75,90,100,50–65%,60–75%,Cần thêm ngữ cảnh hoặc làm rõ cách dùng trong câu; ưu tiên một tình huống và phản hồi.
reception desk.phr,reception desk,quầy lễ tân,A2,todo,1706,3,medium,75,90,100,50–65%,60–75%,Cần thêm ngữ cảnh hoặc làm rõ cách dùng trong câu; ưu tiên một tình huống và phản hồi.
single room.phr,single room,phòng đơn,A2,todo,1707,3,medium,75,90,100,50–65%,60–75%,Cần thêm ngữ cảnh hoặc làm rõ cách dùng trong câu; ưu tiên một tình huống và phản hồi.
double room.phr,double room,phòng đôi,A2,todo,1708,3,medium,75,90,100,50–65%,60–75%,Cần thêm ngữ cảnh hoặc làm rõ cách dùng trong câu; ưu tiên một tình huống và phản hồi.
per night.phr,per night,mỗi đêm,A2,todo,1709,3,medium,75,90,100,50–65%,60–75%,Cần thêm ngữ cảnh hoặc làm rõ cách dùng trong câu; ưu tiên một tình huống và phản hồi.
key card.phr,key card,thẻ mở cửa phòng,A2,todo,1710,3,medium,75,90,100,50–65%,60–75%,Cần thêm ngữ cảnh hoặc làm rõ cách dùng trong câu; ưu tiên một tình huống và phản hồi.
air conditioning.phr,air conditioning,hệ thống điều hoà,A2,todo,1711,3,medium,75,90,100,50–65%,60–75%,Cần thêm ngữ cảnh hoặc làm rõ cách dùng trong câu; ưu tiên một tình huống và phản hồi.
breakfast included.phr,breakfast included,đã gồm bữa sáng,A2,todo,1712,3,medium,75,90,100,50–65%,60–75%,Cần thêm ngữ cảnh hoặc làm rõ cách dùng trong câu; ưu tiên một tình huống và phản hồi.
available.adj.booking,available,còn trống để đặt,A2,todo,1713,3,medium,75,90,100,50–65%,60–75%,Cần thêm ngữ cảnh hoặc làm rõ cách dùng trong câu; ưu tiên một tình huống và phản hồi.
quiet room.phr,quiet room,phòng yên tĩnh,A2,todo,1714,3,medium,75,90,100,50–65%,60–75%,Cần thêm ngữ cảnh hoặc làm rõ cách dùng trong câu; ưu tiên một tình huống và phản hồi.
front desk.phr,front desk,quầy trước sảnh,A2,todo,1715,3,medium,75,90,100,50–65%,60–75%,Cần thêm ngữ cảnh hoặc làm rõ cách dùng trong câu; ưu tiên một tình huống và phản hồi.
sea view.phr,sea view,nhìn ra biển,A2,todo,1716,3,medium,75,90,100,50–65%,60–75%,Cần thêm ngữ cảnh hoặc làm rõ cách dùng trong câu; ưu tiên một tình huống và phản hồi.
city view.phr,city view,nhìn ra thành phố,A2,todo,1717,3,medium,75,90,100,50–65%,60–75%,Cần thêm ngữ cảnh hoặc làm rõ cách dùng trong câu; ưu tiên một tình huống và phản hồi.
traffic light.phr,traffic light,đèn giao thông,A2,todo,1718,3,medium,75,90,100,50–65%,60–75%,Cần thêm ngữ cảnh hoặc làm rõ cách dùng trong câu; ưu tiên một tình huống và phản hồi.
police station.phr,police station,đồn cảnh sát,A2,todo,1719,3,medium,75,90,100,50–65%,60–75%,Cần thêm ngữ cảnh hoặc làm rõ cách dùng trong câu; ưu tiên một tình huống và phản hồi.
fire station.phr,fire station,trạm cứu hoả,A2,todo,1720,3,medium,75,90,100,50–65%,60–75%,Cần thêm ngữ cảnh hoặc làm rõ cách dùng trong câu; ưu tiên một tình huống và phản hồi.
petrol station.phr,petrol station,trạm xăng,A2,todo,1721,3,medium,75,90,100,50–65%,60–75%,Cần thêm ngữ cảnh hoặc làm rõ cách dùng trong câu; ưu tiên một tình huống và phản hồi.
car park.phr,car park,bãi đỗ xe,A2,todo,1722,3,medium,75,90,100,50–65%,60–75%,Cần thêm ngữ cảnh hoặc làm rõ cách dùng trong câu; ưu tiên một tình huống và phản hồi.
ahead.adv,ahead,phía trước,A2,todo,1723,3,medium,75,90,100,50–65%,60–75%,Cần thêm ngữ cảnh hoặc làm rõ cách dùng trong câu; ưu tiên một tình huống và phản hồi.
opposite.prep,opposite,đối diện,A2,todo,1724,3,medium,75,90,100,50–65%,60–75%,"Dùng hình hoặc đối chiếu ngắn để làm rõ vị trí, quan hệ, tần suất hay lượng; không cần bài 100 giây mặc định."
along.prep,along,dọc theo,A2,todo,1725,3,medium,75,90,100,50–65%,60–75%,"Dùng hình hoặc đối chiếu ngắn để làm rõ vị trí, quan hệ, tần suất hay lượng; không cần bài 100 giây mặc định."
across.prep,across,băng qua,A2,todo,1726,3,medium,75,90,100,50–65%,60–75%,"Dùng hình hoặc đối chiếu ngắn để làm rõ vị trí, quan hệ, tần suất hay lượng; không cần bài 100 giây mặc định."
past.prep,past,đi ngang qua,A2,todo,1727,3,medium,75,90,100,50–65%,60–75%,"Dùng hình hoặc đối chiếu ngắn để làm rõ vị trí, quan hệ, tần suất hay lượng; không cần bài 100 giây mặc định."
around.prep,around,quanh,A2,todo,1728,3,medium,75,90,100,50–65%,60–75%,"Dùng hình hoặc đối chiếu ngắn để làm rõ vị trí, quan hệ, tần suất hay lượng; không cần bài 100 giây mặc định."
arrive at.phr,arrive at,đến một nơi,A2,todo,1729,3,medium,75,90,100,50–65%,60–75%,Cần thêm ngữ cảnh hoặc làm rõ cách dùng trong câu; ưu tiên một tình huống và phản hồi.
busy street.phr,busy street,phố đông xe,A2,todo,1730,3,medium,75,90,100,50–65%,60–75%,Cần thêm ngữ cảnh hoặc làm rõ cách dùng trong câu; ưu tiên một tình huống và phản hồi.
public transport.phr,public transport,giao thông công cộng,A2,todo,1731,3,medium,75,90,100,50–65%,60–75%,Cần thêm ngữ cảnh hoặc làm rõ cách dùng trong câu; ưu tiên một tình huống và phản hồi.
clear sky.phr,clear sky,trời quang,A2,todo,1732,3,medium,75,90,100,50–65%,60–75%,Cần thêm ngữ cảnh hoặc làm rõ cách dùng trong câu; ưu tiên một tình huống và phản hồi.
turn off.phr.environment,turn off,"tắt (điện, nước)",A2,todo,1733,3,medium,75,90,100,50–65%,60–75%,Cần thêm ngữ cảnh hoặc làm rõ cách dùng trong câu; ưu tiên một tình huống và phản hồi.
bike to work.phr,bike to work,đạp xe đi làm,A2,todo,1734,3,medium,75,90,100,50–65%,60–75%,Cần thêm ngữ cảnh hoặc làm rõ cách dùng trong câu; ưu tiên một tình huống và phản hồi.
save energy.phr,save energy,tiết kiệm năng lượng,A2,todo,1735,3,medium,75,90,100,50–65%,60–75%,Cần thêm ngữ cảnh hoặc làm rõ cách dùng trong câu; ưu tiên một tình huống và phản hồi.
work out.phr,work out,tập luyện thể hình,A2,todo,1736,3,medium,75,90,100,50–65%,60–75%,Cần thêm ngữ cảnh hoặc làm rõ cách dùng trong câu; ưu tiên một tình huống và phản hồi.
lift weights.phr,lift weights,nâng tạ,A2,todo,1737,3,medium,75,90,100,50–65%,60–75%,Cần thêm ngữ cảnh hoặc làm rõ cách dùng trong câu; ưu tiên một tình huống và phản hồi.
emotion.n,emotion,cảm xúc,A2,todo,1738,3,medium,75,90,100,50–65%,60–75%,Cần thêm ngữ cảnh hoặc làm rõ cách dùng trong câu; ưu tiên một tình huống và phản hồi.
mood.n,mood,tâm trạng,A2,todo,1739,3,medium,75,90,100,50–65%,60–75%,Cần thêm ngữ cảnh hoặc làm rõ cách dùng trong câu; ưu tiên một tình huống và phản hồi.
hate.n,hate,sự căm ghét,A2,todo,1740,3,medium,75,90,100,50–65%,60–75%,Cần thêm ngữ cảnh hoặc làm rõ cách dùng trong câu; ưu tiên một tình huống và phản hồi.
passion.n,passion,niềm đam mê,A2,todo,1741,3,medium,75,90,100,50–65%,60–75%,Cần thêm ngữ cảnh hoặc làm rõ cách dùng trong câu; ưu tiên một tình huống và phản hồi.
calm down.phr,calm down,bình tĩnh lại,A2,todo,1742,3,medium,75,90,100,50–65%,60–75%,Cần thêm ngữ cảnh hoặc làm rõ cách dùng trong câu; ưu tiên một tình huống và phản hồi.
cheer up.phr,cheer up,vui lên,A2,todo,1743,3,medium,75,90,100,50–65%,60–75%,Cần thêm ngữ cảnh hoặc làm rõ cách dùng trong câu; ưu tiên một tình huống và phản hồi.
joy.n,joy,niềm vui,A2,todo,1744,3,medium,75,90,100,50–65%,60–75%,Cần thêm ngữ cảnh hoặc làm rõ cách dùng trong câu; ưu tiên một tình huống và phản hồi.
personality.n,personality,tính cách,A2,todo,1745,3,medium,75,90,100,50–65%,60–75%,Cần thêm ngữ cảnh hoặc làm rõ cách dùng trong câu; ưu tiên một tình huống và phản hồi.
kindness.n,kindness,lòng tốt,A2,todo,1746,3,medium,75,90,100,50–65%,60–75%,Cần thêm ngữ cảnh hoặc làm rõ cách dùng trong câu; ưu tiên một tình huống và phản hồi.
mean.adj,mean,"keo kiệt, ác ý",A2,todo,1747,3,medium,75,90,100,50–65%,60–75%,Cần thêm ngữ cảnh hoặc làm rõ cách dùng trong câu; ưu tiên một tình huống và phản hồi.
attitude.n,attitude,thái độ sống,A2,todo,1748,3,medium,75,90,100,50–65%,60–75%,Cần thêm ngữ cảnh hoặc làm rõ cách dùng trong câu; ưu tiên một tình huống và phản hồi.
behaviour.n,behaviour,hành vi,A2,todo,1749,3,medium,75,90,100,50–65%,60–75%,Cần thêm ngữ cảnh hoặc làm rõ cách dùng trong câu; ưu tiên một tình huống và phản hồi.
strength.n,strength,điểm mạnh,A2,todo,1750,3,medium,75,90,100,50–65%,60–75%,Cần thêm ngữ cảnh hoặc làm rõ cách dùng trong câu; ưu tiên một tình huống và phản hồi.
weakness.n,weakness,điểm yếu,A2,todo,1751,3,medium,75,90,100,50–65%,60–75%,Cần thêm ngữ cảnh hoặc làm rõ cách dùng trong câu; ưu tiên một tình huống và phản hồi.
promise.v,promise,hứa,A2,todo,1752,3,medium,75,90,100,50–65%,60–75%,Cần thêm ngữ cảnh hoặc làm rõ cách dùng trong câu; ưu tiên một tình huống và phản hồi.
conversation.n,conversation,cuộc trò chuyện,A2,todo,1753,3,medium,75,90,100,50–65%,60–75%,Cần thêm ngữ cảnh hoặc làm rõ cách dùng trong câu; ưu tiên một tình huống và phản hồi.
discussion.n,discussion,cuộc thảo luận,A2,todo,1754,3,medium,75,90,100,50–65%,60–75%,Cần thêm ngữ cảnh hoặc làm rõ cách dùng trong câu; ưu tiên một tình huống và phản hồi.
speech.n,speech,bài phát biểu,A2,todo,1755,3,medium,75,90,100,50–65%,60–75%,Cần thêm ngữ cảnh hoặc làm rõ cách dùng trong câu; ưu tiên một tình huống và phản hồi.
talk.n,talk,buổi nói chuyện,A2,todo,1756,3,medium,75,90,100,50–65%,60–75%,Cần thêm ngữ cảnh hoặc làm rõ cách dùng trong câu; ưu tiên một tình huống và phản hồi.
opinion.n,opinion,ý kiến,A2,todo,1757,3,medium,75,90,100,50–65%,60–75%,Cần thêm ngữ cảnh hoặc làm rõ cách dùng trong câu; ưu tiên một tình huống và phản hồi.
vocabulary.n,vocabulary,vốn từ vựng,A2,todo,1758,3,medium,75,90,100,50–65%,60–75%,Cần thêm ngữ cảnh hoặc làm rõ cách dùng trong câu; ưu tiên một tình huống và phản hồi.
pronunciation.n,pronunciation,cách phát âm,A2,todo,1759,3,medium,75,90,100,50–65%,60–75%,Cần thêm ngữ cảnh hoặc làm rõ cách dùng trong câu; ưu tiên một tình huống và phản hồi.
meaning.n,meaning,ý nghĩa,A2,todo,1760,3,medium,75,90,100,50–65%,60–75%,Cần thêm ngữ cảnh hoặc làm rõ cách dùng trong câu; ưu tiên một tình huống và phản hồi.
translation.n,translation,bản dịch,A2,todo,1761,3,medium,75,90,100,50–65%,60–75%,Cần thêm ngữ cảnh hoặc làm rõ cách dùng trong câu; ưu tiên một tình huống và phản hồi.
speaker.n.person,speaker,người nói,A2,todo,1762,3,medium,75,90,100,50–65%,60–75%,Cần thêm ngữ cảnh hoặc làm rõ cách dùng trong câu; ưu tiên một tình huống và phản hồi.
listener.n,listener,người nghe,A2,todo,1763,3,medium,75,90,100,50–65%,60–75%,Cần thêm ngữ cảnh hoặc làm rõ cách dùng trong câu; ưu tiên một tình huống và phản hồi.
suggestion.n,suggestion,gợi ý,A2,todo,1764,3,medium,75,90,100,50–65%,60–75%,Cần thêm ngữ cảnh hoặc làm rõ cách dùng trong câu; ưu tiên một tình huống và phản hồi.
promise.n,promise,lời hứa,A2,todo,1765,3,medium,75,90,100,50–65%,60–75%,Cần thêm ngữ cảnh hoặc làm rõ cách dùng trong câu; ưu tiên một tình huống và phản hồi.
explanation.n,explanation,lời giải thích,A2,todo,1766,3,medium,75,90,100,50–65%,60–75%,Cần thêm ngữ cảnh hoặc làm rõ cách dùng trong câu; ưu tiên một tình huống và phản hồi.
spelling.n,spelling,"cách đánh vần, chính tả",A2,todo,1767,3,medium,75,90,100,50–65%,60–75%,Cần thêm ngữ cảnh hoặc làm rõ cách dùng trong câu; ưu tiên một tình huống và phản hồi.
adverb.n,adverb,trạng từ,A2,todo,1768,3,medium,75,90,100,50–65%,60–75%,Cần thêm ngữ cảnh hoặc làm rõ cách dùng trong câu; ưu tiên một tình huống và phản hồi.
pronoun.n,pronoun,đại từ,A2,todo,1769,3,medium,75,90,100,50–65%,60–75%,Cần thêm ngữ cảnh hoặc làm rõ cách dùng trong câu; ưu tiên một tình huống và phản hồi.
preposition.n,preposition,giới từ,A2,todo,1770,3,medium,75,90,100,50–65%,60–75%,Cần thêm ngữ cảnh hoặc làm rõ cách dùng trong câu; ưu tiên một tình huống và phản hồi.
keep in touch.phr,keep in touch,giữ liên lạc,A2,todo,1771,3,medium,75,90,100,50–65%,60–75%,Cần thêm ngữ cảnh hoặc làm rõ cách dùng trong câu; ưu tiên một tình huống và phản hồi.
case.n.legal,case,"vụ án, vụ kiện",A2,todo,1772,3,medium,75,90,100,50–65%,60–75%,Cần thêm ngữ cảnh hoặc làm rõ cách dùng trong câu; ưu tiên một tình huống và phản hồi.
fine.n,fine,tiền phạt,A2,todo,1773,3,medium,75,90,100,50–65%,60–75%,Cần thêm ngữ cảnh hoặc làm rõ cách dùng trong câu; ưu tiên một tình huống và phản hồi.
crime.n,crime,tội phạm,A2,todo,1774,3,medium,75,90,100,50–65%,60–75%,Cần thêm ngữ cảnh hoặc làm rõ cách dùng trong câu; ưu tiên một tình huống và phản hồi.
criminal.n,criminal,tội phạm (người),A2,todo,1775,3,medium,75,90,100,50–65%,60–75%,Cần thêm ngữ cảnh hoặc làm rõ cách dùng trong câu; ưu tiên một tình huống và phản hồi.
citizen.n,citizen,công dân,A2,todo,1776,3,medium,75,90,100,50–65%,60–75%,Cần thêm ngữ cảnh hoặc làm rõ cách dùng trong câu; ưu tiên một tình huống và phản hồi.
nationality.n,nationality,quốc tịch,A2,todo,1777,3,medium,75,90,100,50–65%,60–75%,Cần thêm ngữ cảnh hoặc làm rõ cách dùng trong câu; ưu tiên một tình huống và phản hồi.
government.n,government,chính phủ,A2,todo,1778,3,medium,75,90,100,50–65%,60–75%,Cần thêm ngữ cảnh hoặc làm rõ cách dùng trong câu; ưu tiên một tình huống và phản hồi.
state.n.nation,state,"nhà nước, tiểu bang",A2,todo,1779,3,medium,75,90,100,50–65%,60–75%,Cần thêm ngữ cảnh hoặc làm rõ cách dùng trong câu; ưu tiên một tình huống và phản hồi.
nation.n,nation,quốc gia,A2,todo,1780,3,medium,75,90,100,50–65%,60–75%,Cần thêm ngữ cảnh hoặc làm rõ cách dùng trong câu; ưu tiên một tình huống và phản hồi.
election.n,election,cuộc bầu cử,A2,todo,1781,3,medium,75,90,100,50–65%,60–75%,Cần thêm ngữ cảnh hoặc làm rõ cách dùng trong câu; ưu tiên một tình huống và phản hồi.
vote.n,vote,"lá phiếu, sự bỏ phiếu",A2,todo,1782,3,medium,75,90,100,50–65%,60–75%,Cần thêm ngữ cảnh hoặc làm rõ cách dùng trong câu; ưu tiên một tình huống và phản hồi.
candidate.n.election,candidate,ứng cử viên (chính trị),A2,todo,1783,3,medium,75,90,100,50–65%,60–75%,Cần thêm ngữ cảnh hoặc làm rõ cách dùng trong câu; ưu tiên một tình huống và phản hồi.
form.n,form,biểu mẫu,A2,todo,1784,3,medium,75,90,100,50–65%,60–75%,Cần thêm ngữ cảnh hoặc làm rõ cách dùng trong câu; ưu tiên một tình huống và phản hồi.
application.n.administrative,application,đơn xin,A2,todo,1785,3,medium,75,90,100,50–65%,60–75%,Cần thêm ngữ cảnh hoặc làm rõ cách dùng trong câu; ưu tiên một tình huống và phản hồi.
certificate.n.administrative,certificate,giấy chứng nhận,A2,todo,1786,3,medium,75,90,100,50–65%,60–75%,Cần thêm ngữ cảnh hoặc làm rõ cách dùng trong câu; ưu tiên một tình huống và phản hồi.
fee.n.administrative,fee,lệ phí,A2,todo,1787,3,medium,75,90,100,50–65%,60–75%,Cần thêm ngữ cảnh hoặc làm rõ cách dùng trong câu; ưu tiên một tình huống và phản hồi.
elect.v,elect,bầu cử,A2,todo,1788,3,medium,75,90,100,50–65%,60–75%,Cần thêm ngữ cảnh hoặc làm rõ cách dùng trong câu; ưu tiên một tình huống và phản hồi.
vote.v,vote,bỏ phiếu,A2,todo,1789,3,medium,75,90,100,50–65%,60–75%,Cần thêm ngữ cảnh hoặc làm rõ cách dùng trong câu; ưu tiên một tình huống và phản hồi.
register.v,register,đăng ký,A2,todo,1790,3,medium,75,90,100,50–65%,60–75%,Cần thêm ngữ cảnh hoặc làm rõ cách dùng trong câu; ưu tiên một tình huống và phản hồi.
legal.adj,legal,hợp pháp,A2,todo,1791,3,medium,75,90,100,50–65%,60–75%,Cần thêm ngữ cảnh hoặc làm rõ cách dùng trong câu; ưu tiên một tình huống và phản hồi.
illegal.adj,illegal,bất hợp pháp,A2,todo,1792,3,medium,75,90,100,50–65%,60–75%,Cần thêm ngữ cảnh hoặc làm rõ cách dùng trong câu; ưu tiên một tình huống và phản hồi.
guilty.adj.legal,guilty,có tội,A2,todo,1793,3,medium,75,90,100,50–65%,60–75%,Cần thêm ngữ cảnh hoặc làm rõ cách dùng trong câu; ưu tiên một tình huống và phản hồi.
innocent.adj,innocent,vô tội,A2,todo,1794,3,medium,75,90,100,50–65%,60–75%,Cần thêm ngữ cảnh hoặc làm rõ cách dùng trong câu; ưu tiên một tình huống và phản hồi.
official.adj,official,chính thức,A2,todo,1795,3,medium,75,90,100,50–65%,60–75%,Cần thêm ngữ cảnh hoặc làm rõ cách dùng trong câu; ưu tiên một tình huống và phản hồi.
public.adj.government,public,công khai,A2,todo,1796,3,medium,75,90,100,50–65%,60–75%,Cần thêm ngữ cảnh hoặc làm rõ cách dùng trong câu; ưu tiên một tình huống và phản hồi.
research.n,research,nghiên cứu,A2,todo,1797,3,medium,75,90,100,50–65%,60–75%,Cần thêm ngữ cảnh hoặc làm rõ cách dùng trong câu; ưu tiên một tình huống và phản hồi.
experiment.n,experiment,thí nghiệm,A2,todo,1798,3,medium,75,90,100,50–65%,60–75%,Cần thêm ngữ cảnh hoặc làm rõ cách dùng trong câu; ưu tiên một tình huống và phản hồi.
lab.n,lab,phòng thí nghiệm (viết tắt),A2,todo,1799,3,medium,75,90,100,50–65%,60–75%,Cần thêm ngữ cảnh hoặc làm rõ cách dùng trong câu; ưu tiên một tình huống và phản hồi.
graph.n,graph,đồ thị,A2,todo,1800,3,medium,75,90,100,50–65%,60–75%,Cần thêm ngữ cảnh hoặc làm rõ cách dùng trong câu; ưu tiên một tình huống và phản hồi.
chart.n.data,chart,biểu đồ,A2,todo,1801,3,medium,75,90,100,50–65%,60–75%,Cần thêm ngữ cảnh hoặc làm rõ cách dùng trong câu; ưu tiên một tình huống và phản hồi.
average.n.statistics,average,giá trị trung bình,A2,todo,1802,3,medium,75,90,100,50–65%,60–75%,Cần thêm ngữ cảnh hoặc làm rõ cách dùng trong câu; ưu tiên một tình huống và phản hồi.
physics.n,physics,vật lý,A2,todo,1803,3,medium,75,90,100,50–65%,60–75%,Cần thêm ngữ cảnh hoặc làm rõ cách dùng trong câu; ưu tiên một tình huống và phản hồi.
force.n,force,lực,A2,todo,1804,3,medium,75,90,100,50–65%,60–75%,Cần thêm ngữ cảnh hoặc làm rõ cách dùng trong câu; ưu tiên một tình huống và phản hồi.
weight.n.physics,weight,trọng lượng (vật lý),A2,todo,1805,3,medium,75,90,100,50–65%,60–75%,Cần thêm ngữ cảnh hoặc làm rõ cách dùng trong câu; ưu tiên một tình huống và phản hồi.
heat.n.physics,heat,nhiệt (vật lý),A2,todo,1806,3,medium,75,90,100,50–65%,60–75%,Cần thêm ngữ cảnh hoặc làm rõ cách dùng trong câu; ưu tiên một tình huống và phản hồi.
chemistry.n,chemistry,hoá học,A2,todo,1807,3,medium,75,90,100,50–65%,60–75%,Cần thêm ngữ cảnh hoặc làm rõ cách dùng trong câu; ưu tiên một tình huống và phản hồi.
gas.n,gas,"khí, chất khí",A2,todo,1808,3,medium,75,90,100,50–65%,60–75%,Cần thêm ngữ cảnh hoặc làm rõ cách dùng trong câu; ưu tiên một tình huống và phản hồi.
liquid.n,liquid,chất lỏng,A2,todo,1809,3,medium,75,90,100,50–65%,60–75%,Cần thêm ngữ cảnh hoặc làm rõ cách dùng trong câu; ưu tiên một tình huống và phản hồi.
solid.n,solid,chất rắn,A2,todo,1810,3,medium,75,90,100,50–65%,60–75%,Cần thêm ngữ cảnh hoặc làm rõ cách dùng trong câu; ưu tiên một tình huống và phản hồi.
oxygen.n,oxygen,oxy,A2,todo,1811,3,medium,75,90,100,50–65%,60–75%,Cần thêm ngữ cảnh hoặc làm rõ cách dùng trong câu; ưu tiên một tình huống và phản hồi.
biology.n,biology,sinh học,A2,todo,1812,3,medium,75,90,100,50–65%,60–75%,Cần thêm ngữ cảnh hoặc làm rõ cách dùng trong câu; ưu tiên một tình huống và phản hồi.
virus.n.biology,virus,virus,A2,todo,1813,3,medium,75,90,100,50–65%,60–75%,Cần thêm ngữ cảnh hoặc làm rõ cách dùng trong câu; ưu tiên một tình huống và phản hồi.
universe.n,universe,vũ trụ,A2,todo,1814,3,medium,75,90,100,50–65%,60–75%,Cần thêm ngữ cảnh hoặc làm rõ cách dùng trong câu; ưu tiên một tình huống và phản hồi.
solar system.n,solar system,hệ mặt trời,A2,todo,1815,3,medium,75,90,100,50–65%,60–75%,Cần thêm ngữ cảnh hoặc làm rõ cách dùng trong câu; ưu tiên một tình huống và phản hồi.
astronaut.n,astronaut,phi hành gia,A2,todo,1816,3,medium,75,90,100,50–65%,60–75%,Cần thêm ngữ cảnh hoặc làm rõ cách dùng trong câu; ưu tiên một tình huống và phản hồi.
rocket.n,rocket,tên lửa,A2,todo,1817,3,medium,75,90,100,50–65%,60–75%,Cần thêm ngữ cảnh hoặc làm rõ cách dùng trong câu; ưu tiên một tình huống và phản hồi.
invention.n,invention,phát minh,A2,todo,1818,3,medium,75,90,100,50–65%,60–75%,Cần thêm ngữ cảnh hoặc làm rõ cách dùng trong câu; ưu tiên một tình huống và phản hồi.
inventor.n,inventor,nhà phát minh,A2,todo,1819,3,medium,75,90,100,50–65%,60–75%,Cần thêm ngữ cảnh hoặc làm rõ cách dùng trong câu; ưu tiên một tình huống và phản hồi.
discovery.n,discovery,"phát hiện, khám phá",A2,todo,1820,3,medium,75,90,100,50–65%,60–75%,Cần thêm ngữ cảnh hoặc làm rõ cách dùng trong câu; ưu tiên một tình huống và phản hồi.
technology.n,technology,công nghệ,A2,todo,1821,3,medium,75,90,100,50–65%,60–75%,Cần thêm ngữ cảnh hoặc làm rõ cách dùng trong câu; ưu tiên một tình huống và phản hồi.
several times.phr,several times,vài lần,A2,todo,1822,3,medium,75,90,100,50–65%,60–75%,Cần thêm ngữ cảnh hoặc làm rõ cách dùng trong câu; ưu tiên một tình huống và phản hồi.
nowadays.adv,nowadays,ngày nay,A2,todo,1823,3,medium,75,90,100,50–65%,60–75%,Cần thêm ngữ cảnh hoặc làm rõ cách dùng trong câu; ưu tiên một tình huống và phản hồi.
recently.adv,recently,gần đây,A2,todo,1824,3,medium,75,90,100,50–65%,60–75%,Cần thêm ngữ cảnh hoặc làm rõ cách dùng trong câu; ưu tiên một tình huống và phản hồi.
immediately.adv,immediately,ngay lập tức,A2,todo,1825,3,medium,75,90,100,50–65%,60–75%,Cần thêm ngữ cảnh hoặc làm rõ cách dùng trong câu; ưu tiên một tình huống và phản hồi.
suddenly.adv,suddenly,đột nhiên,A2,todo,1826,3,medium,75,90,100,50–65%,60–75%,Cần thêm ngữ cảnh hoặc làm rõ cách dùng trong câu; ưu tiên một tình huống và phản hồi.
earlier.adv,earlier,sớm hơn,A2,todo,1827,3,medium,75,90,100,50–65%,60–75%,Cần thêm ngữ cảnh hoặc làm rõ cách dùng trong câu; ưu tiên một tình huống và phản hồi.
several.det,several,"vài, một số",A2,todo,1828,3,medium,75,90,100,50–65%,60–75%,"Dùng hình hoặc đối chiếu ngắn để làm rõ vị trí, quan hệ, tần suất hay lượng; không cần bài 100 giây mặc định."
a couple of.det,a couple of,"một vài, hai ba",A2,todo,1829,3,medium,75,90,100,50–65%,60–75%,"Dùng hình hoặc đối chiếu ngắn để làm rõ vị trí, quan hệ, tần suất hay lượng; không cần bài 100 giây mặc định."
exactly.adv,exactly,chính xác,A2,todo,1830,3,medium,75,90,100,50–65%,60–75%,Cần thêm ngữ cảnh hoặc làm rõ cách dùng trong câu; ưu tiên một tình huống và phản hồi.
nearly.adv,nearly,gần như,A2,todo,1831,3,medium,75,90,100,50–65%,60–75%,Cần thêm ngữ cảnh hoặc làm rõ cách dùng trong câu; ưu tiên một tình huống và phản hồi.
at least.phr,at least,ít nhất,A2,todo,1832,3,medium,75,90,100,50–65%,60–75%,Cần thêm ngữ cảnh hoặc làm rõ cách dùng trong câu; ưu tiên một tình huống và phản hồi.
around.adv.approx-number,around,khoảng chừng (với số liệu),A2,todo,1833,3,medium,75,90,100,50–65%,60–75%,Cần thêm ngữ cảnh hoặc làm rõ cách dùng trong câu; ưu tiên một tình huống và phản hồi.
over.prep,over,"hơn, trên (số lượng)",A2,todo,1834,3,medium,75,90,100,50–65%,60–75%,"Dùng hình hoặc đối chiếu ngắn để làm rõ vị trí, quan hệ, tần suất hay lượng; không cần bài 100 giây mặc định."
under.prep,under,"dưới, chưa tới (số lượng)",A2,todo,1835,3,medium,75,90,100,50–65%,60–75%,"Dùng hình hoặc đối chiếu ngắn để làm rõ vị trí, quan hệ, tần suất hay lượng; không cần bài 100 giây mặc định."
part.n.component,part,"bộ phận, linh kiện (máy móc)",A2,todo,1836,3,medium,75,90,100,50–65%,60–75%,Cần thêm ngữ cảnh hoặc làm rõ cách dùng trong câu; ưu tiên một tình huống và phản hồi.
line.n.drawn-line,line,"đường kẻ, vạch",A2,todo,1837,3,medium,75,90,100,50–65%,60–75%,Cần thêm ngữ cảnh hoặc làm rõ cách dùng trong câu; ưu tiên một tình huống và phản hồi.
line.n.queue,line,hàng người xếp chờ,A2,todo,1838,3,medium,75,90,100,50–65%,60–75%,Cần thêm ngữ cảnh hoặc làm rõ cách dùng trong câu; ưu tiên một tình huống và phản hồi.
point.n.location,point,"điểm, vị trí cụ thể",A2,todo,1839,3,medium,75,90,100,50–65%,60–75%,Cần thêm ngữ cảnh hoặc làm rõ cách dùng trong câu; ưu tiên một tình huống và phản hồi.
space.n.room,space,"khoảng trống, chỗ trống",A2,todo,1840,3,medium,75,90,100,50–65%,60–75%,Cần thêm ngữ cảnh hoặc làm rõ cách dùng trong câu; ưu tiên một tình huống và phản hồi.
space.n.outer-space,space,không gian vũ trụ,A2,todo,1841,3,medium,75,90,100,50–65%,60–75%,Cần thêm ngữ cảnh hoặc làm rõ cách dùng trong câu; ưu tiên một tình huống và phản hồi.
turn.n.opportunity-to-act,turn,"lượt, phiên (đến lượt ai)",A2,todo,1842,3,medium,75,90,100,50–65%,60–75%,Cần thêm ngữ cảnh hoặc làm rõ cách dùng trong câu; ưu tiên một tình huống và phản hồi.
case.n.instance,case,"trường hợp, tình huống",A2,todo,1843,3,medium,75,90,100,50–65%,60–75%,Cần thêm ngữ cảnh hoặc làm rõ cách dùng trong câu; ưu tiên một tình huống và phản hồi.
level.n.degree-of,level,"mức độ, trình độ",A2,todo,1844,3,medium,75,90,100,50–65%,60–75%,Cần thêm ngữ cảnh hoặc làm rõ cách dùng trong câu; ưu tiên một tình huống và phản hồi.
figure.n.number-value,figure,con số,A2,todo,1845,3,medium,75,90,100,50–65%,60–75%,Cần thêm ngữ cảnh hoặc làm rõ cách dùng trong câu; ưu tiên một tình huống và phản hồi.
light.n.daylight,light,"ánh sáng ban ngày, ánh mặt trời",A2,todo,1846,3,medium,75,90,100,50–65%,60–75%,Cần thêm ngữ cảnh hoặc làm rõ cách dùng trong câu; ưu tiên một tình huống và phản hồi.
order.n.arrangement,order,"trật tự, sự ngăn nắp",A2,todo,1847,3,medium,75,90,100,50–65%,60–75%,Cần thêm ngữ cảnh hoặc làm rõ cách dùng trong câu; ưu tiên một tình huống và phản hồi.
sign.n.indication,sign,"dấu hiệu, triệu chứng",A2,todo,1848,3,medium,75,90,100,50–65%,60–75%,Cần thêm ngữ cảnh hoặc làm rõ cách dùng trong câu; ưu tiên một tình huống và phản hồi.
change.n.alteration,change,sự thay đổi,A2,todo,1849,3,medium,75,90,100,50–65%,60–75%,Cần thêm ngữ cảnh hoặc làm rõ cách dùng trong câu; ưu tiên một tình huống và phản hồi.
charge.n.fee,charge,"phí, khoản tiền phải trả",A2,todo,1850,3,medium,75,90,100,50–65%,60–75%,Cần thêm ngữ cảnh hoặc làm rõ cách dùng trong câu; ưu tiên một tình huống và phản hồi.
hand.n.assistance,hand,sự giúp đỡ (give someone a hand),A2,todo,1851,3,medium,75,90,100,50–65%,60–75%,Cần thêm ngữ cảnh hoặc làm rõ cách dùng trong câu; ưu tiên một tình huống và phản hồi.
note.n.message,note,lời nhắn ngắn,A2,todo,1852,3,medium,75,90,100,50–65%,60–75%,Cần thêm ngữ cảnh hoặc làm rõ cách dùng trong câu; ưu tiên một tình huống và phản hồi.
thing.n.matter-basic,thing,"việc, chuyện (do the right thing)",A2,todo,1853,3,medium,75,90,100,50–65%,60–75%,Cần thêm ngữ cảnh hoặc làm rõ cách dùng trong câu; ưu tiên một tình huống và phản hồi.
view.n.scenery,view,"cảnh quan, phong cảnh",A2,todo,1854,3,medium,75,90,100,50–65%,60–75%,Cần thêm ngữ cảnh hoặc làm rõ cách dùng trong câu; ưu tiên một tình huống và phản hồi.
present.n.now,present,"hiện tại, thời điểm hiện tại",A2,todo,1855,3,medium,75,90,100,50–65%,60–75%,Cần thêm ngữ cảnh hoặc làm rõ cách dùng trong câu; ưu tiên một tình huống và phản hồi.
date.n.romantic,date,buổi hẹn hò,A2,todo,1856,3,medium,75,90,100,50–65%,60–75%,Cần thêm ngữ cảnh hoặc làm rõ cách dùng trong câu; ưu tiên một tình huống và phản hồi.
fire.n.blaze,fire,vụ hoả hoạn,A2,todo,1857,3,medium,75,90,100,50–65%,60–75%,Cần thêm ngữ cảnh hoặc làm rõ cách dùng trong câu; ưu tiên một tình huống và phản hồi.
rest.n.remainder,rest,phần còn lại,A2,todo,1858,3,medium,75,90,100,50–65%,60–75%,Cần thêm ngữ cảnh hoặc làm rõ cách dùng trong câu; ưu tiên một tình huống và phản hồi.
course.n.meal-course,course,"món ăn (trong bữa, main course)",A2,todo,1859,3,medium,75,90,100,50–65%,60–75%,Cần thêm ngữ cảnh hoặc làm rõ cách dùng trong câu; ưu tiên một tình huống và phản hồi.
mark.n.trace,mark,"vết, dấu vết",A2,todo,1860,3,medium,75,90,100,50–65%,60–75%,Cần thêm ngữ cảnh hoặc làm rõ cách dùng trong câu; ưu tiên một tình huống và phản hồi.
model.n.fashion-person,model,người mẫu,A2,todo,1861,3,medium,75,90,100,50–65%,60–75%,Cần thêm ngữ cảnh hoặc làm rõ cách dùng trong câu; ưu tiên một tình huống và phản hồi.
period.n.class-session,period,tiết học,A2,todo,1862,3,medium,75,90,100,50–65%,60–75%,Cần thêm ngữ cảnh hoặc làm rõ cách dùng trong câu; ưu tiên một tình huống và phản hồi.
post.n.mail,post,"thư từ, bưu điện",A2,todo,1863,3,medium,75,90,100,50–65%,60–75%,Cần thêm ngữ cảnh hoặc làm rõ cách dùng trong câu; ưu tiên một tình huống và phản hồi.
step.n.stair,step,bậc thang,A2,todo,1864,3,medium,75,90,100,50–65%,60–75%,Cần thêm ngữ cảnh hoặc làm rõ cách dùng trong câu; ưu tiên một tình huống và phản hồi.
step.n.procedure-step,step,"bước, giai đoạn trong quy trình",A2,todo,1865,3,medium,75,90,100,50–65%,60–75%,Cần thêm ngữ cảnh hoặc làm rõ cách dùng trong câu; ưu tiên một tình huống và phản hồi.
title.n.name-of-work,title,"tên (sách, phim, bài hát)",A2,todo,1866,3,medium,75,90,100,50–65%,60–75%,Cần thêm ngữ cảnh hoặc làm rõ cách dùng trong câu; ưu tiên một tình huống và phản hồi.
top.n.clothing,top,áo (quần áo),A2,todo,1867,3,medium,75,90,100,50–65%,60–75%,Cần thêm ngữ cảnh hoặc làm rõ cách dùng trong câu; ưu tiên một tình huống và phản hồi.
wave.n.hand-gesture,wave,cái vẫy tay,A2,todo,1868,3,medium,75,90,100,50–65%,60–75%,Cần thêm ngữ cảnh hoặc làm rõ cách dùng trong câu; ưu tiên một tình huống và phản hồi.
answer.n.solution,answer,"lời giải, đáp án (bài toán)",A2,todo,1869,3,medium,75,90,100,50–65%,60–75%,Cần thêm ngữ cảnh hoặc làm rõ cách dùng trong câu; ưu tiên một tình huống và phản hồi.
area.n.region-zone,area,"khu vực, vùng",A2,todo,1870,3,medium,75,90,100,50–65%,60–75%,Cần thêm ngữ cảnh hoặc làm rõ cách dùng trong câu; ưu tiên một tình huống và phản hồi.
attack.n.assault,attack,cuộc tấn công,A2,todo,1871,3,medium,75,90,100,50–65%,60–75%,Cần thêm ngữ cảnh hoặc làm rõ cách dùng trong câu; ưu tiên một tình huống và phản hồi.
match.n.matchstick,match,que diêm,A2,todo,1872,3,medium,75,90,100,50–65%,60–75%,Cần thêm ngữ cảnh hoặc làm rõ cách dùng trong câu; ưu tiên một tình huống và phản hồi.
object.n.item-basic,object,đồ vật,A2,todo,1873,3,medium,75,90,100,50–65%,60–75%,Cần thêm ngữ cảnh hoặc làm rõ cách dùng trong câu; ưu tiên một tình huống và phản hồi.
set.n.collection-set,set,bộ (đồ vật đi cùng nhau),A2,todo,1874,3,medium,75,90,100,50–65%,60–75%,Cần thêm ngữ cảnh hoặc làm rõ cách dùng trong câu; ưu tiên một tình huống và phản hồi.
check.n.inspection,check,sự kiểm tra,A2,todo,1875,3,medium,75,90,100,50–65%,60–75%,Cần thêm ngữ cảnh hoặc làm rõ cách dùng trong câu; ưu tiên một tình huống và phản hồi.
cover.n.book-cover,cover,"bìa (sách, tạp chí)",A2,todo,1876,3,medium,75,90,100,50–65%,60–75%,Cần thêm ngữ cảnh hoặc làm rõ cách dùng trong câu; ưu tiên một tình huống và phản hồi.
cut.n.wound,cut,"vết cắt, vết thương",A2,todo,1877,3,medium,75,90,100,50–65%,60–75%,Cần thêm ngữ cảnh hoặc làm rõ cách dùng trong câu; ưu tiên một tình huống và phản hồi.
fall.n.physical-fall,fall,cú ngã,A2,todo,1878,3,medium,75,90,100,50–65%,60–75%,Cần thêm ngữ cảnh hoặc làm rõ cách dùng trong câu; ưu tiên một tình huống và phản hồi.
take.v.medicine,take,uống (thuốc),A2,todo,1879,3,medium,75,90,100,50–65%,60–75%,"Nghĩa hành động cụ thể; thêm câu dùng tự nhiên và luyện ngắn, không kéo dài theo các nghĩa khác của cùng từ."
mean.v.signify,mean,có nghĩa là,A2,todo,1880,3,medium,75,90,100,50–65%,60–75%,Cần thêm ngữ cảnh hoặc làm rõ cách dùng trong câu; ưu tiên một tình huống và phản hồi.
see.v.understand,see,hiểu (I see),A2,todo,1881,3,medium,75,90,100,50–65%,60–75%,Cần thêm ngữ cảnh hoặc làm rõ cách dùng trong câu; ưu tiên một tình huống và phản hồi.
see.v.visit-professional,see,gặp (bác sĩ),A2,todo,1882,3,medium,75,90,100,50–65%,60–75%,Cần thêm ngữ cảnh hoặc làm rõ cách dùng trong câu; ưu tiên một tình huống và phản hồi.
decide.v.determine-basic,decide,quyết định,A2,todo,1883,3,medium,75,90,100,50–65%,60–75%,Cần thêm ngữ cảnh hoặc làm rõ cách dùng trong câu; ưu tiên một tình huống và phản hồi.
include.v.include-basic,include,bao gồm,A2,todo,1884,3,medium,75,90,100,50–65%,60–75%,Cần thêm ngữ cảnh hoặc làm rõ cách dùng trong câu; ưu tiên một tình huống và phản hồi.
imagine.v.imagine-basic,imagine,tưởng tượng,A2,todo,1885,3,medium,75,90,100,50–65%,60–75%,Cần thêm ngữ cảnh hoặc làm rõ cách dùng trong câu; ưu tiên một tình huống và phản hồi.
necessary.adj.necessary-basic,necessary,cần thiết,A2,todo,1886,3,medium,75,90,100,50–65%,60–75%,Cần thêm ngữ cảnh hoặc làm rõ cách dùng trong câu; ưu tiên một tình huống và phản hồi.
possible.adj.possible-basic,possible,có thể xảy ra,A2,todo,1887,3,medium,75,90,100,50–65%,60–75%,Cần thêm ngữ cảnh hoặc làm rõ cách dùng trong câu; ưu tiên một tình huống và phản hồi.
impossible.adj.impossible-basic,impossible,không thể,A2,todo,1888,3,medium,75,90,100,50–65%,60–75%,Cần thêm ngữ cảnh hoặc làm rõ cách dùng trong câu; ưu tiên một tình huống và phản hồi.
into.prep,into,vào trong,A2,todo,1889,3,medium,75,90,100,50–65%,60–75%,"Dùng hình hoặc đối chiếu ngắn để làm rõ vị trí, quan hệ, tần suất hay lượng; không cần bài 100 giây mặc định."
out of.phr,out of,ra khỏi,A2,todo,1890,3,medium,75,90,100,50–65%,60–75%,Cần thêm ngữ cảnh hoặc làm rõ cách dùng trong câu; ưu tiên một tình huống và phản hồi.
because of.phr,because of,"vì, bởi vì",A2,todo,1891,3,medium,75,90,100,50–65%,60–75%,Cần thêm ngữ cảnh hoặc làm rõ cách dùng trong câu; ưu tiên một tình huống và phản hồi.
instead of.phr,instead of,thay vì,A2,todo,1892,3,medium,75,90,100,50–65%,60–75%,Cần thêm ngữ cảnh hoặc làm rõ cách dùng trong câu; ưu tiên một tình huống và phản hồi.
however.adv,however,"tuy nhiên, dùng nối hai câu đối lập",A2,todo,1893,3,medium,75,90,100,50–65%,60–75%,Cần thêm ngữ cảnh hoặc làm rõ cách dùng trong câu; ưu tiên một tình huống và phản hồi.
for example.phr,for example,ví dụ như,A2,todo,1894,3,medium,75,90,100,50–65%,60–75%,Cần thêm ngữ cảnh hoặc làm rõ cách dùng trong câu; ưu tiên một tình huống và phản hồi.
actually.adv,actually,thực ra,A2,todo,1895,3,medium,75,90,100,50–65%,60–75%,Cần thêm ngữ cảnh hoặc làm rõ cách dùng trong câu; ưu tiên một tình huống và phản hồi.
yourselves.pron,yourselves,chính các bạn,A2,todo,1896,3,medium,75,90,100,50–65%,60–75%,Cần thêm ngữ cảnh hoặc làm rõ cách dùng trong câu; ưu tiên một tình huống và phản hồi.
each other.phr,each other,lẫn nhau,A2,todo,1897,3,medium,75,90,100,50–65%,60–75%,Cần thêm ngữ cảnh hoặc làm rõ cách dùng trong câu; ưu tiên một tình huống và phản hồi.
nowhere.pron,nowhere,không nơi nào,A2,todo,1898,3,medium,75,90,100,50–65%,60–75%,Cần thêm ngữ cảnh hoặc làm rõ cách dùng trong câu; ưu tiên một tình huống và phản hồi.
none.pron,none,"không cái nào, không ai",A2,todo,1899,3,medium,75,90,100,50–65%,60–75%,Cần thêm ngữ cảnh hoặc làm rõ cách dùng trong câu; ưu tiên một tình huống và phản hồi.
quite.adv,quite,khá là,A2,todo,1900,3,medium,75,90,100,50–65%,60–75%,Cần thêm ngữ cảnh hoặc làm rõ cách dùng trong câu; ưu tiên một tình huống và phản hồi.
completely.adv,completely,hoàn toàn,A2,todo,1901,3,medium,75,90,100,50–65%,60–75%,Cần thêm ngữ cảnh hoặc làm rõ cách dùng trong câu; ưu tiên một tình huống và phản hồi.
a bit.phr,a bit,một chút,A2,todo,1902,3,medium,75,90,100,50–65%,60–75%,Cần thêm ngữ cảnh hoặc làm rõ cách dùng trong câu; ưu tiên một tình huống và phản hồi.
a little bit.phr,a little bit,một chút xíu,A2,todo,1903,3,medium,75,90,100,50–65%,60–75%,Cần thêm ngữ cảnh hoặc làm rõ cách dùng trong câu; ưu tiên một tình huống và phản hồi.
so.adv,so,"quá, đến mức (nhấn mạnh)",A2,todo,1904,3,medium,75,90,100,50–65%,60–75%,Cần thêm ngữ cảnh hoặc làm rõ cách dùng trong câu; ưu tiên một tình huống và phản hồi.
even.adv,even,thậm chí,A2,todo,1905,3,medium,75,90,100,50–65%,60–75%,Cần thêm ngữ cảnh hoặc làm rõ cách dùng trong câu; ưu tiên một tình huống và phản hồi.
almost.adv,almost,gần như,A2,todo,1906,3,medium,75,90,100,50–65%,60–75%,Cần thêm ngữ cảnh hoặc làm rõ cách dùng trong câu; ưu tiên một tình huống và phản hồi.
especially.adv,especially,đặc biệt là,A2,todo,1907,3,medium,75,90,100,50–65%,60–75%,Cần thêm ngữ cảnh hoặc làm rõ cách dùng trong câu; ưu tiên một tình huống và phản hồi.
get away.phr.escape,get away,"trốn thoát, đi khỏi",A2,todo,1908,3,medium,75,90,100,50–65%,60–75%,Cần thêm ngữ cảnh hoặc làm rõ cách dùng trong câu; ưu tiên một tình huống và phản hồi.
put up.phr.hang,put up,"treo lên, dựng lên",A2,todo,1909,3,medium,75,90,100,50–65%,60–75%,"Nghĩa hành động cụ thể; thêm câu dùng tự nhiên và luyện ngắn, không kéo dài theo các nghĩa khác của cùng từ."
put back.phr.return-place,put back,đặt trở lại chỗ cũ,A2,todo,1910,3,medium,75,90,100,50–65%,60–75%,Cần thêm ngữ cảnh hoặc làm rõ cách dùng trong câu; ưu tiên một tình huống và phản hồi.
put together.phr.assemble,put together,"lắp ráp, ghép lại",A2,todo,1911,3,medium,75,90,100,50–65%,60–75%,Cần thêm ngữ cảnh hoặc làm rõ cách dùng trong câu; ưu tiên một tình huống và phản hồi.
take down.phr.remove,take down,"gỡ xuống, tháo xuống",A2,todo,1912,3,medium,75,90,100,50–65%,60–75%,Cần thêm ngữ cảnh hoặc làm rõ cách dùng trong câu; ưu tiên một tình huống và phản hồi.
take off.phr.remove-clothes,take off,cởi bỏ quần áo,A2,todo,1913,3,medium,75,90,100,50–65%,60–75%,Cần thêm ngữ cảnh hoặc làm rõ cách dùng trong câu; ưu tiên một tình huống và phản hồi.
call back.phr.phone-again,call back,gọi điện lại,A2,todo,1914,3,medium,75,90,100,50–65%,60–75%,Cần thêm ngữ cảnh hoặc làm rõ cách dùng trong câu; ưu tiên một tình huống và phản hồi.
come along.phr.accompany,come along,đi theo cùng,A2,todo,1915,3,medium,75,90,100,50–65%,60–75%,Cần thêm ngữ cảnh hoặc làm rõ cách dùng trong câu; ưu tiên một tình huống và phản hồi.
come over.phr.visit-casual,come over,ghé qua nhà chơi,A2,todo,1916,3,medium,75,90,100,50–65%,60–75%,Cần thêm ngữ cảnh hoặc làm rõ cách dùng trong câu; ưu tiên một tình huống và phản hồi.
go up.phr.increase-price,go up,"tăng lên (giá cả, số liệu)",A2,todo,1917,3,medium,75,90,100,50–65%,60–75%,Cần thêm ngữ cảnh hoặc làm rõ cách dùng trong câu; ưu tiên một tình huống và phản hồi.
go down.phr.decrease-price,go down,"giảm xuống (giá cả, số liệu)",A2,todo,1918,3,medium,75,90,100,50–65%,60–75%,Cần thêm ngữ cảnh hoặc làm rõ cách dùng trong câu; ưu tiên một tình huống và phản hồi.
turn up.phr.increase-volume,turn up,"vặn to lên (âm lượng, nhiệt độ)",A2,todo,1919,3,medium,75,90,100,50–65%,60–75%,Cần thêm ngữ cảnh hoặc làm rõ cách dùng trong câu; ưu tiên một tình huống và phản hồi.
turn down.phr.decrease-volume,turn down,vặn nhỏ lại (âm lượng),A2,todo,1920,3,medium,75,90,100,50–65%,60–75%,Cần thêm ngữ cảnh hoặc làm rõ cách dùng trong câu; ưu tiên một tình huống và phản hồi.
turn around.phr.face-around,turn around,quay người lại,A2,todo,1921,3,medium,75,90,100,50–65%,60–75%,Cần thêm ngữ cảnh hoặc làm rõ cách dùng trong câu; ưu tiên một tình huống và phản hồi.
give back.phr.return-item,give back,trả lại,A2,todo,1922,3,medium,75,90,100,50–65%,60–75%,Cần thêm ngữ cảnh hoặc làm rõ cách dùng trong câu; ưu tiên một tình huống và phản hồi.
check out.phr.hotel-checkout,check out,trả phòng khách sạn,A2,todo,1923,3,medium,75,90,100,50–65%,60–75%,Cần thêm ngữ cảnh hoặc làm rõ cách dùng trong câu; ưu tiên một tình huống và phản hồi.
clean up.phr.tidy,clean up,dọn dẹp sạch sẽ,A2,todo,1924,3,medium,75,90,100,50–65%,60–75%,Cần thêm ngữ cảnh hoặc làm rõ cách dùng trong câu; ưu tiên một tình huống và phản hồi.
clear up.phr.tidy-up,clear up,dọn dẹp gọn gàng,A2,todo,1925,3,medium,75,90,100,50–65%,60–75%,Cần thêm ngữ cảnh hoặc làm rõ cách dùng trong câu; ưu tiên một tình huống và phản hồi.
fill in.phr.complete-form,fill in,điền vào (biểu mẫu),A2,todo,1926,3,medium,75,90,100,50–65%,60–75%,Cần thêm ngữ cảnh hoặc làm rõ cách dùng trong câu; ưu tiên một tình huống và phản hồi.
fill out.phr.complete-form-full,fill out,điền đầy đủ (biểu mẫu),A2,todo,1927,3,medium,75,90,100,50–65%,60–75%,Cần thêm ngữ cảnh hoặc làm rõ cách dùng trong câu; ưu tiên một tình huống và phản hồi.
hand in.phr.submit,hand in,"nộp (bài tập, hồ sơ)",A2,todo,1928,3,medium,75,90,100,50–65%,60–75%,Cần thêm ngữ cảnh hoặc làm rõ cách dùng trong câu; ưu tiên một tình huống và phản hồi.
keep away from.phr.stay-away,keep away from,tránh xa,A2,todo,1929,3,medium,75,90,100,50–65%,60–75%,Cần thêm ngữ cảnh hoặc làm rõ cách dùng trong câu; ưu tiên một tình huống và phản hồi.
let in.phr.allow-enter,let in,cho vào trong,A2,todo,1930,3,medium,75,90,100,50–65%,60–75%,Cần thêm ngữ cảnh hoặc làm rõ cách dùng trong câu; ưu tiên một tình huống và phản hồi.
let out.phr.release,let out,"thả ra, cho ra ngoài",A2,todo,1931,3,medium,75,90,100,50–65%,60–75%,Cần thêm ngữ cảnh hoặc làm rõ cách dùng trong câu; ưu tiên một tình huống và phản hồi.
log in.phr.sign-in-account,log in,đăng nhập,A2,todo,1932,3,medium,75,90,100,50–65%,60–75%,Cần thêm ngữ cảnh hoặc làm rõ cách dùng trong câu; ưu tiên một tình huống và phản hồi.
log out.phr.sign-out-account,log out,đăng xuất,A2,todo,1933,3,medium,75,90,100,50–65%,60–75%,Cần thêm ngữ cảnh hoặc làm rõ cách dùng trong câu; ưu tiên một tình huống và phản hồi.
pass by.phr.go-past,pass by,đi ngang qua,A2,todo,1934,3,medium,75,90,100,50–65%,60–75%,Cần thêm ngữ cảnh hoặc làm rõ cách dùng trong câu; ưu tiên một tình huống và phản hồi.
run away.phr.flee,run away,bỏ trốn,A2,todo,1935,3,medium,75,90,100,50–65%,60–75%,Cần thêm ngữ cảnh hoặc làm rõ cách dùng trong câu; ưu tiên một tình huống và phản hồi.
show up.phr.appear,show up,"xuất hiện, đến nơi",A2,todo,1936,3,medium,75,90,100,50–65%,60–75%,Cần thêm ngữ cảnh hoặc làm rõ cách dùng trong câu; ưu tiên một tình huống và phản hồi.
throw away.phr.discard,throw away,vứt bỏ,A2,todo,1937,3,medium,75,90,100,50–65%,60–75%,Cần thêm ngữ cảnh hoặc làm rõ cách dùng trong câu; ưu tiên một tình huống và phản hồi.
focus on.phr.concentrate,focus on,tập trung vào,A2,todo,1938,3,medium,75,90,100,50–65%,60–75%,Cần thêm ngữ cảnh hoặc làm rõ cách dùng trong câu; ưu tiên một tình huống và phản hồi.
laugh at.phr.mock,laugh at,cười nhạo,A2,todo,1939,3,medium,75,90,100,50–65%,60–75%,Cần thêm ngữ cảnh hoặc làm rõ cách dùng trong câu; ưu tiên một tình huống và phản hồi.
think of.phr.think-idea,think of,"nghĩ đến, nảy ra ý",A2,todo,1940,3,medium,75,90,100,50–65%,60–75%,Cần thêm ngữ cảnh hoặc làm rõ cách dùng trong câu; ưu tiên một tình huống và phản hồi.
watch out for.phr.be-careful,watch out for,"coi chừng, cẩn thận với",A2,todo,1941,3,medium,75,90,100,50–65%,60–75%,Cần thêm ngữ cảnh hoặc làm rõ cách dùng trong câu; ưu tiên một tình huống và phản hồi.
slow down.phr.decelerate,slow down,chậm lại,A2,todo,1942,3,medium,75,90,100,50–65%,60–75%,Cần thêm ngữ cảnh hoặc làm rõ cách dùng trong câu; ưu tiên một tình huống và phản hồi.
speed up.phr.accelerate,speed up,tăng tốc,A2,todo,1943,3,medium,75,90,100,50–65%,60–75%,Cần thêm ngữ cảnh hoặc làm rõ cách dùng trong câu; ưu tiên một tình huống và phản hồi.
eat out.phr.dine-out,eat out,đi ăn ngoài,A2,todo,1944,3,medium,75,90,100,50–65%,60–75%,Cần thêm ngữ cảnh hoặc làm rõ cách dùng trong câu; ưu tiên một tình huống và phản hồi.
join in.phr.participate-casual,join in,tham gia cùng,A2,todo,1945,3,medium,75,90,100,50–65%,60–75%,Cần thêm ngữ cảnh hoặc làm rõ cách dùng trong câu; ưu tiên một tình huống và phản hồi.
pay back.phr.repay,pay back,trả lại (tiền đã vay),A2,todo,1946,3,medium,75,90,100,50–65%,60–75%,Cần thêm ngữ cảnh hoặc làm rõ cách dùng trong câu; ưu tiên một tình huống và phản hồi.
save up.phr.save-money,save up,tiết kiệm dần dần,A2,todo,1947,3,medium,75,90,100,50–65%,60–75%,Cần thêm ngữ cảnh hoặc làm rõ cách dùng trong câu; ưu tiên một tình huống và phản hồi.
sleep over.phr.stay-overnight,sleep over,ngủ lại qua đêm ở nhà người khác,A2,todo,1948,3,medium,75,90,100,50–65%,60–75%,Cần thêm ngữ cảnh hoặc làm rõ cách dùng trong câu; ưu tiên một tình huống và phản hồi.
zip up.phr.zip-close,zip up,kéo khoá lên,A2,todo,1949,3,medium,75,90,100,50–65%,60–75%,Cần thêm ngữ cảnh hoặc làm rõ cách dùng trong câu; ưu tiên một tình huống và phản hồi.
complain about.phr.complain,complain about,than phiền về,A2,todo,1950,3,medium,75,90,100,50–65%,60–75%,Cần thêm ngữ cảnh hoặc làm rõ cách dùng trong câu; ưu tiên một tình huống và phản hồi.
lend.v,lend,cho mượn,A2,todo,1951,4,long,90,100,120,50–65%,60–75%,Cần một đối chiếu/ngữ cảnh có mục đích và lượt vận dụng có phản hồi; dành thời gian tăng thêm cho người học.
borrow.v,borrow,mượn,A2,todo,1952,4,long,90,100,120,50–65%,60–75%,Cần một đối chiếu/ngữ cảnh có mục đích và lượt vận dụng có phản hồi; dành thời gian tăng thêm cho người học.
grammar.n,grammar,ngữ pháp,A2,todo,1953,4,long,90,100,120,50–65%,60–75%,Cần một đối chiếu/ngữ cảnh có mục đích và lượt vận dụng có phản hồi; dành thời gian tăng thêm cho người học.
agreement.n.consent,agreement,sự đồng ý,A2,todo,1954,4,long,90,100,120,50–65%,60–75%,Cần một đối chiếu/ngữ cảnh có mục đích và lượt vận dụng có phản hồi; dành thời gian tăng thêm cho người học.
tense.n,tense,thì (ngữ pháp),A2,todo,1955,4,long,90,100,120,50–65%,60–75%,Cần một đối chiếu/ngữ cảnh có mục đích và lượt vận dụng có phản hồi; dành thời gian tăng thêm cho người học.
law.n,law,"luật, pháp luật",A2,todo,1956,4,long,90,100,120,50–65%,60–75%,Cần một đối chiếu/ngữ cảnh có mục đích và lượt vận dụng có phản hồi; dành thời gian tăng thêm cho người học.
right.n,right,quyền (con người),A2,todo,1957,4,long,90,100,120,50–65%,60–75%,Cần một đối chiếu/ngữ cảnh có mục đích và lượt vận dụng có phản hồi; dành thời gian tăng thêm cho người học.
freedom.n,freedom,tự do,A2,todo,1958,4,long,90,100,120,50–65%,60–75%,Cần một đối chiếu/ngữ cảnh có mục đích và lượt vận dụng có phản hồi; dành thời gian tăng thêm cho người học.
theory.n,theory,"học thuyết, lý thuyết",A2,todo,1959,4,long,90,100,120,50–65%,60–75%,Cần một đối chiếu/ngữ cảnh có mục đích và lượt vận dụng có phản hồi; dành thời gian tăng thêm cho người học.
method.n,method,phương pháp,A2,todo,1960,4,long,90,100,120,50–65%,60–75%,Cần một đối chiếu/ngữ cảnh có mục đích và lượt vận dụng có phản hồi; dành thời gian tăng thêm cho người học.
cause.n,cause,nguyên nhân,A2,todo,1961,4,long,90,100,120,50–65%,60–75%,Cần một đối chiếu/ngữ cảnh có mục đích và lượt vận dụng có phản hồi; dành thời gian tăng thêm cho người học.
already.adv,already,"đã, rồi",A2,todo,1962,4,long,90,100,120,50–65%,60–75%,Cần một đối chiếu/ngữ cảnh có mục đích và lượt vận dụng có phản hồi; dành thời gian tăng thêm cho người học.
still.adv,still,vẫn còn,A2,todo,1963,4,long,90,100,120,50–65%,60–75%,Cần một đối chiếu/ngữ cảnh có mục đích và lượt vận dụng có phản hồi; dành thời gian tăng thêm cho người học.
yet.adv,yet,chưa,A2,todo,1964,4,long,90,100,120,50–65%,60–75%,Cần một đối chiếu/ngữ cảnh có mục đích và lượt vận dụng có phản hồi; dành thời gian tăng thêm cho người học.
mind.n.intellect,mind,"tâm trí, đầu óc",A2,todo,1965,4,long,90,100,120,50–65%,60–75%,Cần một đối chiếu/ngữ cảnh có mục đích và lượt vận dụng có phản hồi; dành thời gian tăng thêm cho người học.
power.n.authority,power,"quyền lực, quyền hành",A2,todo,1966,4,long,90,100,120,50–65%,60–75%,Cần một đối chiếu/ngữ cảnh có mục đích và lượt vận dụng có phản hồi; dành thời gian tăng thêm cho người học.
state.n.condition,state,"trạng thái, tình trạng",A2,todo,1967,4,long,90,100,120,50–65%,60–75%,Cần một đối chiếu/ngữ cảnh có mục đích và lượt vận dụng có phản hồi; dành thời gian tăng thêm cho người học.
matter.n.issue-topic,matter,"vấn đề, chuyện",A2,todo,1968,4,long,90,100,120,50–65%,60–75%,Cần một đối chiếu/ngữ cảnh có mục đích và lượt vận dụng có phản hồi; dành thời gian tăng thêm cho người học.
idea.n.notion,idea,khái niệm mơ hồ (have no idea),A2,todo,1969,4,long,90,100,120,50–65%,60–75%,Cần một đối chiếu/ngữ cảnh có mục đích và lượt vận dụng có phản hồi; dành thời gian tăng thêm cho người học.
interest.n.curiosity,interest,"sự quan tâm, hứng thú",A2,todo,1970,4,long,90,100,120,50–65%,60–75%,Cần một đối chiếu/ngữ cảnh có mục đích và lượt vận dụng có phản hồi; dành thời gian tăng thêm cho người học.
process.n.procedure,process,"quá trình, quy trình",A2,todo,1971,4,long,90,100,120,50–65%,60–75%,Cần một đối chiếu/ngữ cảnh có mục đích và lượt vận dụng có phản hồi; dành thời gian tăng thêm cho người học.
system.n.system-basic,system,hệ thống,A2,todo,1972,4,long,90,100,120,50–65%,60–75%,Cần một đối chiếu/ngữ cảnh có mục đích và lượt vận dụng có phản hồi; dành thời gian tăng thêm cho người học.
make.v.cause,make,"khiến, làm cho ai đó thế nào",A2,todo,1973,4,long,90,100,120,50–65%,60–75%,Cần một đối chiếu/ngữ cảnh có mục đích và lượt vận dụng có phản hồi; dành thời gian tăng thêm cho người học.
take.v.require-time,take,"mất, cần (thời gian)",A2,todo,1974,4,long,90,100,120,50–65%,60–75%,Cần một đối chiếu/ngữ cảnh có mục đích và lượt vận dụng có phản hồi; dành thời gian tăng thêm cho người học.
seem.v.appear,seem,có vẻ như,A2,todo,1975,4,long,90,100,120,50–65%,60–75%,Cần một đối chiếu/ngữ cảnh có mục đích và lượt vận dụng có phản hồi; dành thời gian tăng thêm cho người học.
allow.v.permit,allow,cho phép,A2,todo,1976,4,long,90,100,120,50–65%,60–75%,Cần một đối chiếu/ngữ cảnh có mục đích và lượt vận dụng có phản hồi; dành thời gian tăng thêm cho người học.
avoid.v.evade,avoid,tránh,A2,todo,1977,4,long,90,100,120,50–65%,60–75%,Cần một đối chiếu/ngữ cảnh có mục đích và lượt vận dụng có phản hồi; dành thời gian tăng thêm cho người học.
expect.v.expect-basic,expect,"mong đợi, dự đoán",A2,todo,1978,4,long,90,100,120,50–65%,60–75%,Cần một đối chiếu/ngữ cảnh có mục đích và lượt vận dụng có phản hồi; dành thời gian tăng thêm cho người học.
encourage.v.encourage-basic,encourage,khuyến khích,A2,todo,1979,4,long,90,100,120,50–65%,60–75%,Cần một đối chiếu/ngữ cảnh có mục đích và lượt vận dụng có phản hồi; dành thời gian tăng thêm cho người học.
enough.adv,enough,đủ,A2,todo,1980,4,long,90,100,120,50–65%,60–75%,Cần một đối chiếu/ngữ cảnh có mục đích và lượt vận dụng có phản hồi; dành thời gian tăng thêm cho người học.
put off.phr.postpone,put off,hoãn lại,A2,todo,1981,4,long,90,100,120,50–65%,60–75%,Cần một đối chiếu/ngữ cảnh có mục đích và lượt vận dụng có phản hồi; dành thời gian tăng thêm cho người học.
put down.phr.write-note,put down,ghi chú lại,A2,todo,1982,4,long,90,100,120,50–65%,60–75%,Cần một đối chiếu/ngữ cảnh có mục đích và lượt vận dụng có phản hồi; dành thời gian tăng thêm cho người học.
go on.phr.continue,go on,tiếp tục,A2,todo,1983,4,long,90,100,120,50–65%,60–75%,Cần một đối chiếu/ngữ cảnh có mục đích và lượt vận dụng có phản hồi; dành thời gian tăng thêm cho người học.
go out with.phr.dating,go out with,hẹn hò với ai,A2,todo,1984,4,long,90,100,120,50–65%,60–75%,Cần một đối chiếu/ngữ cảnh có mục đích và lượt vận dụng có phản hồi; dành thời gian tăng thêm cho người học.
look forward to.phr.anticipate,look forward to,"mong chờ, háo hức chờ",A2,todo,1985,4,long,90,100,120,50–65%,60–75%,Cần một đối chiếu/ngữ cảnh có mục đích và lượt vận dụng có phản hồi; dành thời gian tăng thêm cho người học.
look up.phr.search-reference,look up,"tra cứu (từ điển, thông tin)",A2,todo,1986,4,long,90,100,120,50–65%,60–75%,Cần một đối chiếu/ngữ cảnh có mục đích và lượt vận dụng có phản hồi; dành thời gian tăng thêm cho người học.
give up.phr.abandon,give up,từ bỏ,A2,todo,1987,4,long,90,100,120,50–65%,60–75%,Cần một đối chiếu/ngữ cảnh có mục đích và lượt vận dụng có phản hồi; dành thời gian tăng thêm cho người học.
find out.phr.discover,find out,"phát hiện ra, tìm hiểu",A2,todo,1988,4,long,90,100,120,50–65%,60–75%,Cần một đối chiếu/ngữ cảnh có mục đích và lượt vận dụng có phản hồi; dành thời gian tăng thêm cho người học.
hang on.phr.wait-informal,hang on,chờ một chút,A2,todo,1989,4,long,90,100,120,50–65%,60–75%,Cần một đối chiếu/ngữ cảnh có mục đích và lượt vận dụng có phản hồi; dành thời gian tăng thêm cho người học.
hang up.phr.end-call,hang up,cúp máy điện thoại,A2,todo,1990,4,long,90,100,120,50–65%,60–75%,Cần một đối chiếu/ngữ cảnh có mục đích và lượt vận dụng có phản hồi; dành thời gian tăng thêm cho người học.
hold on.phr.wait-hold,hold on,"chờ đã, cầm giữ chặt",A2,todo,1991,4,long,90,100,120,50–65%,60–75%,Cần một đối chiếu/ngữ cảnh có mục đích và lượt vận dụng có phản hồi; dành thời gian tăng thêm cho người học.
run out of.phr.deplete,run out of,"dùng hết, hết sạch",A2,todo,1992,4,long,90,100,120,50–65%,60–75%,Cần một đối chiếu/ngữ cảnh có mục đích và lượt vận dụng có phản hồi; dành thời gian tăng thêm cho người học.
set up.phr.establish,set up,"thành lập, thiết lập",A2,todo,1993,4,long,90,100,120,50–65%,60–75%,Cần một đối chiếu/ngữ cảnh có mục đích và lượt vận dụng có phản hồi; dành thời gian tăng thêm cho người học.
depend on.phr.rely,depend on,phụ thuộc vào,A2,todo,1994,4,long,90,100,120,50–65%,60–75%,Cần một đối chiếu/ngữ cảnh có mục đích và lượt vận dụng có phản hồi; dành thời gian tăng thêm cho người học.
believe in.phr.believe-exist,believe in,tin tưởng vào sự tồn tại hoặc đúng đắn của,A2,todo,1995,4,long,90,100,120,50–65%,60–75%,Cần một đối chiếu/ngữ cảnh có mục đích và lượt vận dụng có phản hồi; dành thời gian tăng thêm cho người học.
hear from.phr.receive-news,hear from,"nhận được tin, thư từ ai",A2,todo,1996,4,long,90,100,120,50–65%,60–75%,Cần một đối chiếu/ngữ cảnh có mục đích và lượt vận dụng có phản hồi; dành thời gian tăng thêm cho người học.
few.det,few,"ít, không nhiều",A2,todo,1997,5,long,90,100,120,50–65%,60–75%,Cần một đối chiếu/ngữ cảnh có mục đích và lượt vận dụng có phản hồi; dành thời gian tăng thêm cho người học.
little.det,little,"ít, không nhiều (không đếm được)",A2,todo,1998,5,long,90,100,120,50–65%,60–75%,Cần một đối chiếu/ngữ cảnh có mục đích và lượt vận dụng có phản hồi; dành thời gian tăng thêm cho người học.
against.prep,against,"chống lại, tựa vào",A2,todo,1999,5,long,90,100,120,50–65%,60–75%,Cần một đối chiếu/ngữ cảnh có mục đích và lượt vận dụng có phản hồi; dành thời gian tăng thêm cho người học.
while.conj,while,trong khi,A2,todo,2000,5,long,90,100,120,50–65%,60–75%,Cần một đối chiếu/ngữ cảnh có mục đích và lượt vận dụng có phản hồi; dành thời gian tăng thêm cho người học.
as.conj,as,"khi, vì, như là",A2,todo,2001,5,long,90,100,120,50–65%,60–75%,Cần một đối chiếu/ngữ cảnh có mục đích và lượt vận dụng có phản hồi; dành thời gian tăng thêm cho người học.
since.conj,since,"từ khi, bởi vì",A2,todo,2002,5,long,90,100,120,50–65%,60–75%,Cần một đối chiếu/ngữ cảnh có mục đích và lượt vận dụng có phản hồi; dành thời gian tăng thêm cho người học.
until.conj,until,cho đến khi,A2,todo,2003,5,long,90,100,120,50–65%,60–75%,Cần một đối chiếu/ngữ cảnh có mục đích và lượt vận dụng có phản hồi; dành thời gian tăng thêm cho người học.
as soon as.conj,as soon as,ngay khi,A2,todo,2004,5,long,90,100,120,50–65%,60–75%,Cần một đối chiếu/ngữ cảnh có mục đích và lượt vận dụng có phản hồi; dành thời gian tăng thêm cho người học.
that.pron.relative,that,"cái mà, người mà (mệnh đề quan hệ)",A2,todo,2005,5,long,90,100,120,50–65%,60–75%,Cần một đối chiếu/ngữ cảnh có mục đích và lượt vận dụng có phản hồi; dành thời gian tăng thêm cho người học.
which.pron,which,"cái mà (mệnh đề quan hệ, không phải người)",A2,todo,2006,5,long,90,100,120,50–65%,60–75%,Cần một đối chiếu/ngữ cảnh có mục đích và lượt vận dụng có phản hồi; dành thời gian tăng thêm cho người học.
who.pron,who,người mà (mệnh đề quan hệ),A2,todo,2007,5,long,90,100,120,50–65%,60–75%,Cần một đối chiếu/ngữ cảnh có mục đích và lượt vận dụng có phản hồi; dành thời gian tăng thêm cho người học.
either.pron,either,một trong hai,A2,todo,2008,5,long,90,100,120,50–65%,60–75%,Cần một đối chiếu/ngữ cảnh có mục đích và lượt vận dụng có phản hồi; dành thời gian tăng thêm cho người học.
neither.pron,neither,không cái nào trong hai,A2,todo,2009,5,long,90,100,120,50–65%,60–75%,Cần một đối chiếu/ngữ cảnh có mục đích và lượt vận dụng có phản hồi; dành thời gian tăng thêm cho người học.
