id,word,gloss_vi,cefr,status,difficulty_tier,rank,extended,target_seconds,english_explanation_target_percent,reasons
wake.v,wake,thức giấc,A1,done,2,1,False,60,30,Nghĩa có thể minh họa trực tiếp; ưu tiên bài ngắn
wake up.phr,wake up,thức dậy,A1,done,4,2,True,100,60,"Cần đối chiếu cách dùng dễ nhầm, chỉ dạy nghĩa đã chọn"
get up.phr,get up,"rời giường, ngồi dậy",A1,done,4,3,True,100,60,"Cần đối chiếu cách dùng dễ nhầm, chỉ dạy nghĩa đã chọn"
brush.v,brush,"chải, đánh (răng, tóc)",A1,done,2,4,False,60,30,Nghĩa có thể minh họa trực tiếp; ưu tiên bài ngắn
toothbrush.n,toothbrush,bàn chải đánh răng,A1,done,1,5,False,60,30,Nghĩa có thể minh họa trực tiếp; ưu tiên bài ngắn
toothpaste.n,toothpaste,kem đánh răng,A1,done,1,6,False,60,30,Nghĩa có thể minh họa trực tiếp; ưu tiên bài ngắn
shower.n,shower,"vòi sen, việc tắm vòi sen",A1,done,1,7,False,60,30,Nghĩa có thể minh họa trực tiếp; ưu tiên bài ngắn
bath.n,bath,"bồn tắm, việc tắm bồn",A1,done,1,8,False,60,30,Nghĩa có thể minh họa trực tiếp; ưu tiên bài ngắn
towel.n,towel,khăn tắm,A1,done,1,9,False,60,30,Nghĩa có thể minh họa trực tiếp; ưu tiên bài ngắn
soap.n,soap,xà phòng,A1,done,1,10,False,60,30,Nghĩa có thể minh họa trực tiếp; ưu tiên bài ngắn
mirror.n,mirror,gương,A1,done,1,11,False,60,30,Nghĩa có thể minh họa trực tiếp; ưu tiên bài ngắn
dress.v.clothe,dress,mặc quần áo,A1,done,2,12,False,60,30,Nghĩa có thể minh họa trực tiếp; ưu tiên bài ngắn
breakfast.n,breakfast,bữa sáng,A1,done,1,13,False,60,30,Nghĩa có thể minh họa trực tiếp; ưu tiên bài ngắn
lunch.n,lunch,bữa trưa,A1,done,1,14,False,60,30,Nghĩa có thể minh họa trực tiếp; ưu tiên bài ngắn
dinner.n,dinner,bữa tối,A1,done,1,15,False,60,30,Nghĩa có thể minh họa trực tiếp; ưu tiên bài ngắn
meal.n,meal,bữa ăn,A1,done,1,16,False,60,30,Nghĩa có thể minh họa trực tiếp; ưu tiên bài ngắn
leave.v.depart,leave,rời đi,A1,done,2,17,False,60,30,Nghĩa có thể minh họa trực tiếp; ưu tiên bài ngắn
arrive.v,arrive,đến nơi,A1,done,2,18,False,60,30,Nghĩa có thể minh họa trực tiếp; ưu tiên bài ngắn
wash.v,wash,"rửa, giặt",A1,done,2,19,False,60,30,Nghĩa có thể minh họa trực tiếp; ưu tiên bài ngắn
rest.v,rest,nghỉ ngơi,A1,done,2,20,False,60,30,Nghĩa có thể minh họa trực tiếp; ưu tiên bài ngắn
tired.adj,tired,mệt,A1,done,2,21,False,60,30,Nghĩa có thể minh họa trực tiếp; ưu tiên bài ngắn
morning.n,morning,buổi sáng,A1,done,1,22,False,60,30,Nghĩa có thể minh họa trực tiếp; ưu tiên bài ngắn
afternoon.n,afternoon,buổi chiều,A1,done,1,23,False,60,30,Nghĩa có thể minh họa trực tiếp; ưu tiên bài ngắn
evening.n,evening,buổi tối sớm,A1,done,1,24,False,60,30,Nghĩa có thể minh họa trực tiếp; ưu tiên bài ngắn
night.n,night,ban đêm,A1,done,1,25,False,60,30,Nghĩa có thể minh họa trực tiếp; ưu tiên bài ngắn
weekend.n,weekend,cuối tuần,A1,done,1,26,False,60,30,Nghĩa có thể minh họa trực tiếp; ưu tiên bài ngắn
holiday.n,holiday,ngày nghỉ lễ,A1,done,1,27,False,60,30,Nghĩa có thể minh họa trực tiếp; ưu tiên bài ngắn
key.n.door,key,chìa khoá,A1,done,1,28,False,60,30,Nghĩa có thể minh họa trực tiếp; ưu tiên bài ngắn
bathroom.n,bathroom,"phòng tắm, nhà vệ sinh",A1,reserved,1,29,False,60,30,Nghĩa có thể minh họa trực tiếp; ưu tiên bài ngắn
toilet.n,toilet,"bồn cầu, nhà vệ sinh",A1,reserved,1,30,False,60,30,Nghĩa có thể minh họa trực tiếp; ưu tiên bài ngắn
forget.v,forget,quên,A1,reserved,2,31,False,60,30,Nghĩa có thể minh họa trực tiếp; ưu tiên bài ngắn
remember.v,remember,nhớ,A1,reserved,2,32,False,60,30,Nghĩa có thể minh họa trực tiếp; ưu tiên bài ngắn
carry.v,carry,"mang, xách",A1,reserved,2,33,False,60,30,Nghĩa có thể minh họa trực tiếp; ưu tiên bài ngắn
late.adj,late,muộn,A1,reserved,2,34,False,60,30,Nghĩa có thể minh họa trực tiếp; ưu tiên bài ngắn
early.adj,early,sớm,A1,reserved,2,35,False,60,30,Nghĩa có thể minh họa trực tiếp; ưu tiên bài ngắn
wait.v,wait,chờ,A1,reserved,2,36,False,60,30,Nghĩa có thể minh họa trực tiếp; ưu tiên bài ngắn
walk.v,walk,đi bộ,A1,reserved,2,37,False,60,30,Nghĩa có thể minh họa trực tiếp; ưu tiên bài ngắn
cook.v,cook,nấu ăn,A1,reserved,2,38,False,60,30,Nghĩa có thể minh họa trực tiếp; ưu tiên bài ngắn
done.adj,done,đã xong,A1,reserved,2,39,False,60,30,Nghĩa có thể minh họa trực tiếp; ưu tiên bài ngắn
busy.adj,busy,bận,A1,reserved,2,40,False,60,30,Nghĩa có thể minh họa trực tiếp; ưu tiên bài ngắn
free.adj.available,free,rảnh,A1,reserved,2,41,False,60,30,Nghĩa có thể minh họa trực tiếp; ưu tiên bài ngắn
get dressed.phr,get dressed,mặc đồ xong xuôi,A1,reserved,3,42,False,60,30,Nghĩa có thể minh họa trực tiếp; ưu tiên bài ngắn
get ready.phr,get ready,chuẩn bị xong để đi,A1,reserved,3,43,False,60,30,Nghĩa có thể minh họa trực tiếp; ưu tiên bài ngắn
family.n,family,gia đình,A1,reserved,1,44,False,60,30,Nghĩa có thể minh họa trực tiếp; ưu tiên bài ngắn
parent.n,parent,cha hoặc mẹ,A1,reserved,1,45,False,60,30,Nghĩa có thể minh họa trực tiếp; ưu tiên bài ngắn
mother.n,mother,mẹ,A1,reserved,1,46,False,60,30,Nghĩa có thể minh họa trực tiếp; ưu tiên bài ngắn
father.n,father,cha,A1,reserved,1,47,False,60,30,Nghĩa có thể minh họa trực tiếp; ưu tiên bài ngắn
mum.n,mum,mẹ (thân mật),A1,reserved,1,48,False,60,30,Nghĩa có thể minh họa trực tiếp; ưu tiên bài ngắn
dad.n,dad,bố (thân mật),A1,reserved,1,49,False,60,30,Nghĩa có thể minh họa trực tiếp; ưu tiên bài ngắn
son.n,son,con trai,A1,reserved,1,50,False,60,30,Nghĩa có thể minh họa trực tiếp; ưu tiên bài ngắn
daughter.n,daughter,con gái,A1,reserved,1,51,False,60,30,Nghĩa có thể minh họa trực tiếp; ưu tiên bài ngắn
child.n,child,"đứa trẻ, người con",A1,reserved,1,52,False,60,30,Nghĩa có thể minh họa trực tiếp; ưu tiên bài ngắn
kid.n,kid,trẻ con (thân mật),A1,reserved,1,53,False,60,30,Nghĩa có thể minh họa trực tiếp; ưu tiên bài ngắn
baby.n,baby,em bé,A1,reserved,1,54,False,60,30,Nghĩa có thể minh họa trực tiếp; ưu tiên bài ngắn
brother.n,brother,anh hoặc em trai,A1,reserved,1,55,False,60,30,Nghĩa có thể minh họa trực tiếp; ưu tiên bài ngắn
sister.n,sister,chị hoặc em gái,A1,reserved,1,56,False,60,30,Nghĩa có thể minh họa trực tiếp; ưu tiên bài ngắn
grandparent.n,grandparent,ông bà,A1,reserved,1,57,False,60,30,Nghĩa có thể minh họa trực tiếp; ưu tiên bài ngắn
grandmother.n,grandmother,bà,A1,reserved,1,58,False,60,30,Nghĩa có thể minh họa trực tiếp; ưu tiên bài ngắn
grandfather.n,grandfather,ông,A1,reserved,1,59,False,60,30,Nghĩa có thể minh họa trực tiếp; ưu tiên bài ngắn
uncle.n,uncle,"chú, bác, cậu",A1,reserved,1,60,False,60,30,Nghĩa có thể minh họa trực tiếp; ưu tiên bài ngắn
aunt.n,aunt,"cô, dì, thím",A1,reserved,1,61,False,60,30,Nghĩa có thể minh họa trực tiếp; ưu tiên bài ngắn
cousin.n,cousin,anh chị em họ,A1,reserved,1,62,False,60,30,Nghĩa có thể minh họa trực tiếp; ưu tiên bài ngắn
husband.n,husband,chồng,A1,reserved,1,63,False,60,30,Nghĩa có thể minh họa trực tiếp; ưu tiên bài ngắn
wife.n,wife,vợ,A1,reserved,1,64,False,60,30,Nghĩa có thể minh họa trực tiếp; ưu tiên bài ngắn
friend.n,friend,bạn,A1,reserved,1,65,False,60,30,Nghĩa có thể minh họa trực tiếp; ưu tiên bài ngắn
best friend.phr,best friend,bạn thân nhất,A1,reserved,3,66,False,60,30,Nghĩa có thể minh họa trực tiếp; ưu tiên bài ngắn
classmate.n,classmate,bạn cùng lớp,A1,reserved,1,67,False,60,30,Nghĩa có thể minh họa trực tiếp; ưu tiên bài ngắn
boyfriend.n,boyfriend,bạn trai,A1,reserved,1,68,False,60,30,Nghĩa có thể minh họa trực tiếp; ưu tiên bài ngắn
girlfriend.n,girlfriend,bạn gái,A1,reserved,1,69,False,60,30,Nghĩa có thể minh họa trực tiếp; ưu tiên bài ngắn
love.v,love,yêu,A1,reserved,2,70,False,60,30,Nghĩa có thể minh họa trực tiếp; ưu tiên bài ngắn
hate.v,hate,ghét,A1,reserved,2,71,False,60,30,Nghĩa có thể minh họa trực tiếp; ưu tiên bài ngắn
visit.v,visit,đến thăm,A1,reserved,2,72,False,60,30,Nghĩa có thể minh họa trực tiếp; ưu tiên bài ngắn
body.n,body,cơ thể,A1,reserved,1,73,False,60,30,Nghĩa có thể minh họa trực tiếp; ưu tiên bài ngắn
head.n,head,đầu,A1,reserved,1,74,False,60,30,Nghĩa có thể minh họa trực tiếp; ưu tiên bài ngắn
hair.n,hair,tóc,A1,reserved,1,75,False,60,30,Nghĩa có thể minh họa trực tiếp; ưu tiên bài ngắn
face.n,face,khuôn mặt,A1,reserved,1,76,False,60,30,Nghĩa có thể minh họa trực tiếp; ưu tiên bài ngắn
eye.n,eye,mắt,A1,reserved,1,77,False,60,30,Nghĩa có thể minh họa trực tiếp; ưu tiên bài ngắn
nose.n,nose,mũi,A1,reserved,1,78,False,60,30,Nghĩa có thể minh họa trực tiếp; ưu tiên bài ngắn
mouth.n,mouth,miệng,A1,reserved,1,79,False,60,30,Nghĩa có thể minh họa trực tiếp; ưu tiên bài ngắn
tooth.n,tooth,răng,A1,reserved,1,80,False,60,30,Nghĩa có thể minh họa trực tiếp; ưu tiên bài ngắn
ear.n,ear,tai,A1,reserved,1,81,False,60,30,Nghĩa có thể minh họa trực tiếp; ưu tiên bài ngắn
neck.n,neck,cổ,A1,reserved,1,82,False,60,30,Nghĩa có thể minh họa trực tiếp; ưu tiên bài ngắn
arm.n,arm,cánh tay,A1,reserved,1,83,False,60,30,Nghĩa có thể minh họa trực tiếp; ưu tiên bài ngắn
hand.n,hand,bàn tay,A1,reserved,1,84,False,60,30,Nghĩa có thể minh họa trực tiếp; ưu tiên bài ngắn
finger.n,finger,ngón tay,A1,reserved,1,85,False,60,30,Nghĩa có thể minh họa trực tiếp; ưu tiên bài ngắn
back.n.body-part,back,lưng,A1,reserved,1,86,False,60,30,Nghĩa có thể minh họa trực tiếp; ưu tiên bài ngắn
leg.n,leg,chân,A1,reserved,1,87,False,60,30,Nghĩa có thể minh họa trực tiếp; ưu tiên bài ngắn
foot.n,foot,bàn chân,A1,reserved,1,88,False,60,30,Nghĩa có thể minh họa trực tiếp; ưu tiên bài ngắn
heart.n,heart,tim,A1,done,1,89,False,60,30,Nghĩa có thể minh họa trực tiếp; ưu tiên bài ngắn
health.n,health,sức khoẻ,A1,done,3,90,False,60,30,Nghĩa có thể minh họa trực tiếp; ưu tiên bài ngắn
healthy.adj,healthy,khoẻ mạnh,A1,done,2,91,False,60,30,Nghĩa có thể minh họa trực tiếp; ưu tiên bài ngắn
strong.adj,strong,"khoẻ, mạnh",A1,done,2,92,False,60,30,Nghĩa có thể minh họa trực tiếp; ưu tiên bài ngắn
sick.adj,sick,"ốm, buồn nôn",A1,done,2,93,False,60,30,Nghĩa có thể minh họa trực tiếp; ưu tiên bài ngắn
cold.n.illness,cold,bệnh cảm,A1,done,1,94,False,60,30,Nghĩa có thể minh họa trực tiếp; ưu tiên bài ngắn
sleep.n,sleep,giấc ngủ,A1,done,1,95,False,60,30,Nghĩa có thể minh họa trực tiếp; ưu tiên bài ngắn
hospital.n,hospital,bệnh viện,A1,done,1,96,False,60,30,Nghĩa có thể minh họa trực tiếp; ưu tiên bài ngắn
doctor.n,doctor,bác sĩ,A1,done,1,97,False,60,30,Nghĩa có thể minh họa trực tiếp; ưu tiên bài ngắn
nurse.n,nurse,y tá,A1,done,1,98,False,60,30,Nghĩa có thể minh họa trực tiếp; ưu tiên bài ngắn
medicine.n,medicine,thuốc,A1,done,1,99,False,60,30,Nghĩa có thể minh họa trực tiếp; ưu tiên bài ngắn
free.adj.no-cost,free,miễn phí,A1,done,2,100,False,60,30,Nghĩa có thể minh họa trực tiếp; ưu tiên bài ngắn
food.n,food,thức ăn,A1,done,1,101,False,60,30,Nghĩa có thể minh họa trực tiếp; ưu tiên bài ngắn
drink.n,drink,đồ uống,A1,done,1,102,False,60,30,Nghĩa có thể minh họa trực tiếp; ưu tiên bài ngắn
water.n,water,nước,A1,done,1,103,False,60,30,Nghĩa có thể minh họa trực tiếp; ưu tiên bài ngắn
rice.n,rice,"cơm, gạo",A1,done,1,104,False,60,30,Nghĩa có thể minh họa trực tiếp; ưu tiên bài ngắn
bread.n,bread,bánh mì,A1,done,1,105,False,60,30,Nghĩa có thể minh họa trực tiếp; ưu tiên bài ngắn
noodle.n,noodle,"mì, bún",A1,done,1,106,False,60,30,Nghĩa có thể minh họa trực tiếp; ưu tiên bài ngắn
soup.n,soup,"canh, súp",A1,done,1,107,False,60,30,Nghĩa có thể minh họa trực tiếp; ưu tiên bài ngắn
egg.n,egg,trứng,A1,done,1,108,False,60,30,Nghĩa có thể minh họa trực tiếp; ưu tiên bài ngắn
meat.n,meat,thịt,A1,done,1,109,False,60,30,Nghĩa có thể minh họa trực tiếp; ưu tiên bài ngắn
beef.n,beef,thịt bò,A1,done,1,110,False,60,30,Nghĩa có thể minh họa trực tiếp; ưu tiên bài ngắn
pork.n,pork,thịt heo,A1,done,1,111,False,60,30,Nghĩa có thể minh họa trực tiếp; ưu tiên bài ngắn
chicken.n,chicken,thịt gà,A1,done,1,112,False,60,30,Nghĩa có thể minh họa trực tiếp; ưu tiên bài ngắn
fish.n,fish,cá,A1,done,1,113,False,60,30,Nghĩa có thể minh họa trực tiếp; ưu tiên bài ngắn
vegetable.n,vegetable,rau củ,A1,done,1,114,False,60,30,Nghĩa có thể minh họa trực tiếp; ưu tiên bài ngắn
fruit.n,fruit,trái cây,A1,done,1,115,False,60,30,Nghĩa có thể minh họa trực tiếp; ưu tiên bài ngắn
apple.n,apple,quả táo,A1,done,1,116,False,60,30,Nghĩa có thể minh họa trực tiếp; ưu tiên bài ngắn
banana.n,banana,quả chuối,A1,done,1,117,False,60,30,Nghĩa có thể minh họa trực tiếp; ưu tiên bài ngắn
orange.n.fruit,orange,quả cam,A1,done,1,118,False,60,30,Nghĩa có thể minh họa trực tiếp; ưu tiên bài ngắn
mango.n,mango,quả xoài,A1,done,1,119,False,60,30,Nghĩa có thể minh họa trực tiếp; ưu tiên bài ngắn
tomato.n,tomato,cà chua,A1,done,1,120,False,60,30,Nghĩa có thể minh họa trực tiếp; ưu tiên bài ngắn
potato.n,potato,khoai tây,A1,done,1,121,False,60,30,Nghĩa có thể minh họa trực tiếp; ưu tiên bài ngắn
carrot.n,carrot,cà rốt,A1,done,1,122,False,60,30,Nghĩa có thể minh họa trực tiếp; ưu tiên bài ngắn
salad.n,salad,món rau trộn,A1,reserved,1,123,False,60,30,Nghĩa có thể minh họa trực tiếp; ưu tiên bài ngắn
sandwich.n,sandwich,bánh mì kẹp,A1,reserved,1,124,False,60,30,Nghĩa có thể minh họa trực tiếp; ưu tiên bài ngắn
pizza.n,pizza,bánh pizza,A1,reserved,1,125,False,60,30,Nghĩa có thể minh họa trực tiếp; ưu tiên bài ngắn
cheese.n,cheese,phô mai,A1,reserved,1,126,False,60,30,Nghĩa có thể minh họa trực tiếp; ưu tiên bài ngắn
butter.n,butter,bơ,A1,reserved,1,127,False,60,30,Nghĩa có thể minh họa trực tiếp; ưu tiên bài ngắn
milk.n,milk,sữa,A1,reserved,1,128,False,60,30,Nghĩa có thể minh họa trực tiếp; ưu tiên bài ngắn
sugar.n,sugar,đường,A1,reserved,1,129,False,60,30,Nghĩa có thể minh họa trực tiếp; ưu tiên bài ngắn
salt.n,salt,muối,A1,reserved,1,130,False,60,30,Nghĩa có thể minh họa trực tiếp; ưu tiên bài ngắn
cake.n,cake,bánh ngọt,A1,done,1,131,False,60,30,Nghĩa có thể minh họa trực tiếp; ưu tiên bài ngắn
cookie.n.food,cookie,bánh quy,A1,done,1,132,False,60,30,Nghĩa có thể minh họa trực tiếp; ưu tiên bài ngắn
chocolate.n,chocolate,sô cô la,A1,done,1,133,False,60,30,Nghĩa có thể minh họa trực tiếp; ưu tiên bài ngắn
candy.n,candy,kẹo,A1,done,1,134,False,60,30,Nghĩa có thể minh họa trực tiếp; ưu tiên bài ngắn
ice cream.phr,ice cream,kem lạnh,A1,done,3,135,False,60,30,Nghĩa có thể minh họa trực tiếp; ưu tiên bài ngắn
tea.n,tea,trà,A1,done,1,136,False,60,30,Nghĩa có thể minh họa trực tiếp; ưu tiên bài ngắn
coffee.n,coffee,cà phê,A1,reserved,1,137,False,60,30,Nghĩa có thể minh họa trực tiếp; ưu tiên bài ngắn
juice.n,juice,nước ép,A1,reserved,1,138,False,60,30,Nghĩa có thể minh họa trực tiếp; ưu tiên bài ngắn
beer.n,beer,bia,A1,reserved,1,139,False,60,30,Nghĩa có thể minh họa trực tiếp; ưu tiên bài ngắn
menu.n,menu,thực đơn,A1,reserved,1,140,False,60,30,Nghĩa có thể minh họa trực tiếp; ưu tiên bài ngắn
order.v.restaurant,order,gọi món,A1,reserved,2,141,False,60,30,Nghĩa có thể minh họa trực tiếp; ưu tiên bài ngắn
waiter.n,waiter,nhân viên phục vụ bàn,A1,reserved,1,142,False,60,30,Nghĩa có thể minh họa trực tiếp; ưu tiên bài ngắn
restaurant.n,restaurant,nhà hàng,A1,reserved,1,143,False,60,30,Nghĩa có thể minh họa trực tiếp; ưu tiên bài ngắn
cafe.n,cafe,quán cà phê,A1,reserved,1,144,False,60,30,Nghĩa có thể minh họa trực tiếp; ưu tiên bài ngắn
sweet.adj,sweet,ngọt,A1,reserved,2,145,False,60,30,Nghĩa có thể minh họa trực tiếp; ưu tiên bài ngắn
fresh.adj,fresh,tươi,A1,reserved,2,146,False,60,30,Nghĩa có thể minh họa trực tiếp; ưu tiên bài ngắn
delicious.adj,delicious,ngon,A1,reserved,2,147,False,60,30,Nghĩa có thể minh họa trực tiếp; ưu tiên bài ngắn
hungry.adj,hungry,đói,A1,reserved,2,148,False,60,30,Nghĩa có thể minh họa trực tiếp; ưu tiên bài ngắn
thirsty.adj,thirsty,khát,A1,reserved,2,149,False,60,30,Nghĩa có thể minh họa trực tiếp; ưu tiên bài ngắn
full.adj.satisfied,full,no,A1,reserved,2,150,False,60,30,Nghĩa có thể minh họa trực tiếp; ưu tiên bài ngắn
kitchen.n,kitchen,nhà bếp,A1,done,1,151,False,60,30,Nghĩa có thể minh họa trực tiếp; ưu tiên bài ngắn
fridge.n,fridge,tủ lạnh,A1,reserved,1,152,False,60,30,Nghĩa có thể minh họa trực tiếp; ưu tiên bài ngắn
pot.n,pot,nồi,A1,reserved,1,153,False,60,30,Nghĩa có thể minh họa trực tiếp; ưu tiên bài ngắn
pan.n,pan,chảo,A1,reserved,1,154,False,60,30,Nghĩa có thể minh họa trực tiếp; ưu tiên bài ngắn
knife.n,knife,con dao,A1,reserved,1,155,False,60,30,Nghĩa có thể minh họa trực tiếp; ưu tiên bài ngắn
spoon.n,spoon,thìa,A1,reserved,1,156,False,60,30,Nghĩa có thể minh họa trực tiếp; ưu tiên bài ngắn
fork.n,fork,nĩa,A1,reserved,1,157,False,60,30,Nghĩa có thể minh họa trực tiếp; ưu tiên bài ngắn
chopstick.n,chopstick,đũa,A1,reserved,1,158,False,60,30,Nghĩa có thể minh họa trực tiếp; ưu tiên bài ngắn
bowl.n,bowl,bát,A1,reserved,1,159,False,60,30,Nghĩa có thể minh họa trực tiếp; ưu tiên bài ngắn
plate.n,plate,đĩa,A1,reserved,1,160,False,60,30,Nghĩa có thể minh họa trực tiếp; ưu tiên bài ngắn
cup.n,cup,cốc,A1,reserved,1,161,False,60,30,Nghĩa có thể minh họa trực tiếp; ưu tiên bài ngắn
glass.n.drinkware,glass,ly thuỷ tinh,A1,reserved,1,162,False,60,30,Nghĩa có thể minh họa trực tiếp; ưu tiên bài ngắn
bottle.n,bottle,chai,A1,reserved,1,163,False,60,30,Nghĩa có thể minh họa trực tiếp; ưu tiên bài ngắn
house.n,house,căn nhà,A1,reserved,1,164,False,60,30,Nghĩa có thể minh họa trực tiếp; ưu tiên bài ngắn
home.n,home,"nhà, tổ ấm",A1,reserved,1,165,False,60,30,Nghĩa có thể minh họa trực tiếp; ưu tiên bài ngắn
apartment.n,apartment,"chung cư, căn hộ",A1,reserved,1,166,False,60,30,Nghĩa có thể minh họa trực tiếp; ưu tiên bài ngắn
room.n,room,căn phòng,A1,reserved,1,167,False,60,30,Nghĩa có thể minh họa trực tiếp; ưu tiên bài ngắn
bedroom.n,bedroom,phòng ngủ,A1,reserved,1,168,False,60,30,Nghĩa có thể minh họa trực tiếp; ưu tiên bài ngắn
living room.phr,living room,phòng khách,A1,reserved,3,169,False,60,30,Nghĩa có thể minh họa trực tiếp; ưu tiên bài ngắn
garden.n,garden,khu vườn,A1,reserved,1,170,False,60,30,Nghĩa có thể minh họa trực tiếp; ưu tiên bài ngắn
door.n,door,cửa ra vào,A1,reserved,1,171,False,60,30,Nghĩa có thể minh họa trực tiếp; ưu tiên bài ngắn
window.n,window,cửa sổ,A1,reserved,1,172,False,60,30,Nghĩa có thể minh họa trực tiếp; ưu tiên bài ngắn
wall.n,wall,bức tường,A1,reserved,1,173,False,60,30,Nghĩa có thể minh họa trực tiếp; ưu tiên bài ngắn
floor.n,floor,sàn nhà,A1,reserved,1,174,False,60,30,Nghĩa có thể minh họa trực tiếp; ưu tiên bài ngắn
table.n,table,cái bàn,A1,reserved,1,175,False,60,30,Nghĩa có thể minh họa trực tiếp; ưu tiên bài ngắn
chair.n,chair,cái ghế,A1,reserved,1,176,False,60,30,Nghĩa có thể minh họa trực tiếp; ưu tiên bài ngắn
sofa.n,sofa,ghế dài,A1,reserved,1,177,False,60,30,Nghĩa có thể minh họa trực tiếp; ưu tiên bài ngắn
bed.n,bed,giường,A1,reserved,1,178,False,60,30,Nghĩa có thể minh họa trực tiếp; ưu tiên bài ngắn
pillow.n,pillow,gối,A1,reserved,1,179,False,60,30,Nghĩa có thể minh họa trực tiếp; ưu tiên bài ngắn
desk.n,desk,bàn làm việc,A1,reserved,1,180,False,60,30,Nghĩa có thể minh họa trực tiếp; ưu tiên bài ngắn
lamp.n,lamp,đèn bàn,A1,reserved,1,181,False,60,30,Nghĩa có thể minh họa trực tiếp; ưu tiên bài ngắn
light.n,light,"đèn, ánh sáng",A1,reserved,1,182,False,60,30,Nghĩa có thể minh họa trực tiếp; ưu tiên bài ngắn
fan.n.home,fan,quạt,A1,reserved,1,183,False,60,30,Nghĩa có thể minh họa trực tiếp; ưu tiên bài ngắn
clock.n,clock,đồng hồ treo,A1,reserved,1,184,False,60,30,Nghĩa có thể minh họa trực tiếp; ưu tiên bài ngắn
picture.n,picture,bức tranh treo tường,A1,reserved,1,185,False,60,30,Nghĩa có thể minh họa trực tiếp; ưu tiên bài ngắn
build.v,build,xây,A1,reserved,2,186,False,60,30,Nghĩa có thể minh họa trực tiếp; ưu tiên bài ngắn
quiet.adj.home,quiet,yên tĩnh,A1,reserved,2,187,False,60,30,Nghĩa có thể minh họa trực tiếp; ưu tiên bài ngắn
address.n,address,địa chỉ,A1,reserved,1,188,False,60,30,Nghĩa có thể minh họa trực tiếp; ưu tiên bài ngắn
clothes.n,clothes,quần áo,A1,reserved,1,189,False,60,30,Nghĩa có thể minh họa trực tiếp; ưu tiên bài ngắn
shirt.n,shirt,áo sơ mi,A1,reserved,1,190,False,60,30,Nghĩa có thể minh họa trực tiếp; ưu tiên bài ngắn
t-shirt.n,t-shirt,áo thun,A1,reserved,1,191,False,60,30,Nghĩa có thể minh họa trực tiếp; ưu tiên bài ngắn
sweater.n,sweater,áo len,A1,reserved,1,192,False,60,30,Nghĩa có thể minh họa trực tiếp; ưu tiên bài ngắn
jacket.n,jacket,áo khoác,A1,reserved,1,193,False,60,30,Nghĩa có thể minh họa trực tiếp; ưu tiên bài ngắn
coat.n,coat,áo choàng dày,A1,reserved,1,194,False,60,30,Nghĩa có thể minh họa trực tiếp; ưu tiên bài ngắn
trousers.n,trousers,quần dài,A1,reserved,1,195,False,60,30,Nghĩa có thể minh họa trực tiếp; ưu tiên bài ngắn
pants.n,pants,quần,A1,reserved,1,196,False,60,30,Nghĩa có thể minh họa trực tiếp; ưu tiên bài ngắn
jeans.n,jeans,quần bò,A1,reserved,1,197,False,60,30,Nghĩa có thể minh họa trực tiếp; ưu tiên bài ngắn
shorts.n,shorts,quần đùi,A1,reserved,1,198,False,60,30,Nghĩa có thể minh họa trực tiếp; ưu tiên bài ngắn
skirt.n,skirt,váy ngắn,A1,reserved,1,199,False,60,30,Nghĩa có thể minh họa trực tiếp; ưu tiên bài ngắn
dress.n,dress,váy liền,A1,reserved,1,200,False,60,30,Nghĩa có thể minh họa trực tiếp; ưu tiên bài ngắn
sock.n,sock,tất,A1,reserved,1,201,False,60,30,Nghĩa có thể minh họa trực tiếp; ưu tiên bài ngắn
shoe.n,shoe,giày,A1,reserved,1,202,False,60,30,Nghĩa có thể minh họa trực tiếp; ưu tiên bài ngắn
hat.n,hat,mũ,A1,reserved,1,203,False,60,30,Nghĩa có thể minh họa trực tiếp; ưu tiên bài ngắn
cap.n,cap,mũ lưỡi trai,A1,reserved,1,204,False,60,30,Nghĩa có thể minh họa trực tiếp; ưu tiên bài ngắn
bag.n,bag,túi xách,A1,reserved,1,205,False,60,30,Nghĩa có thể minh họa trực tiếp; ưu tiên bài ngắn
backpack.n,backpack,ba lô,A1,reserved,1,206,False,60,30,Nghĩa có thể minh họa trực tiếp; ưu tiên bài ngắn
watch.n,watch,đồng hồ đeo tay,A1,reserved,4,207,True,100,60,"Cần đối chiếu cách dùng dễ nhầm, chỉ dạy nghĩa đã chọn"
glasses.n,glasses,kính mắt,A1,reserved,1,208,False,60,30,Nghĩa có thể minh họa trực tiếp; ưu tiên bài ngắn
pocket.n,pocket,túi áo quần,A1,reserved,1,209,False,60,30,Nghĩa có thể minh họa trực tiếp; ưu tiên bài ngắn
size.n,size,cỡ,A1,reserved,1,210,False,60,30,Nghĩa có thể minh họa trực tiếp; ưu tiên bài ngắn
wear.v,wear,"mặc, đeo",A1,reserved,4,211,True,100,60,"Cần đối chiếu cách dùng dễ nhầm, chỉ dạy nghĩa đã chọn"
put on.phr,put on,mặc vào,A1,reserved,4,212,True,100,60,"Cần đối chiếu cách dùng dễ nhầm, chỉ dạy nghĩa đã chọn"
take off.phr.clothes,take off,cởi ra,A1,reserved,4,213,True,100,60,"Cần đối chiếu cách dùng dễ nhầm, chỉ dạy nghĩa đã chọn"
change.v.clothes,change,thay đồ,A1,reserved,2,214,False,60,30,Nghĩa có thể minh họa trực tiếp; ưu tiên bài ngắn
shop.n,shop,cửa hàng,A1,reserved,1,215,False,60,30,Nghĩa có thể minh họa trực tiếp; ưu tiên bài ngắn
store.n,store,cửa hiệu,A1,reserved,1,216,False,60,30,Nghĩa có thể minh họa trực tiếp; ưu tiên bài ngắn
market.n,market,chợ,A1,reserved,1,217,False,60,30,Nghĩa có thể minh họa trực tiếp; ưu tiên bài ngắn
supermarket.n,supermarket,siêu thị,A1,reserved,1,218,False,60,30,Nghĩa có thể minh họa trực tiếp; ưu tiên bài ngắn
customer.n,customer,khách hàng,A1,reserved,1,219,False,60,30,Nghĩa có thể minh họa trực tiếp; ưu tiên bài ngắn
buy.v,buy,mua,A1,reserved,2,220,False,60,30,Nghĩa có thể minh họa trực tiếp; ưu tiên bài ngắn
sell.v,sell,bán,A1,reserved,2,221,False,60,30,Nghĩa có thể minh họa trực tiếp; ưu tiên bài ngắn
pay.v,pay,trả tiền,A1,reserved,2,222,False,60,30,Nghĩa có thể minh họa trực tiếp; ưu tiên bài ngắn
spend.v,spend,tiêu tiền,A1,reserved,2,223,False,60,30,Nghĩa có thể minh họa trực tiếp; ưu tiên bài ngắn
save.v.money,save,tiết kiệm,A1,reserved,2,224,False,60,30,Nghĩa có thể minh họa trực tiếp; ưu tiên bài ngắn
cost.v,cost,có giá là,A1,reserved,2,225,False,60,30,Nghĩa có thể minh họa trực tiếp; ưu tiên bài ngắn
money.n,money,tiền,A1,reserved,1,226,False,60,30,Nghĩa có thể minh họa trực tiếp; ưu tiên bài ngắn
price.n,price,giá,A1,reserved,1,227,False,60,30,Nghĩa có thể minh họa trực tiếp; ưu tiên bài ngắn
sale.n,sale,đợt giảm giá,A1,reserved,1,228,False,60,30,Nghĩa có thể minh họa trực tiếp; ưu tiên bài ngắn
expensive.adj,expensive,đắt,A1,reserved,2,229,False,60,30,Nghĩa có thể minh họa trực tiếp; ưu tiên bài ngắn
cheap.adj,cheap,rẻ,A1,reserved,2,230,False,60,30,Nghĩa có thể minh họa trực tiếp; ưu tiên bài ngắn
classmate.n.peer,classmate,bạn học,A1,todo,1,231,False,60,30,Nghĩa có thể minh họa trực tiếp; ưu tiên bài ngắn
bank.n.finance,bank,ngân hàng,A1,reserved,1,232,False,60,30,Nghĩa có thể minh họa trực tiếp; ưu tiên bài ngắn
rich.adj,rich,giàu,A1,reserved,2,233,False,60,30,Nghĩa có thể minh họa trực tiếp; ưu tiên bài ngắn
poor.adj,poor,nghèo,A1,reserved,2,234,False,60,30,Nghĩa có thể minh họa trực tiếp; ưu tiên bài ngắn
school.n,school,trường học,A1,reserved,1,235,False,60,30,Nghĩa có thể minh họa trực tiếp; ưu tiên bài ngắn
class.n.lesson-group,class,lớp học,A1,reserved,1,236,False,60,30,Nghĩa có thể minh họa trực tiếp; ưu tiên bài ngắn
classroom.n,classroom,phòng học,A1,reserved,1,237,False,60,30,Nghĩa có thể minh họa trực tiếp; ưu tiên bài ngắn
lesson.n,lesson,bài học,A1,reserved,1,238,False,60,30,Nghĩa có thể minh họa trực tiếp; ưu tiên bài ngắn
subject.n,subject,môn học,A1,reserved,1,239,False,60,30,Nghĩa có thể minh họa trực tiếp; ưu tiên bài ngắn
teacher.n,teacher,giáo viên,A1,reserved,1,240,False,60,30,Nghĩa có thể minh họa trực tiếp; ưu tiên bài ngắn
student.n,student,"học sinh, sinh viên",A1,reserved,1,241,False,60,30,Nghĩa có thể minh họa trực tiếp; ưu tiên bài ngắn
waiter.n.job,waiter,bồi bàn,A1,todo,1,242,False,60,30,Nghĩa có thể minh họa trực tiếp; ưu tiên bài ngắn
university.n,university,trường đại học,A1,reserved,1,243,False,60,30,Nghĩa có thể minh họa trực tiếp; ưu tiên bài ngắn
library.n,library,thư viện,A1,reserved,1,244,False,60,30,Nghĩa có thể minh họa trực tiếp; ưu tiên bài ngắn
break.n.recess,break,giờ ra chơi,A1,reserved,1,245,False,60,30,Nghĩa có thể minh họa trực tiếp; ưu tiên bài ngắn
homework.n,homework,bài tập về nhà,A1,reserved,1,246,False,60,30,Nghĩa có thể minh họa trực tiếp; ưu tiên bài ngắn
test.n,test,bài kiểm tra,A1,reserved,1,247,False,60,30,Nghĩa có thể minh họa trực tiếp; ưu tiên bài ngắn
exam.n.school,exam,kỳ thi,A1,reserved,1,248,False,60,30,Nghĩa có thể minh họa trực tiếp; ưu tiên bài ngắn
study.v,study,học,A1,reserved,4,249,True,100,60,"Cần đối chiếu cách dùng dễ nhầm, chỉ dạy nghĩa đã chọn"
learn.v,learn,"học được, tiếp thu",A1,reserved,4,250,True,100,60,"Cần đối chiếu cách dùng dễ nhầm, chỉ dạy nghĩa đã chọn"
understand.v,understand,hiểu,A1,reserved,2,251,False,60,30,Nghĩa có thể minh họa trực tiếp; ưu tiên bài ngắn
teach.v,teach,dạy,A1,reserved,4,252,True,100,60,"Cần đối chiếu cách dùng dễ nhầm, chỉ dạy nghĩa đã chọn"
notebook.n,notebook,vở ghi,A1,reserved,1,253,False,60,30,Nghĩa có thể minh họa trực tiếp; ưu tiên bài ngắn
pen.n,pen,bút mực,A1,reserved,1,254,False,60,30,Nghĩa có thể minh họa trực tiếp; ưu tiên bài ngắn
pencil.n,pencil,bút chì,A1,reserved,1,255,False,60,30,Nghĩa có thể minh họa trực tiếp; ưu tiên bài ngắn
eraser.n,eraser,cục tẩy,A1,reserved,1,256,False,60,30,Nghĩa có thể minh họa trực tiếp; ưu tiên bài ngắn
ruler.n,ruler,thước kẻ,A1,reserved,1,257,False,60,30,Nghĩa có thể minh họa trực tiếp; ưu tiên bài ngắn
board.n.classroom,board,bảng,A1,reserved,1,258,False,60,30,Nghĩa có thể minh họa trực tiếp; ưu tiên bài ngắn
question.n,question,câu hỏi,A1,reserved,1,259,False,60,30,Nghĩa có thể minh họa trực tiếp; ưu tiên bài ngắn
answer.n,answer,câu trả lời,A1,reserved,1,260,False,60,30,Nghĩa có thể minh họa trực tiếp; ưu tiên bài ngắn
work.n,work,công việc,A1,reserved,1,261,False,60,30,Nghĩa có thể minh họa trực tiếp; ưu tiên bài ngắn
job.n,job,việc làm,A1,reserved,1,262,False,60,30,Nghĩa có thể minh họa trực tiếp; ưu tiên bài ngắn
office.n,office,văn phòng,A1,reserved,1,263,False,60,30,Nghĩa có thể minh họa trực tiếp; ưu tiên bài ngắn
break.n.rest,break,giờ nghỉ giữa ca,A1,reserved,1,264,False,60,30,Nghĩa có thể minh họa trực tiếp; ưu tiên bài ngắn
email.n,email,thư điện tử,A1,reserved,1,265,False,60,30,Nghĩa có thể minh họa trực tiếp; ưu tiên bài ngắn
file.n,file,"tập tin, hồ sơ",A1,reserved,1,266,False,60,30,Nghĩa có thể minh họa trực tiếp; ưu tiên bài ngắn
worker.n,worker,người lao động,A1,reserved,1,267,False,60,30,Nghĩa có thể minh họa trực tiếp; ưu tiên bài ngắn
farmer.n,farmer,nông dân,A1,reserved,1,268,False,60,30,Nghĩa có thể minh họa trực tiếp; ưu tiên bài ngắn
engineer.n,engineer,kỹ sư,A1,reserved,1,269,False,60,30,Nghĩa có thể minh họa trực tiếp; ưu tiên bài ngắn
driver.n,driver,tài xế,A1,reserved,1,270,False,60,30,Nghĩa có thể minh họa trực tiếp; ưu tiên bài ngắn
police officer.phr,police officer,cảnh sát,A1,reserved,3,271,False,60,30,Nghĩa có thể minh họa trực tiếp; ưu tiên bài ngắn
artist.n,artist,nghệ sĩ,A1,reserved,1,272,False,60,30,Nghĩa có thể minh họa trực tiếp; ưu tiên bài ngắn
singer.n,singer,ca sĩ,A1,reserved,1,273,False,60,30,Nghĩa có thể minh họa trực tiếp; ưu tiên bài ngắn
actor.n,actor,diễn viên,A1,reserved,1,274,False,60,30,Nghĩa có thể minh họa trực tiếp; ưu tiên bài ngắn
writer.n,writer,người viết,A1,reserved,1,275,False,60,30,Nghĩa có thể minh họa trực tiếp; ưu tiên bài ngắn
cook.n,cook,người nấu bếp,A1,reserved,1,276,False,60,30,Nghĩa có thể minh họa trực tiếp; ưu tiên bài ngắn
holiday.n.vacation,holiday,kỳ nghỉ,A1,todo,1,277,False,60,30,Nghĩa có thể minh họa trực tiếp; ưu tiên bài ngắn
business.n,business,việc kinh doanh,A1,reserved,4,278,True,100,60,Nghĩa trừu tượng hoặc quan hệ xã hội cần tình huống và hậu quả
company.n,company,công ty,A1,reserved,1,279,False,60,30,Nghĩa có thể minh họa trực tiếp; ưu tiên bài ngắn
computer.n,computer,máy tính,A1,reserved,1,280,False,60,30,Nghĩa có thể minh họa trực tiếp; ưu tiên bài ngắn
laptop.n,laptop,máy tính xách tay,A1,reserved,1,281,False,60,30,Nghĩa có thể minh họa trực tiếp; ưu tiên bài ngắn
phone.n,phone,điện thoại,A1,reserved,1,282,False,60,30,Nghĩa có thể minh họa trực tiếp; ưu tiên bài ngắn
screen.n,screen,màn hình,A1,reserved,1,283,False,60,30,Nghĩa có thể minh họa trực tiếp; ưu tiên bài ngắn
keyboard.n.tech,keyboard,bàn phím,A1,reserved,1,284,False,60,30,Nghĩa có thể minh họa trực tiếp; ưu tiên bài ngắn
mouse.n.device,mouse,chuột máy tính,A1,reserved,1,285,False,60,30,Nghĩa có thể minh họa trực tiếp; ưu tiên bài ngắn
app.n,app,ứng dụng,A1,reserved,1,286,False,60,30,Nghĩa có thể minh họa trực tiếp; ưu tiên bài ngắn
download.v,download,tải xuống,A1,reserved,2,287,False,60,30,Nghĩa có thể minh họa trực tiếp; ưu tiên bài ngắn
save.v.file,save,lưu tệp,A1,reserved,2,288,False,60,30,Nghĩa có thể minh họa trực tiếp; ưu tiên bài ngắn
delete.v,delete,xoá,A1,reserved,2,289,False,60,30,Nghĩa có thể minh họa trực tiếp; ưu tiên bài ngắn
click.v,click,nhấp chuột,A1,reserved,2,290,False,60,30,Nghĩa có thể minh họa trực tiếp; ưu tiên bài ngắn
type.v,type,gõ chữ,A1,reserved,2,291,False,60,30,Nghĩa có thể minh họa trực tiếp; ưu tiên bài ngắn
copy.v,copy,sao chép,A1,reserved,2,292,False,60,30,Nghĩa có thể minh họa trực tiếp; ưu tiên bài ngắn
internet.n,internet,mạng Internet,A1,reserved,1,293,False,60,30,Nghĩa có thể minh họa trực tiếp; ưu tiên bài ngắn
website.n,website,trang web,A1,reserved,1,294,False,60,30,Nghĩa có thể minh họa trực tiếp; ưu tiên bài ngắn
wifi.n,wifi,mạng không dây,A1,reserved,1,295,False,60,30,Nghĩa có thể minh họa trực tiếp; ưu tiên bài ngắn
online.adj,online,trực tuyến,A1,reserved,2,296,False,60,30,Nghĩa có thể minh họa trực tiếp; ưu tiên bài ngắn
password.n,password,mật khẩu,A1,reserved,1,297,False,60,30,Nghĩa có thể minh họa trực tiếp; ưu tiên bài ngắn
guitar.n,guitar,đàn ghi-ta,A1,todo,1,298,False,60,30,Nghĩa có thể minh họa trực tiếp; ưu tiên bài ngắn
message.n,message,tin nhắn,A1,reserved,1,299,False,60,30,Nghĩa có thể minh họa trực tiếp; ưu tiên bài ngắn
share.v,share,chia sẻ,A1,reserved,2,300,False,60,30,Nghĩa có thể minh họa trực tiếp; ưu tiên bài ngắn
like.v,like,"thả tim, thích bài",A1,reserved,2,301,False,60,30,Nghĩa có thể minh họa trực tiếp; ưu tiên bài ngắn
travel.v,travel,"đi xa, du hành",A1,reserved,2,302,False,60,30,Nghĩa có thể minh họa trực tiếp; ưu tiên bài ngắn
trip.n,trip,chuyến đi,A1,done,1,303,False,60,30,Nghĩa có thể minh họa trực tiếp; ưu tiên bài ngắn
piano.n,piano,đàn piano,A1,todo,1,304,False,60,30,Nghĩa có thể minh họa trực tiếp; ưu tiên bài ngắn
tourist.n,tourist,khách du lịch,A1,reserved,1,305,False,60,30,Nghĩa có thể minh họa trực tiếp; ưu tiên bài ngắn
map.n,map,bản đồ,A1,reserved,1,306,False,60,30,Nghĩa có thể minh họa trực tiếp; ưu tiên bài ngắn
car.n,car,ô tô,A1,reserved,1,307,False,60,30,Nghĩa có thể minh họa trực tiếp; ưu tiên bài ngắn
bus.n,bus,xe buýt,A1,reserved,1,308,False,60,30,Nghĩa có thể minh họa trực tiếp; ưu tiên bài ngắn
train.n,train,tàu hoả,A1,reserved,1,309,False,60,30,Nghĩa có thể minh họa trực tiếp; ưu tiên bài ngắn
taxi.n,taxi,xe taxi,A1,reserved,1,310,False,60,30,Nghĩa có thể minh họa trực tiếp; ưu tiên bài ngắn
motorbike.n,motorbike,xe máy,A1,reserved,1,311,False,60,30,Nghĩa có thể minh họa trực tiếp; ưu tiên bài ngắn
bicycle.n,bicycle,xe đạp,A1,reserved,1,312,False,60,30,Nghĩa có thể minh họa trực tiếp; ưu tiên bài ngắn
boat.n,boat,thuyền,A1,reserved,1,313,False,60,30,Nghĩa có thể minh họa trực tiếp; ưu tiên bài ngắn
plane.n,plane,máy bay,A1,reserved,1,314,False,60,30,Nghĩa có thể minh họa trực tiếp; ưu tiên bài ngắn
flight.n,flight,chuyến bay,A1,reserved,1,315,False,60,30,Nghĩa có thể minh họa trực tiếp; ưu tiên bài ngắn
airport.n,airport,sân bay,A1,reserved,1,316,False,60,30,Nghĩa có thể minh họa trực tiếp; ưu tiên bài ngắn
station.n,station,"nhà ga, bến",A1,reserved,1,317,False,60,30,Nghĩa có thể minh họa trực tiếp; ưu tiên bài ngắn
stop.n,stop,điểm dừng xe,A1,reserved,1,318,False,60,30,Nghĩa có thể minh họa trực tiếp; ưu tiên bài ngắn
ticket.n,ticket,vé,A1,reserved,1,319,False,60,30,Nghĩa có thể minh họa trực tiếp; ưu tiên bài ngắn
seat.n,seat,chỗ ngồi,A1,reserved,1,320,False,60,30,Nghĩa có thể minh họa trực tiếp; ưu tiên bài ngắn
suitcase.n,suitcase,va li,A1,reserved,1,321,False,60,30,Nghĩa có thể minh họa trực tiếp; ưu tiên bài ngắn
passport.n,passport,hộ chiếu,A1,reserved,1,322,False,60,30,Nghĩa có thể minh họa trực tiếp; ưu tiên bài ngắn
drive.v,drive,lái xe,A1,reserved,2,323,False,60,30,Nghĩa có thể minh họa trực tiếp; ưu tiên bài ngắn
ride.v,ride,"cưỡi, đi (xe đạp, xe máy)",A1,reserved,2,324,False,60,30,Nghĩa có thể minh họa trực tiếp; ưu tiên bài ngắn
park.v,park,đỗ xe,A1,reserved,2,325,False,60,30,Nghĩa có thể minh họa trực tiếp; ưu tiên bài ngắn
hotel.n,hotel,khách sạn,A1,reserved,1,326,False,60,30,Nghĩa có thể minh họa trực tiếp; ưu tiên bài ngắn
floor.n.level,floor,tầng khách sạn,A1,reserved,1,327,False,60,30,Nghĩa có thể minh họa trực tiếp; ưu tiên bài ngắn
swimming pool.phr,swimming pool,hồ bơi,A1,reserved,3,328,False,60,30,Nghĩa có thể minh họa trực tiếp; ưu tiên bài ngắn
clean.adj,clean,sạch sẽ,A1,reserved,2,329,False,60,30,Nghĩa có thể minh họa trực tiếp; ưu tiên bài ngắn
dirty.adj,dirty,bẩn,A1,reserved,2,330,False,60,30,Nghĩa có thể minh họa trực tiếp; ưu tiên bài ngắn
stay.v,stay,"ở lại, lưu trú",A1,reserved,2,331,False,60,30,Nghĩa có thể minh họa trực tiếp; ưu tiên bài ngắn
book.v.reserve,book,đặt phòng trước,A1,reserved,2,332,False,60,30,Nghĩa có thể minh họa trực tiếp; ưu tiên bài ngắn
city.n,city,thành phố,A1,reserved,1,333,False,60,30,Nghĩa có thể minh họa trực tiếp; ưu tiên bài ngắn
town.n,town,thị trấn,A1,reserved,1,334,False,60,30,Nghĩa có thể minh họa trực tiếp; ưu tiên bài ngắn
village.n,village,làng,A1,reserved,1,335,False,60,30,Nghĩa có thể minh họa trực tiếp; ưu tiên bài ngắn
street.n,street,đường phố,A1,reserved,1,336,False,60,30,Nghĩa có thể minh họa trực tiếp; ưu tiên bài ngắn
road.n,road,con đường,A1,reserved,1,337,False,60,30,Nghĩa có thể minh họa trực tiếp; ưu tiên bài ngắn
corner.n,corner,góc phố,A1,reserved,1,338,False,60,30,Nghĩa có thể minh họa trực tiếp; ưu tiên bài ngắn
bridge.n,bridge,cây cầu,A1,reserved,1,339,False,60,30,Nghĩa có thể minh họa trực tiếp; ưu tiên bài ngắn
park.n,park,công viên,A1,reserved,1,340,False,60,30,Nghĩa có thể minh họa trực tiếp; ưu tiên bài ngắn
museum.n,museum,bảo tàng,A1,reserved,1,341,False,60,30,Nghĩa có thể minh họa trực tiếp; ưu tiên bài ngắn
cinema.n,cinema,rạp chiếu phim,A1,reserved,1,342,False,60,30,Nghĩa có thể minh họa trực tiếp; ưu tiên bài ngắn
church.n,church,nhà thờ,A1,reserved,1,343,False,60,30,Nghĩa có thể minh họa trực tiếp; ưu tiên bài ngắn
post office.phr,post office,bưu điện,A1,reserved,3,344,False,60,30,Nghĩa có thể minh họa trực tiếp; ưu tiên bài ngắn
bus stop.phr,bus stop,trạm xe buýt,A1,reserved,3,345,False,60,30,Nghĩa có thể minh họa trực tiếp; ưu tiên bài ngắn
building.n,building,toà nhà,A1,reserved,1,346,False,60,30,Nghĩa có thể minh họa trực tiếp; ưu tiên bài ngắn
left.adj,left,bên trái,A1,reserved,2,347,False,60,30,Nghĩa có thể minh họa trực tiếp; ưu tiên bài ngắn
right.adj.direction,right,bên phải,A1,reserved,4,348,True,100,60,Nghĩa trừu tượng hoặc quan hệ xã hội cần tình huống và hậu quả
straight.adv,straight,thẳng,A1,reserved,3,349,False,60,30,Nghĩa có thể minh họa trực tiếp; ưu tiên bài ngắn
behind.prep,behind,phía sau,A1,reserved,5,350,True,100,60,Quan hệ ngữ pháp/cách dùng cần ngữ cảnh và lượt chọn câu
next to.phr,next to,bên cạnh,A1,reserved,3,351,False,60,30,Nghĩa có thể minh họa trực tiếp; ưu tiên bài ngắn
between.prep,between,ở giữa hai,A1,reserved,5,352,True,100,60,Quan hệ ngữ pháp/cách dùng cần ngữ cảnh và lượt chọn câu
near.prep,near,gần,A1,reserved,5,353,True,100,60,Quan hệ ngữ pháp/cách dùng cần ngữ cảnh và lượt chọn câu
far.adj,far,xa,A1,reserved,2,354,False,60,30,Nghĩa có thể minh họa trực tiếp; ưu tiên bài ngắn
turn.v,turn,rẽ,A1,reserved,2,355,False,60,30,Nghĩa có thể minh họa trực tiếp; ưu tiên bài ngắn
get to.phr,get to,đi tới,A1,reserved,3,356,False,60,30,Nghĩa có thể minh họa trực tiếp; ưu tiên bài ngắn
north.n,north,hướng bắc,A1,reserved,1,357,False,60,30,Nghĩa có thể minh họa trực tiếp; ưu tiên bài ngắn
south.n,south,hướng nam,A1,reserved,1,358,False,60,30,Nghĩa có thể minh họa trực tiếp; ưu tiên bài ngắn
east.n,east,hướng đông,A1,reserved,1,359,False,60,30,Nghĩa có thể minh họa trực tiếp; ưu tiên bài ngắn
west.n,west,hướng tây,A1,reserved,1,360,False,60,30,Nghĩa có thể minh họa trực tiếp; ưu tiên bài ngắn
weather.n,weather,thời tiết,A1,done,1,361,False,60,30,Nghĩa có thể minh họa trực tiếp; ưu tiên bài ngắn
season.n.year,season,mùa trong năm,A1,reserved,1,362,False,60,30,Nghĩa có thể minh họa trực tiếp; ưu tiên bài ngắn
spring.n,spring,mùa xuân,A1,reserved,1,363,False,60,30,Nghĩa có thể minh họa trực tiếp; ưu tiên bài ngắn
summer.n,summer,mùa hè,A1,reserved,1,364,False,60,30,Nghĩa có thể minh họa trực tiếp; ưu tiên bài ngắn
autumn.n,autumn,mùa thu,A1,reserved,1,365,False,60,30,Nghĩa có thể minh họa trực tiếp; ưu tiên bài ngắn
winter.n,winter,mùa đông,A1,reserved,1,366,False,60,30,Nghĩa có thể minh họa trực tiếp; ưu tiên bài ngắn
sun.n,sun,mặt trời,A1,reserved,1,367,False,60,30,Nghĩa có thể minh họa trực tiếp; ưu tiên bài ngắn
moon.n,moon,mặt trăng,A1,reserved,1,368,False,60,30,Nghĩa có thể minh họa trực tiếp; ưu tiên bài ngắn
star.n.sky,star,ngôi sao trên trời,A1,reserved,1,369,False,60,30,Nghĩa có thể minh họa trực tiếp; ưu tiên bài ngắn
sky.n,sky,bầu trời,A1,reserved,1,370,False,60,30,Nghĩa có thể minh họa trực tiếp; ưu tiên bài ngắn
rain.n,rain,mưa,A1,reserved,1,371,False,60,30,Nghĩa có thể minh họa trực tiếp; ưu tiên bài ngắn
snow.n,snow,tuyết,A1,reserved,1,372,False,60,30,Nghĩa có thể minh họa trực tiếp; ưu tiên bài ngắn
ice.n,ice,băng,A1,reserved,1,373,False,60,30,Nghĩa có thể minh họa trực tiếp; ưu tiên bài ngắn
wind.n,wind,gió,A1,reserved,1,374,False,60,30,Nghĩa có thể minh họa trực tiếp; ưu tiên bài ngắn
sunny.adj,sunny,nắng,A1,reserved,2,375,False,60,30,Nghĩa có thể minh họa trực tiếp; ưu tiên bài ngắn
cloudy.adj,cloudy,nhiều mây,A1,reserved,2,376,False,60,30,Nghĩa có thể minh họa trực tiếp; ưu tiên bài ngắn
rainy.adj,rainy,mưa nhiều,A1,reserved,2,377,False,60,30,Nghĩa có thể minh họa trực tiếp; ưu tiên bài ngắn
windy.adj,windy,nhiều gió,A1,reserved,2,378,False,60,30,Nghĩa có thể minh họa trực tiếp; ưu tiên bài ngắn
hot.adj,hot,nóng,A1,reserved,2,379,False,60,30,Nghĩa có thể minh họa trực tiếp; ưu tiên bài ngắn
warm.adj.nature,warm,ấm,A1,reserved,2,380,False,60,30,Nghĩa có thể minh họa trực tiếp; ưu tiên bài ngắn
cool.adj,cool,mát,A1,reserved,2,381,False,60,30,Nghĩa có thể minh họa trực tiếp; ưu tiên bài ngắn
cold.adj.temperature,cold,lạnh,A1,reserved,2,382,False,60,30,Nghĩa có thể minh họa trực tiếp; ưu tiên bài ngắn
mountain.n,mountain,ngọn núi,A1,reserved,1,383,False,60,30,Nghĩa có thể minh họa trực tiếp; ưu tiên bài ngắn
river.n,river,con sông,A1,reserved,1,384,False,60,30,Nghĩa có thể minh họa trực tiếp; ưu tiên bài ngắn
lake.n,lake,hồ,A1,reserved,1,385,False,60,30,Nghĩa có thể minh họa trực tiếp; ưu tiên bài ngắn
sea.n,sea,biển,A1,reserved,1,386,False,60,30,Nghĩa có thể minh họa trực tiếp; ưu tiên bài ngắn
beach.n,beach,bãi biển,A1,reserved,1,387,False,60,30,Nghĩa có thể minh họa trực tiếp; ưu tiên bài ngắn
forest.n,forest,rừng,A1,reserved,1,388,False,60,30,Nghĩa có thể minh họa trực tiếp; ưu tiên bài ngắn
animal.n,animal,con vật,A1,reserved,1,389,False,60,30,Nghĩa có thể minh họa trực tiếp; ưu tiên bài ngắn
pet.n,pet,thú cưng,A1,reserved,1,390,False,60,30,Nghĩa có thể minh họa trực tiếp; ưu tiên bài ngắn
dog.n,dog,con chó,A1,reserved,1,391,False,60,30,Nghĩa có thể minh họa trực tiếp; ưu tiên bài ngắn
cat.n,cat,con mèo,A1,done,1,392,False,60,30,Nghĩa có thể minh họa trực tiếp; ưu tiên bài ngắn
bird.n,bird,con chim,A1,reserved,1,393,False,60,30,Nghĩa có thể minh họa trực tiếp; ưu tiên bài ngắn
rabbit.n,rabbit,con thỏ,A1,reserved,1,394,False,60,30,Nghĩa có thể minh họa trực tiếp; ưu tiên bài ngắn
mouse.n.animal,mouse,con chuột nhắt,A1,reserved,1,395,False,60,30,Nghĩa có thể minh họa trực tiếp; ưu tiên bài ngắn
horse.n,horse,con ngựa,A1,reserved,1,396,False,60,30,Nghĩa có thể minh họa trực tiếp; ưu tiên bài ngắn
cow.n,cow,con bò,A1,reserved,1,397,False,60,30,Nghĩa có thể minh họa trực tiếp; ưu tiên bài ngắn
pig.n,pig,con lợn,A1,reserved,1,398,False,60,30,Nghĩa có thể minh họa trực tiếp; ưu tiên bài ngắn
sheep.n,sheep,con cừu,A1,reserved,1,399,False,60,30,Nghĩa có thể minh họa trực tiếp; ưu tiên bài ngắn
chicken.n.bird,chicken,con gà,A1,reserved,1,400,False,60,30,Nghĩa có thể minh họa trực tiếp; ưu tiên bài ngắn
duck.n,duck,con vịt,A1,reserved,1,401,False,60,30,Nghĩa có thể minh họa trực tiếp; ưu tiên bài ngắn
lion.n,lion,sư tử,A1,reserved,1,402,False,60,30,Nghĩa có thể minh họa trực tiếp; ưu tiên bài ngắn
tiger.n,tiger,con hổ,A1,reserved,1,403,False,60,30,Nghĩa có thể minh họa trực tiếp; ưu tiên bài ngắn
bear.n,bear,con gấu,A1,reserved,1,404,False,60,30,Nghĩa có thể minh họa trực tiếp; ưu tiên bài ngắn
elephant.n,elephant,con voi,A1,reserved,1,405,False,60,30,Nghĩa có thể minh họa trực tiếp; ưu tiên bài ngắn
monkey.n,monkey,con khỉ,A1,reserved,1,406,False,60,30,Nghĩa có thể minh họa trực tiếp; ưu tiên bài ngắn
plant.n,plant,"cái cây, thực vật",A1,reserved,1,407,False,60,30,Nghĩa có thể minh họa trực tiếp; ưu tiên bài ngắn
tree.n,tree,cây to,A1,reserved,1,408,False,60,30,Nghĩa có thể minh họa trực tiếp; ưu tiên bài ngắn
flower.n,flower,bông hoa,A1,reserved,1,409,False,60,30,Nghĩa có thể minh họa trực tiếp; ưu tiên bài ngắn
grass.n,grass,cỏ,A1,reserved,1,410,False,60,30,Nghĩa có thể minh họa trực tiếp; ưu tiên bài ngắn
leaf.n,leaf,chiếc lá,A1,reserved,1,411,False,60,30,Nghĩa có thể minh họa trực tiếp; ưu tiên bài ngắn
rose.n,rose,hoa hồng,A1,reserved,1,412,False,60,30,Nghĩa có thể minh họa trực tiếp; ưu tiên bài ngắn
farm.n,farm,nông trại,A1,reserved,1,413,False,60,30,Nghĩa có thể minh họa trực tiếp; ưu tiên bài ngắn
grow.v,grow,"trồng, lớn lên",A1,reserved,2,414,False,60,30,Nghĩa có thể minh họa trực tiếp; ưu tiên bài ngắn
garbage.n,garbage,rác,A1,reserved,1,415,False,60,30,Nghĩa có thể minh họa trực tiếp; ưu tiên bài ngắn
earth.n,earth,trái đất,A1,reserved,1,416,False,60,30,Nghĩa có thể minh họa trực tiếp; ưu tiên bài ngắn
sport.n,sport,môn thể thao,A1,reserved,1,417,False,60,30,Nghĩa có thể minh họa trực tiếp; ưu tiên bài ngắn
game.n,game,trận đấu,A1,reserved,1,418,False,60,30,Nghĩa có thể minh họa trực tiếp; ưu tiên bài ngắn
player.n,player,"cầu thủ, vận động viên",A1,reserved,1,419,False,60,30,Nghĩa có thể minh họa trực tiếp; ưu tiên bài ngắn
fan.n.fandom,fan,người hâm mộ,A1,reserved,1,420,False,60,30,Nghĩa có thể minh họa trực tiếp; ưu tiên bài ngắn
win.v.victory,win,thắng,A1,reserved,2,421,False,60,30,Nghĩa có thể minh họa trực tiếp; ưu tiên bài ngắn
point.n,point,điểm số,A1,reserved,1,422,False,60,30,Nghĩa có thể minh họa trực tiếp; ưu tiên bài ngắn
rule.n,rule,luật chơi,A1,reserved,1,423,False,60,30,Nghĩa có thể minh họa trực tiếp; ưu tiên bài ngắn
goal.n,goal,bàn thắng,A1,reserved,1,424,False,60,30,Nghĩa có thể minh họa trực tiếp; ưu tiên bài ngắn
kick.v,kick,đá,A1,reserved,2,425,False,60,30,Nghĩa có thể minh họa trực tiếp; ưu tiên bài ngắn
throw.v.toss,throw,ném,A1,reserved,2,426,False,60,30,Nghĩa có thể minh họa trực tiếp; ưu tiên bài ngắn
catch.v.capture,catch,bắt được,A1,reserved,2,427,False,60,30,Nghĩa có thể minh họa trực tiếp; ưu tiên bài ngắn
run.v.move-fast,run,chạy bằng chân,A1,reserved,2,428,False,60,30,Nghĩa có thể minh họa trực tiếp; ưu tiên bài ngắn
jump.v,jump,nhảy,A1,reserved,2,429,False,60,30,Nghĩa có thể minh họa trực tiếp; ưu tiên bài ngắn
swim.v.swim-basic,swim,bơi,A1,reserved,2,430,False,60,30,Nghĩa có thể minh họa trực tiếp; ưu tiên bài ngắn
ball.n,ball,quả bóng,A1,reserved,1,431,False,60,30,Nghĩa có thể minh họa trực tiếp; ưu tiên bài ngắn
football.n,football,bóng đá,A1,reserved,1,432,False,60,30,Nghĩa có thể minh họa trực tiếp; ưu tiên bài ngắn
basketball.n,basketball,bóng rổ,A1,reserved,1,433,False,60,30,Nghĩa có thể minh họa trực tiếp; ưu tiên bài ngắn
volleyball.n,volleyball,bóng chuyền,A1,reserved,1,434,False,60,30,Nghĩa có thể minh họa trực tiếp; ưu tiên bài ngắn
tennis.n,tennis,quần vợt,A1,reserved,1,435,False,60,30,Nghĩa có thể minh họa trực tiếp; ưu tiên bài ngắn
table tennis.n,table tennis,bóng bàn,A1,reserved,1,436,False,60,30,Nghĩa có thể minh họa trực tiếp; ưu tiên bài ngắn
badminton.n,badminton,cầu lông,A1,reserved,1,437,False,60,30,Nghĩa có thể minh họa trực tiếp; ưu tiên bài ngắn
swimming.n,swimming,môn bơi lội,A1,reserved,1,438,False,60,30,Nghĩa có thể minh họa trực tiếp; ưu tiên bài ngắn
cycling.n,cycling,môn đạp xe,A1,reserved,1,439,False,60,30,Nghĩa có thể minh họa trực tiếp; ưu tiên bài ngắn
movie.n,movie,phim,A1,reserved,1,440,False,60,30,Nghĩa có thể minh họa trực tiếp; ưu tiên bài ngắn
film.n,film,phim,A1,reserved,1,441,False,60,30,Nghĩa có thể minh họa trực tiếp; ưu tiên bài ngắn
movie theater.n,movie theater,rạp chiếu phim,A1,reserved,1,442,False,60,30,Nghĩa có thể minh họa trực tiếp; ưu tiên bài ngắn
television.n,television,truyền hình,A1,reserved,1,443,False,60,30,Nghĩa có thể minh họa trực tiếp; ưu tiên bài ngắn
TV.n,TV,ti vi,A1,reserved,1,444,False,60,30,Nghĩa có thể minh họa trực tiếp; ưu tiên bài ngắn
channel.n,channel,kênh truyền hình,A1,reserved,1,445,False,60,30,Nghĩa có thể minh họa trực tiếp; ưu tiên bài ngắn
news.n,news,tin tức,A1,reserved,3,446,False,60,30,Nghĩa có thể minh họa trực tiếp; ưu tiên bài ngắn
newspaper.n,newspaper,báo giấy,A1,reserved,1,447,False,60,30,Nghĩa có thể minh họa trực tiếp; ưu tiên bài ngắn
magazine.n,magazine,tạp chí,A1,reserved,1,448,False,60,30,Nghĩa có thể minh họa trực tiếp; ưu tiên bài ngắn
video.n,video,video,A1,reserved,1,449,False,60,30,Nghĩa có thể minh họa trực tiếp; ưu tiên bài ngắn
camera.n.film,camera,"máy quay, máy ảnh",A1,reserved,1,450,False,60,30,Nghĩa có thể minh họa trực tiếp; ưu tiên bài ngắn
microphone.n,microphone,micro,A1,reserved,1,451,False,60,30,Nghĩa có thể minh họa trực tiếp; ưu tiên bài ngắn
video game.n,video game,trò chơi điện tử,A1,reserved,1,452,False,60,30,Nghĩa có thể minh họa trực tiếp; ưu tiên bài ngắn
game.n.game,game,trò chơi,A1,reserved,1,453,False,60,30,Nghĩa có thể minh họa trực tiếp; ưu tiên bài ngắn
selfie.n,selfie,ảnh tự chụp,A1,reserved,1,454,False,60,30,Nghĩa có thể minh họa trực tiếp; ưu tiên bài ngắn
music.n,music,âm nhạc,A1,reserved,3,455,False,60,30,Nghĩa có thể minh họa trực tiếp; ưu tiên bài ngắn
song.n,song,bài hát,A1,reserved,1,456,False,60,30,Nghĩa có thể minh họa trực tiếp; ưu tiên bài ngắn
sing.v,sing,hát,A1,reserved,2,457,False,60,30,Nghĩa có thể minh họa trực tiếp; ưu tiên bài ngắn
band.n,band,ban nhạc,A1,reserved,1,458,False,60,30,Nghĩa có thể minh họa trực tiếp; ưu tiên bài ngắn
drum.n,drum,trống,A1,todo,1,459,False,60,30,Nghĩa có thể minh họa trực tiếp; ưu tiên bài ngắn
pop.n,pop,nhạc pop,A1,todo,1,460,False,60,30,Nghĩa có thể minh họa trực tiếp; ưu tiên bài ngắn
rock.n.art,rock,nhạc rock,A1,todo,1,461,False,60,30,Nghĩa có thể minh họa trực tiếp; ưu tiên bài ngắn
painting.n,painting,bức tranh,A1,todo,1,462,False,60,30,Nghĩa có thể minh họa trực tiếp; ưu tiên bài ngắn
drawing.n,drawing,bản vẽ,A1,todo,1,463,False,60,30,Nghĩa có thể minh họa trực tiếp; ưu tiên bài ngắn
photograph.n,photograph,bức ảnh,A1,todo,1,464,False,60,30,Nghĩa có thể minh họa trực tiếp; ưu tiên bài ngắn
actress.n,actress,diễn viên nữ,A1,todo,1,465,False,60,30,Nghĩa có thể minh họa trực tiếp; ưu tiên bài ngắn
colour.n,colour,màu sắc,A1,todo,1,466,False,60,30,Nghĩa có thể minh họa trực tiếp; ưu tiên bài ngắn
second.n,second,giây,A1,todo,1,467,False,60,30,Nghĩa có thể minh họa trực tiếp; ưu tiên bài ngắn
minute.n,minute,phút,A1,todo,1,468,False,60,30,Nghĩa có thể minh họa trực tiếp; ưu tiên bài ngắn
hour.n,hour,"giờ, tiếng đồng hồ",A1,todo,1,469,False,60,30,Nghĩa có thể minh họa trực tiếp; ưu tiên bài ngắn
day.n,day,ngày,A1,todo,1,470,False,60,30,Nghĩa có thể minh họa trực tiếp; ưu tiên bài ngắn
week.n,week,tuần,A1,todo,1,471,False,60,30,Nghĩa có thể minh họa trực tiếp; ưu tiên bài ngắn
month.n,month,tháng,A1,todo,1,472,False,60,30,Nghĩa có thể minh họa trực tiếp; ưu tiên bài ngắn
year.n,year,năm,A1,todo,1,473,False,60,30,Nghĩa có thể minh họa trực tiếp; ưu tiên bài ngắn
date.n,date,ngày tháng,A1,todo,1,474,False,60,30,Nghĩa có thể minh họa trực tiếp; ưu tiên bài ngắn
hundred.num,hundred,trăm,A1,todo,1,475,False,60,30,Nghĩa có thể minh họa trực tiếp; ưu tiên bài ngắn
happy.adj,happy,"vui, hạnh phúc",A1,done,2,476,False,60,30,Nghĩa có thể minh họa trực tiếp; ưu tiên bài ngắn
thousand.num,thousand,nghìn,A1,todo,1,477,False,60,30,Nghĩa có thể minh họa trực tiếp; ưu tiên bài ngắn
half.num,half,một nửa,A1,todo,1,478,False,60,30,Nghĩa có thể minh họa trực tiếp; ưu tiên bài ngắn
number.n,number,"con số, số lượng (đếm được)",A1,todo,1,479,False,60,30,Nghĩa có thể minh họa trực tiếp; ưu tiên bài ngắn
metre.n,metre,mét,A1,todo,1,480,False,60,30,Nghĩa có thể minh họa trực tiếp; ưu tiên bài ngắn
kilometre.n,kilometre,kilômét,A1,todo,1,481,False,60,30,Nghĩa có thể minh họa trực tiếp; ưu tiên bài ngắn
gram.n,gram,gam,A1,todo,1,482,False,60,30,Nghĩa có thể minh họa trực tiếp; ưu tiên bài ngắn
kilogram.n,kilogram,kilôgam,A1,todo,1,483,False,60,30,Nghĩa có thể minh họa trực tiếp; ưu tiên bài ngắn
litre.n,litre,lít,A1,todo,1,484,False,60,30,Nghĩa có thể minh họa trực tiếp; ưu tiên bài ngắn
circle.n,circle,hình tròn,A1,todo,1,485,False,60,30,Nghĩa có thể minh họa trực tiếp; ưu tiên bài ngắn
free.adj.gratis,free,không mất tiền,A1,todo,2,486,False,60,30,Nghĩa có thể minh họa trực tiếp; ưu tiên bài ngắn
login.v,login,đăng nhập,A1,todo,2,487,False,60,30,Nghĩa có thể minh họa trực tiếp; ưu tiên bài ngắn
play.v,play,chơi (nhạc cụ),A1,todo,2,488,False,60,30,Nghĩa có thể minh họa trực tiếp; ưu tiên bài ngắn
loud.adj.art,loud,"to, ồn",A1,todo,2,489,False,60,30,Nghĩa có thể minh họa trực tiếp; ưu tiên bài ngắn
draw.v.art,draw,vẽ (bằng bút),A1,todo,2,490,False,60,30,Nghĩa có thể minh họa trực tiếp; ưu tiên bài ngắn
dance.v,dance,nhảy múa,A1,todo,2,491,False,60,30,Nghĩa có thể minh họa trực tiếp; ưu tiên bài ngắn
feel.v,feel,cảm thấy,A1,todo,2,492,False,60,30,Nghĩa có thể minh họa trực tiếp; ưu tiên bài ngắn
glad.adj,glad,vui mừng,A1,todo,2,493,False,60,30,Nghĩa có thể minh họa trực tiếp; ưu tiên bài ngắn
excited.adj,excited,hào hứng,A1,todo,2,494,False,60,30,Nghĩa có thể minh họa trực tiếp; ưu tiên bài ngắn
sad.adj,sad,buồn,A1,todo,2,495,False,60,30,Nghĩa có thể minh họa trực tiếp; ưu tiên bài ngắn
cry.v,cry,khóc,A1,todo,2,496,False,60,30,Nghĩa có thể minh họa trực tiếp; ưu tiên bài ngắn
angry.adj,angry,tức giận,A1,todo,2,497,False,60,30,Nghĩa có thể minh họa trực tiếp; ưu tiên bài ngắn
scared.adj,scared,sợ hãi,A1,todo,2,498,False,60,30,Nghĩa có thể minh họa trực tiếp; ưu tiên bài ngắn
afraid.adj,afraid,sợ,A1,todo,2,499,False,60,30,Nghĩa có thể minh họa trực tiếp; ưu tiên bài ngắn
worried.adj,worried,lo lắng,A1,todo,2,500,False,60,30,Nghĩa có thể minh họa trực tiếp; ưu tiên bài ngắn
surprised.adj,surprised,ngạc nhiên,A1,todo,2,501,False,60,30,Nghĩa có thể minh họa trực tiếp; ưu tiên bài ngắn
bored.adj,bored,chán,A1,todo,2,502,False,60,30,Nghĩa có thể minh họa trực tiếp; ưu tiên bài ngắn
interested.adj,interested,thấy hứng thú,A1,todo,2,503,False,60,30,Nghĩa có thể minh họa trực tiếp; ưu tiên bài ngắn
smile.v,smile,mỉm cười,A1,todo,2,504,False,60,30,Nghĩa có thể minh họa trực tiếp; ưu tiên bài ngắn
laugh.v,laugh,cười,A1,todo,2,505,False,60,30,Nghĩa có thể minh họa trực tiếp; ưu tiên bài ngắn
kind.adj,kind,tốt bụng,A1,todo,2,506,False,60,30,Nghĩa có thể minh họa trực tiếp; ưu tiên bài ngắn
nice.adj,nice,"dễ mến, tốt bụng",A1,todo,2,507,False,60,30,Nghĩa có thể minh họa trực tiếp; ưu tiên bài ngắn
friendly.adj,friendly,thân thiện,A1,todo,2,508,False,60,30,Nghĩa có thể minh họa trực tiếp; ưu tiên bài ngắn
lazy.adj,lazy,lười biếng,A1,todo,2,509,False,60,30,Nghĩa có thể minh họa trực tiếp; ưu tiên bài ngắn
ask.v,ask,hỏi,A1,todo,2,510,False,60,30,Nghĩa có thể minh họa trực tiếp; ưu tiên bài ngắn
answer.v,answer,trả lời,A1,todo,2,511,False,60,30,Nghĩa có thể minh họa trực tiếp; ưu tiên bài ngắn
repeat.v,repeat,nhắc lại,A1,todo,2,512,False,60,30,Nghĩa có thể minh họa trực tiếp; ưu tiên bài ngắn
agree.v,agree,đồng ý,A1,todo,2,513,False,60,30,Nghĩa có thể minh họa trực tiếp; ưu tiên bài ngắn
thank.v,thank,cảm ơn,A1,todo,2,514,False,60,30,Nghĩa có thể minh họa trực tiếp; ưu tiên bài ngắn
count.v,count,đếm,A1,todo,2,515,False,60,30,Nghĩa có thể minh họa trực tiếp; ưu tiên bài ngắn
wide.adj,wide,rộng,A1,todo,2,516,False,60,30,Nghĩa có thể minh họa trực tiếp; ưu tiên bài ngắn
round.adj,round,tròn,A1,todo,2,517,False,60,30,Nghĩa có thể minh họa trực tiếp; ưu tiên bài ngắn
be.v.identity,be,"là (dùng để đồng nhất, mô tả)",A1,todo,2,518,False,60,30,Nghĩa có thể minh họa trực tiếp; ưu tiên bài ngắn
be.v.exist,be,"tồn tại, có mặt, ở đâu đó",A1,todo,2,519,False,60,30,Nghĩa có thể minh họa trực tiếp; ưu tiên bài ngắn
have.v.possess,have,"có, sở hữu",A1,todo,2,520,False,60,30,Nghĩa có thể minh họa trực tiếp; ưu tiên bài ngắn
get.v.obtain,get,"nhận được, có được",A1,todo,2,521,False,60,30,Nghĩa có thể minh họa trực tiếp; ưu tiên bài ngắn
put.v.place,put,"đặt, để",A1,todo,2,522,False,60,30,Nghĩa có thể minh họa trực tiếp; ưu tiên bài ngắn
keep.v.retain,keep,giữ lại,A1,todo,2,523,False,60,30,Nghĩa có thể minh họa trực tiếp; ưu tiên bài ngắn
turn.v.rotate,turn,"xoay, quay",A1,todo,2,524,False,60,30,Nghĩa có thể minh họa trực tiếp; ưu tiên bài ngắn
break.v.shatter,break,làm vỡ,A1,todo,2,525,False,60,30,Nghĩa có thể minh họa trực tiếp; ưu tiên bài ngắn
hold.v.grip,hold,"cầm, giữ",A1,todo,2,526,False,60,30,Nghĩa có thể minh họa trực tiếp; ưu tiên bài ngắn
let.v.allow,let,cho phép,A1,todo,2,527,False,60,30,Nghĩa có thể minh họa trực tiếp; ưu tiên bài ngắn
call.v.phone,call,gọi điện,A1,todo,2,528,False,60,30,Nghĩa có thể minh họa trực tiếp; ưu tiên bài ngắn
move.v.shift,move,di chuyển,A1,todo,2,529,False,60,30,Nghĩa có thể minh họa trực tiếp; ưu tiên bài ngắn
show.v.display,show,cho xem,A1,todo,2,530,False,60,30,Nghĩa có thể minh họa trực tiếp; ưu tiên bài ngắn
try.v.attempt,try,cố gắng,A1,todo,2,531,False,60,30,Nghĩa có thể minh họa trực tiếp; ưu tiên bài ngắn
ask.v.request,ask,"yêu cầu, nhờ",A1,todo,2,532,False,60,30,Nghĩa có thể minh họa trực tiếp; ưu tiên bài ngắn
give.v.hand-over,give,"cho, đưa",A1,todo,2,533,False,60,30,Nghĩa có thể minh họa trực tiếp; ưu tiên bài ngắn
go.v.move-to,go,đi,A1,todo,2,534,False,60,30,Nghĩa có thể minh họa trực tiếp; ưu tiên bài ngắn
come.v.arrive-basic,come,đến,A1,todo,2,535,False,60,30,Nghĩa có thể minh họa trực tiếp; ưu tiên bài ngắn
want.v.desire,want,muốn,A1,todo,2,536,False,60,30,Nghĩa có thể minh họa trực tiếp; ưu tiên bài ngắn
use.v.utilize,use,sử dụng,A1,todo,2,537,False,60,30,Nghĩa có thể minh họa trực tiếp; ưu tiên bài ngắn
find.v.discover,find,tìm thấy,A1,todo,2,538,False,60,30,Nghĩa có thể minh họa trực tiếp; ưu tiên bài ngắn
work.v.labor,work,làm việc,A1,todo,2,539,False,60,30,Nghĩa có thể minh họa trực tiếp; ưu tiên bài ngắn
begin.v.start-basic,begin,bắt đầu,A1,todo,2,540,False,60,30,Nghĩa có thể minh họa trực tiếp; ưu tiên bài ngắn
start.v.commence,start,bắt đầu,A1,todo,2,541,False,60,30,Nghĩa có thể minh họa trực tiếp; ưu tiên bài ngắn
stop.v.halt,stop,dừng lại,A1,todo,2,542,False,60,30,Nghĩa có thể minh họa trực tiếp; ưu tiên bài ngắn
finish.v.complete,finish,"hoàn thành, xong",A1,todo,2,543,False,60,30,Nghĩa có thể minh họa trực tiếp; ưu tiên bài ngắn
change.v.alter,change,thay đổi,A1,todo,2,544,False,60,30,Nghĩa có thể minh họa trực tiếp; ưu tiên bài ngắn
help.v.assist,help,giúp đỡ,A1,todo,2,545,False,60,30,Nghĩa có thể minh họa trực tiếp; ưu tiên bài ngắn
play.v.play-game,play,chơi,A1,todo,2,546,False,60,30,Nghĩa có thể minh họa trực tiếp; ưu tiên bài ngắn
send.v.dispatch,send,gửi,A1,todo,2,547,False,60,30,Nghĩa có thể minh họa trực tiếp; ưu tiên bài ngắn
open.v.open-action,open,mở,A1,todo,2,548,False,60,30,Nghĩa có thể minh họa trực tiếp; ưu tiên bài ngắn
close.v.shut,close,đóng,A1,todo,2,549,False,60,30,Nghĩa có thể minh họa trực tiếp; ưu tiên bài ngắn
lose.v.misplace,lose,làm mất,A1,todo,2,550,False,60,30,Nghĩa có thể minh họa trực tiếp; ưu tiên bài ngắn
pull.v.drag,pull,kéo,A1,todo,2,551,False,60,30,Nghĩa có thể minh họa trực tiếp; ưu tiên bài ngắn
push.v.shove,push,đẩy,A1,todo,2,552,False,60,30,Nghĩa có thể minh họa trực tiếp; ưu tiên bài ngắn
carry.v.carry-basic,carry,"mang, vác",A1,todo,2,553,False,60,30,Nghĩa có thể minh họa trực tiếp; ưu tiên bài ngắn
cut.v.slice,cut,cắt,A1,todo,2,554,False,60,30,Nghĩa có thể minh họa trực tiếp; ưu tiên bài ngắn
add.v.add-basic,add,thêm vào,A1,todo,2,555,False,60,30,Nghĩa có thể minh họa trực tiếp; ưu tiên bài ngắn
choose.v.select,choose,chọn,A1,todo,2,556,False,60,30,Nghĩa có thể minh họa trực tiếp; ưu tiên bài ngắn
fall.v.fall-physical,fall,"ngã, rơi",A1,todo,2,557,False,60,30,Nghĩa có thể minh họa trực tiếp; ưu tiên bài ngắn
fly.v.fly-basic,fly,bay,A1,todo,2,558,False,60,30,Nghĩa có thể minh họa trực tiếp; ưu tiên bài ngắn
sleep.v.sleep-basic,sleep,ngủ,A1,todo,2,559,False,60,30,Nghĩa có thể minh họa trực tiếp; ưu tiên bài ngắn
hit.v.hit-basic,hit,"đánh, va vào",A1,todo,2,560,False,60,30,Nghĩa có thể minh họa trực tiếp; ưu tiên bài ngắn
sit.v.sit-basic,sit,ngồi,A1,todo,2,561,False,60,30,Nghĩa có thể minh họa trực tiếp; ưu tiên bài ngắn
stand.v.stand-basic,stand,đứng,A1,todo,2,562,False,60,30,Nghĩa có thể minh họa trực tiếp; ưu tiên bài ngắn
lie.v.lie-position,lie,nằm,A1,todo,2,563,False,60,30,Nghĩa có thể minh họa trực tiếp; ưu tiên bài ngắn
meet.v.meet-basic,meet,gặp gỡ,A1,todo,2,564,False,60,30,Nghĩa có thể minh họa trực tiếp; ưu tiên bài ngắn
touch.v.touch-basic,touch,chạm vào,A1,todo,2,565,False,60,30,Nghĩa có thể minh họa trực tiếp; ưu tiên bài ngắn
write.v.write-basic,write,viết,A1,todo,2,566,False,60,30,Nghĩa có thể minh họa trực tiếp; ưu tiên bài ngắn
read.v.read-basic,read,đọc,A1,todo,2,567,False,60,30,Nghĩa có thể minh họa trực tiếp; ưu tiên bài ngắn
check.v.check-basic,check,kiểm tra,A1,todo,2,568,False,60,30,Nghĩa có thể minh họa trực tiếp; ưu tiên bài ngắn
happen.v.happen-basic,happen,xảy ra,A1,todo,2,569,False,60,30,Nghĩa có thể minh họa trực tiếp; ưu tiên bài ngắn
big.adj.size,big,"to, lớn (kích thước)",A1,todo,2,570,False,60,30,Nghĩa có thể minh họa trực tiếp; ưu tiên bài ngắn
small.adj.size,small,"nhỏ, bé",A1,todo,2,571,False,60,30,Nghĩa có thể minh họa trực tiếp; ưu tiên bài ngắn
hard.adj.difficult,hard,"khó (làm, hiểu)",A1,todo,2,572,False,60,30,Nghĩa có thể minh họa trực tiếp; ưu tiên bài ngắn
easy.adj.easy-basic,easy,dễ,A1,todo,2,573,False,60,30,Nghĩa có thể minh họa trực tiếp; ưu tiên bài ngắn
bright.adj.light,bright,sáng (ánh sáng),A1,todo,2,574,False,60,30,Nghĩa có thể minh họa trực tiếp; ưu tiên bài ngắn
dark.adj.dark-basic,dark,"tối, thiếu ánh sáng",A1,todo,2,575,False,60,30,Nghĩa có thể minh họa trực tiếp; ưu tiên bài ngắn
heavy.adj.weight,heavy,nặng (cân nặng),A1,todo,2,576,False,60,30,Nghĩa có thể minh họa trực tiếp; ưu tiên bài ngắn
light.adj.weight,light,nhẹ (cân nặng),A1,todo,2,577,False,60,30,Nghĩa có thể minh họa trực tiếp; ưu tiên bài ngắn
safe.adj.safe-basic,safe,an toàn,A1,todo,2,578,False,60,30,Nghĩa có thể minh họa trực tiếp; ưu tiên bài ngắn
hot.adj.spicy,hot,cay (vị giác),A1,todo,2,579,False,60,30,Nghĩa có thể minh họa trực tiếp; ưu tiên bài ngắn
new.adj.new-basic,new,mới,A1,todo,2,580,False,60,30,Nghĩa có thể minh họa trực tiếp; ưu tiên bài ngắn
old.adj.age-person,old,già (tuổi tác),A1,todo,2,581,False,60,30,Nghĩa có thể minh họa trực tiếp; ưu tiên bài ngắn
old.adj.age-object,old,cũ (đồ vật),A1,todo,2,582,False,60,30,Nghĩa có thể minh họa trực tiếp; ưu tiên bài ngắn
young.adj.young-basic,young,trẻ,A1,todo,2,583,False,60,30,Nghĩa có thể minh họa trực tiếp; ưu tiên bài ngắn
fast.adj.fast-basic,fast,nhanh,A1,todo,2,584,False,60,30,Nghĩa có thể minh họa trực tiếp; ưu tiên bài ngắn
quick.adj.quick-basic,quick,"nhanh, mau lẹ",A1,todo,2,585,False,60,30,Nghĩa có thể minh họa trực tiếp; ưu tiên bài ngắn
slow.adj.slow-basic,slow,chậm,A1,todo,2,586,False,60,30,Nghĩa có thể minh họa trực tiếp; ưu tiên bài ngắn
strong.adj.strong-basic,strong,"khỏe, mạnh (thể chất)",A1,todo,2,587,False,60,30,Nghĩa có thể minh họa trực tiếp; ưu tiên bài ngắn
full.adj.full-basic,full,đầy,A1,todo,2,588,False,60,30,Nghĩa có thể minh họa trực tiếp; ưu tiên bài ngắn
empty.adj.empty-basic,empty,"rỗng, trống",A1,todo,2,589,False,60,30,Nghĩa có thể minh họa trực tiếp; ưu tiên bài ngắn
tall.adj.tall-basic,tall,"cao (người, vật cao)",A1,todo,2,590,False,60,30,Nghĩa có thể minh họa trực tiếp; ưu tiên bài ngắn
short.adj.short-height,short,thấp (người),A1,todo,2,591,False,60,30,Nghĩa có thể minh họa trực tiếp; ưu tiên bài ngắn
short.adj.short-length,short,"ngắn (thời gian, chiều dài)",A1,todo,2,592,False,60,30,Nghĩa có thể minh họa trực tiếp; ưu tiên bài ngắn
long.adj.long-basic,long,dài,A1,todo,2,593,False,60,30,Nghĩa có thể minh họa trực tiếp; ưu tiên bài ngắn
near.adj.near-basic,near,gần,A1,todo,2,594,False,60,30,Nghĩa có thể minh họa trực tiếp; ưu tiên bài ngắn
high.adj.high-basic,high,"cao (mức độ, độ cao)",A1,todo,2,595,False,60,30,Nghĩa có thể minh họa trực tiếp; ưu tiên bài ngắn
low.adj.low-basic,low,thấp (mức độ),A1,todo,2,596,False,60,30,Nghĩa có thể minh họa trực tiếp; ưu tiên bài ngắn
wet.adj.wet-basic,wet,ướt,A1,todo,2,597,False,60,30,Nghĩa có thể minh họa trực tiếp; ưu tiên bài ngắn
soft.adj.soft-basic,soft,mềm,A1,todo,2,598,False,60,30,Nghĩa có thể minh họa trực tiếp; ưu tiên bài ngắn
open.adj.open-basic,open,"mở, đang mở cửa",A1,todo,2,599,False,60,30,Nghĩa có thể minh họa trực tiếp; ưu tiên bài ngắn
closed.adj.closed-basic,closed,"đóng, đóng cửa",A1,todo,2,600,False,60,30,Nghĩa có thể minh họa trực tiếp; ưu tiên bài ngắn
beautiful.adj.beautiful-basic,beautiful,đẹp,A1,todo,2,601,False,60,30,Nghĩa có thể minh họa trực tiếp; ưu tiên bài ngắn
pretty.adj.pretty-basic,pretty,xinh xắn,A1,todo,2,602,False,60,30,Nghĩa có thể minh họa trực tiếp; ưu tiên bài ngắn
good.adj.good-basic,good,"tốt, giỏi",A1,todo,2,603,False,60,30,Nghĩa có thể minh họa trực tiếp; ưu tiên bài ngắn
bad.adj.bad-basic,bad,"xấu, tệ",A1,todo,2,604,False,60,30,Nghĩa có thể minh họa trực tiếp; ưu tiên bài ngắn
wrong.adj.wrong-basic,wrong,sai,A1,todo,2,605,False,60,30,Nghĩa có thể minh họa trực tiếp; ưu tiên bài ngắn
true.adj.true-basic,true,đúng sự thật,A1,todo,2,606,False,60,30,Nghĩa có thể minh họa trực tiếp; ưu tiên bài ngắn
same.adj.same-basic,same,giống nhau,A1,todo,2,607,False,60,30,Nghĩa có thể minh họa trực tiếp; ưu tiên bài ngắn
different.adj.different-basic,different,khác nhau,A1,todo,2,608,False,60,30,Nghĩa có thể minh họa trực tiếp; ưu tiên bài ngắn
smart.adj.smart-intelligent,smart,thông minh,A1,todo,2,609,False,60,30,Nghĩa có thể minh họa trực tiếp; ưu tiên bài ngắn
interesting.adj.interesting-basic,interesting,thú vị,A1,todo,2,610,False,60,30,Nghĩa có thể minh họa trực tiếp; ưu tiên bài ngắn
great.adj.great-basic,great,"tuyệt, xuất sắc",A1,todo,2,611,False,60,30,Nghĩa có thể minh họa trực tiếp; ưu tiên bài ngắn
fine.adj.fine-ok,fine,"ổn, khỏe",A1,todo,2,612,False,60,30,Nghĩa có thể minh họa trực tiếp; ưu tiên bài ngắn
special.adj.special-basic,special,đặc biệt,A1,todo,2,613,False,60,30,Nghĩa có thể minh họa trực tiếp; ưu tiên bài ngắn
important.adj.important-basic,important,quan trọng,A1,todo,2,614,False,60,30,Nghĩa có thể minh họa trực tiếp; ưu tiên bài ngắn
sure.adj.sure-basic,sure,chắc chắn,A1,todo,2,615,False,60,30,Nghĩa có thể minh họa trực tiếp; ưu tiên bài ngắn
ready.adj.ready-basic,ready,sẵn sàng,A1,todo,2,616,False,60,30,Nghĩa có thể minh họa trực tiếp; ưu tiên bài ngắn
healthy.adj.healthy-basic,healthy,khỏe mạnh,A1,todo,2,617,False,60,30,Nghĩa có thể minh họa trực tiếp; ưu tiên bài ngắn
sick.adj.sick-basic,sick,"ốm, bệnh",A1,todo,2,618,False,60,30,Nghĩa có thể minh họa trực tiếp; ưu tiên bài ngắn
fat.adj.fat-basic,fat,"béo, mập",A1,todo,2,619,False,60,30,Nghĩa có thể minh họa trực tiếp; ưu tiên bài ngắn
close.adj.close-distance,close,gần,A1,todo,2,620,False,60,30,Nghĩa có thể minh họa trực tiếp; ưu tiên bài ngắn
lucky.adj.lucky-basic,lucky,may mắn,A1,todo,2,621,False,60,30,Nghĩa có thể minh họa trực tiếp; ưu tiên bài ngắn
art.n,art,nghệ thuật,A1,todo,3,622,False,60,30,Nghĩa có thể minh họa trực tiếp; ưu tiên bài ngắn
feeling.n,feeling,cảm giác,A1,todo,3,623,False,60,30,Nghĩa có thể minh họa trực tiếp; ưu tiên bài ngắn
love.n,love,tình yêu,A1,todo,3,624,False,60,30,Nghĩa có thể minh họa trực tiếp; ưu tiên bài ngắn
letter.n,letter,bức thư,A1,todo,3,625,False,60,30,Nghĩa có thể minh họa trực tiếp; ưu tiên bài ngắn
sentence.n.grammar,sentence,câu (ngữ pháp),A1,todo,3,626,False,60,30,Nghĩa có thể minh họa trực tiếp; ưu tiên bài ngắn
word.n,word,từ,A1,todo,3,627,False,60,30,Nghĩa có thể minh họa trực tiếp; ưu tiên bài ngắn
verb.n,verb,động từ,A1,todo,3,628,False,60,30,Nghĩa có thể minh họa trực tiếp; ưu tiên bài ngắn
noun.n,noun,danh từ,A1,todo,3,629,False,60,30,Nghĩa có thể minh họa trực tiếp; ưu tiên bài ngắn
adjective.n,adjective,tính từ,A1,todo,3,630,False,60,30,Nghĩa có thể minh họa trực tiếp; ưu tiên bài ngắn
science.n,science,khoa học,A1,todo,3,631,False,60,30,Nghĩa có thể minh họa trực tiếp; ưu tiên bài ngắn
mathematics.n,mathematics,toán học,A1,todo,3,632,False,60,30,Nghĩa có thể minh họa trực tiếp; ưu tiên bài ngắn
o'clock.adv,o'clock,giờ đúng,A1,todo,3,633,False,60,30,Nghĩa có thể minh họa trực tiếp; ưu tiên bài ngắn
once.adv,once,một lần,A1,todo,3,634,False,60,30,Nghĩa có thể minh họa trực tiếp; ưu tiên bài ngắn
twice.adv,twice,hai lần,A1,todo,3,635,False,60,30,Nghĩa có thể minh họa trực tiếp; ưu tiên bài ngắn
soon.adv,soon,sớm thôi,A1,todo,3,636,False,60,30,Nghĩa có thể minh họa trực tiếp; ưu tiên bài ngắn
later.adv,later,sau đó,A1,todo,3,637,False,60,30,Nghĩa có thể minh họa trực tiếp; ưu tiên bài ngắn
about.adv.approx,about,khoảng chừng,A1,todo,3,638,False,60,30,Nghĩa có thể minh họa trực tiếp; ưu tiên bài ngắn
part.n.portion,part,"phần, một phần của cái gì",A1,todo,3,639,False,60,30,Nghĩa có thể minh họa trực tiếp; ưu tiên bài ngắn
back.n.rear,back,"phía sau, mặt sau (của vật)",A1,todo,3,640,False,60,30,Nghĩa có thể minh họa trực tiếp; ưu tiên bài ngắn
place.n.location-basic,place,"nơi chốn, địa điểm",A1,todo,3,641,False,60,30,Nghĩa có thể minh họa trực tiếp; ưu tiên bài ngắn
thing.n.object-basic,thing,"đồ vật, vật thể",A1,todo,3,642,False,60,30,Nghĩa có thể minh họa trực tiếp; ưu tiên bài ngắn
world.n.earth,world,"thế giới, trái đất",A1,todo,3,643,False,60,30,Nghĩa có thể minh họa trực tiếp; ưu tiên bài ngắn
end.n.conclusion,end,"sự kết thúc, phần cuối",A1,todo,3,644,False,60,30,Nghĩa có thể minh họa trực tiếp; ưu tiên bài ngắn
side.n.surface-side,side,"mặt bên, phía bên",A1,todo,3,645,False,60,30,Nghĩa có thể minh họa trực tiếp; ưu tiên bài ngắn
present.n.gift-noun,present,quà tặng,A1,todo,3,646,False,60,30,Nghĩa có thể minh họa trực tiếp; ưu tiên bài ngắn
type.n.category-basic,type,"loại, kiểu",A1,todo,3,647,False,60,30,Nghĩa có thể minh họa trực tiếp; ưu tiên bài ngắn
fire.n.flame,fire,lửa,A1,todo,3,648,False,60,30,Nghĩa có thể minh họa trực tiếp; ưu tiên bài ngắn
rest.n.relaxation,rest,sự nghỉ ngơi,A1,todo,3,649,False,60,30,Nghĩa có thể minh họa trực tiếp; ưu tiên bài ngắn
sound.n.noise,sound,âm thanh,A1,todo,3,650,False,60,30,Nghĩa có thể minh họa trực tiếp; ưu tiên bài ngắn
ground.n.earth-surface,ground,mặt đất,A1,todo,3,651,False,60,30,Nghĩa có thể minh họa trực tiếp; ưu tiên bài ngắn
party.n.celebration,party,bữa tiệc,A1,todo,3,652,False,60,30,Nghĩa có thể minh họa trực tiếp; ưu tiên bài ngắn
plan.n.scheme,plan,kế hoạch,A1,todo,3,653,False,60,30,Nghĩa có thể minh họa trực tiếp; ưu tiên bài ngắn
show.n.program,show,chương trình biểu diễn,A1,todo,3,654,False,60,30,Nghĩa có thể minh họa trực tiếp; ưu tiên bài ngắn
step.n.footstep,step,"bước chân, bước đi",A1,todo,3,655,False,60,30,Nghĩa có thể minh họa trực tiếp; ưu tiên bài ngắn
top.n.summit,top,"đỉnh, phần trên cùng",A1,todo,3,656,False,60,30,Nghĩa có thể minh họa trực tiếp; ưu tiên bài ngắn
voice.n.speech-voice,voice,giọng nói,A1,todo,3,657,False,60,30,Nghĩa có thể minh họa trực tiếp; ưu tiên bài ngắn
age.n.years-old,age,tuổi,A1,todo,3,658,False,60,30,Nghĩa có thể minh họa trực tiếp; ưu tiên bài ngắn
book.n.literature,book,quyển sách,A1,todo,3,659,False,60,30,Nghĩa có thể minh họa trực tiếp; ưu tiên bài ngắn
fall.n.autumn,fall,mùa thu (cách gọi ở Mỹ),A1,todo,3,660,False,60,30,Nghĩa có thể minh họa trực tiếp; ưu tiên bài ngắn
very.adv,very,rất,A1,todo,3,661,False,60,30,Nghĩa có thể minh họa trực tiếp; ưu tiên bài ngắn
really.adv,really,thực sự,A1,todo,3,662,False,60,30,Nghĩa có thể minh họa trực tiếp; ưu tiên bài ngắn
get on.phr.board-vehicle,get on,"lên xe buýt, lên tàu",A1,todo,3,663,False,60,30,Nghĩa có thể minh họa trực tiếp; ưu tiên bài ngắn
get off.phr.alight,get off,"xuống xe buýt, xuống tàu",A1,todo,3,664,False,60,30,Nghĩa có thể minh họa trực tiếp; ưu tiên bài ngắn
get in.phr.enter,get in,"vào bên trong (nhà, xe)",A1,todo,3,665,False,60,30,Nghĩa có thể minh họa trực tiếp; ưu tiên bài ngắn
get out.phr.exit,get out,"ra ngoài, thoát ra",A1,todo,3,666,False,60,30,Nghĩa có thể minh họa trực tiếp; ưu tiên bài ngắn
take out.phr.remove-item,take out,lấy ra,A1,todo,3,667,False,60,30,Nghĩa có thể minh họa trực tiếp; ưu tiên bài ngắn
pick up.phr.lift-object,pick up,"nhặt lên, cầm lên",A1,todo,3,668,False,60,30,Nghĩa có thể minh họa trực tiếp; ưu tiên bài ngắn
come back.phr.return,come back,quay trở lại,A1,todo,3,669,False,60,30,Nghĩa có thể minh họa trực tiếp; ưu tiên bài ngắn
come in.phr.enter-casual,come in,đi vào trong,A1,todo,3,670,False,60,30,Nghĩa có thể minh họa trực tiếp; ưu tiên bài ngắn
go out.phr.socialize,go out,"ra ngoài chơi, giải trí",A1,todo,3,671,False,60,30,Nghĩa có thể minh họa trực tiếp; ưu tiên bài ngắn
go back.phr.return,go back,quay trở lại,A1,todo,3,672,False,60,30,Nghĩa có thể minh họa trực tiếp; ưu tiên bài ngắn
turn on.phr.switch-on,turn on,bật (thiết bị),A1,todo,3,673,False,60,30,Nghĩa có thể minh họa trực tiếp; ưu tiên bài ngắn
switch on.phr.power-on,switch on,bật (thiết bị),A1,todo,3,674,False,60,30,Nghĩa có thể minh họa trực tiếp; ưu tiên bài ngắn
write down.phr.note-down,write down,ghi lại,A1,todo,3,675,False,60,30,Nghĩa có thể minh họa trực tiếp; ưu tiên bài ngắn
wait for.phr.await,wait for,chờ đợi,A1,todo,3,676,False,60,30,Nghĩa có thể minh họa trực tiếp; ưu tiên bài ngắn
tidy up.phr.tidy-room,tidy up,dọn dẹp gọn gàng,A1,todo,3,677,False,60,30,Nghĩa có thể minh họa trực tiếp; ưu tiên bài ngắn
hurry up.phr.hurry,hurry up,nhanh lên,A1,todo,3,678,False,60,30,Nghĩa có thể minh họa trực tiếp; ưu tiên bài ngắn
talk.v,talk,nói chuyện,A1,todo,4,679,True,100,60,"Cần đối chiếu cách dùng dễ nhầm, chỉ dạy nghĩa đã chọn"
speak.v,speak,"nói, phát biểu",A1,todo,4,680,True,100,60,"Cần đối chiếu cách dùng dễ nhầm, chỉ dạy nghĩa đã chọn"
say.v,say,nói (điều gì),A1,todo,4,681,True,100,60,"Cần đối chiếu cách dùng dễ nhầm, chỉ dạy nghĩa đã chọn"
tell.v,tell,"kể, nói cho biết",A1,todo,4,682,True,100,60,"Cần đối chiếu cách dùng dễ nhầm, chỉ dạy nghĩa đã chọn"
listen.v,listen,lắng nghe,A1,todo,4,683,True,100,60,"Cần đối chiếu cách dùng dễ nhầm, chỉ dạy nghĩa đã chọn"
rule.n.law,rule,"quy tắc, quy định",A1,todo,4,684,True,100,60,Nghĩa trừu tượng hoặc quan hệ xã hội cần tình huống và hậu quả
fact.n,fact,sự thật (khoa học),A1,todo,4,685,True,100,60,Nghĩa trừu tượng hoặc quan hệ xã hội cần tình huống và hậu quả
often.adv,often,thường xuyên,A1,todo,4,686,True,100,60,Phạm vi/tần suất hoặc sắc thái cần đối chiếu trong câu
always.adv,always,luôn luôn,A1,todo,4,687,True,100,60,Phạm vi/tần suất hoặc sắc thái cần đối chiếu trong câu
never.adv,never,không bao giờ,A1,todo,4,688,True,100,60,Phạm vi/tần suất hoặc sắc thái cần đối chiếu trong câu
sometimes.adv,sometimes,thỉnh thoảng,A1,todo,4,689,True,100,60,Phạm vi/tần suất hoặc sắc thái cần đối chiếu trong câu
usually.adv,usually,thường thì,A1,todo,4,690,True,100,60,Phạm vi/tần suất hoặc sắc thái cần đối chiếu trong câu
ago.adv,ago,cách đây,A1,todo,4,691,True,100,60,Phạm vi/tần suất hoặc sắc thái cần đối chiếu trong câu
way.n.method,way,"cách, phương pháp làm gì",A1,todo,4,692,True,100,60,Nghĩa trừu tượng hoặc quan hệ xã hội cần tình huống và hậu quả
way.n.route,way,"con đường, lối đi",A1,todo,4,693,True,100,60,Nghĩa trừu tượng hoặc quan hệ xã hội cần tình huống và hậu quả
fact.n.truth,fact,"sự thật, sự việc có thật",A1,todo,4,694,True,100,60,Nghĩa trừu tượng hoặc quan hệ xã hội cần tình huống và hậu quả
kind.n.type,kind,"loại, chủng loại",A1,todo,4,695,True,100,60,Nghĩa trừu tượng hoặc quan hệ xã hội cần tình huống và hậu quả
right.n.direction,right,phía bên phải,A1,todo,4,696,True,100,60,Nghĩa trừu tượng hoặc quan hệ xã hội cần tình huống và hậu quả
reason.n.cause-basic,reason,lý do,A1,todo,4,697,True,100,60,Nghĩa trừu tượng hoặc quan hệ xã hội cần tình huống và hậu quả
chance.n.opportunity,chance,cơ hội,A1,todo,4,698,True,100,60,Nghĩa trừu tượng hoặc quan hệ xã hội cần tình huống và hậu quả
idea.n.concept,idea,ý tưởng,A1,todo,4,699,True,100,60,Nghĩa trừu tượng hoặc quan hệ xã hội cần tình huống và hậu quả
course.n.study-course,course,khóa học,A1,todo,4,700,True,100,60,Nghĩa trừu tượng hoặc quan hệ xã hội cần tình huống và hậu quả
do.v.perform,do,làm (việc gì đó),A1,todo,4,701,True,100,60,"Cần đối chiếu cách dùng dễ nhầm, chỉ dạy nghĩa đã chọn"
make.v.create,make,"làm ra, chế tạo",A1,todo,4,702,True,100,60,"Cần đối chiếu cách dùng dễ nhầm, chỉ dạy nghĩa đã chọn"
take.v.grab,take,"lấy, cầm",A1,todo,4,703,True,100,60,"Cần đối chiếu cách dùng dễ nhầm, chỉ dạy nghĩa đã chọn"
take.v.carry-along,take,"mang theo, đưa đi",A1,todo,4,704,True,100,60,"Cần đối chiếu cách dùng dễ nhầm, chỉ dạy nghĩa đã chọn"
take.v.photo,take,chụp (ảnh),A1,todo,4,705,True,100,60,"Cần đối chiếu cách dùng dễ nhầm, chỉ dạy nghĩa đã chọn"
bring.v.carry-to,bring,mang đến,A1,todo,4,706,True,100,60,"Cần đối chiếu cách dùng dễ nhầm, chỉ dạy nghĩa đã chọn"
need.v.require-basic,need,cần,A1,todo,4,707,True,100,60,Nghĩa trừu tượng hoặc quan hệ xã hội cần tình huống và hậu quả
see.v.perceive,see,nhìn thấy,A1,todo,4,708,True,100,60,"Cần đối chiếu cách dùng dễ nhầm, chỉ dạy nghĩa đã chọn"
look.v.glance,look,nhìn,A1,todo,4,709,True,100,60,"Cần đối chiếu cách dùng dễ nhầm, chỉ dạy nghĩa đã chọn"
look.v.appear-look,look,trông có vẻ,A1,todo,4,710,True,100,60,"Cần đối chiếu cách dùng dễ nhầm, chỉ dạy nghĩa đã chọn"
learn.v.acquire-knowledge,learn,học,A1,todo,4,711,True,100,60,"Cần đối chiếu cách dùng dễ nhầm, chỉ dạy nghĩa đã chọn"
believe.v.believe-basic,believe,tin,A1,todo,4,712,True,100,60,Nghĩa trừu tượng hoặc quan hệ xã hội cần tình huống và hậu quả
watch.v.watch-basic,watch,"xem, theo dõi",A1,todo,4,713,True,100,60,"Cần đối chiếu cách dùng dễ nhầm, chỉ dạy nghĩa đã chọn"
hear.v.hear-basic,hear,nghe thấy,A1,todo,4,714,True,100,60,"Cần đối chiếu cách dùng dễ nhầm, chỉ dạy nghĩa đã chọn"
wear.v.wear-clothes,wear,"mặc, đội, mang",A1,todo,4,715,True,100,60,"Cần đối chiếu cách dùng dễ nhầm, chỉ dạy nghĩa đã chọn"
hope.v.hope-basic,hope,hy vọng,A1,todo,4,716,True,100,60,Nghĩa trừu tượng hoặc quan hệ xã hội cần tình huống và hậu quả
little.adj.size-cute,little,"nhỏ, bé xinh",A1,todo,4,717,True,100,60,"Cần đối chiếu cách dùng dễ nhầm, chỉ dạy nghĩa đã chọn"
right.adj.right-correct,right,đúng,A1,todo,4,718,True,100,60,Nghĩa trừu tượng hoặc quan hệ xã hội cần tình huống và hậu quả
too.adv,too,quá (mức không mong muốn),A1,todo,4,719,True,100,60,"Cần đối chiếu cách dùng dễ nhầm, chỉ dạy nghĩa đã chọn"
just.adv,just,"chỉ, vừa mới",A1,todo,4,720,True,100,60,Phạm vi/tần suất hoặc sắc thái cần đối chiếu trong câu
only.adv,only,chỉ,A1,todo,4,721,True,100,60,Phạm vi/tần suất hoặc sắc thái cần đối chiếu trong câu
get back.phr.return,get back,trở về,A1,todo,4,722,True,100,60,Cụm từ khó suy nghĩa từ từng thành phần
put down.phr.place,put down,đặt xuống,A1,todo,4,723,True,100,60,Cụm từ khó suy nghĩa từ từng thành phần
look for.phr.search,look for,tìm kiếm,A1,todo,4,724,True,100,60,Cụm từ khó suy nghĩa từ từng thành phần
look like.phr.resemble,look like,trông giống như,A1,todo,4,725,True,100,60,Cụm từ khó suy nghĩa từ từng thành phần
agree with.phr.concur,agree with,đồng ý với,A1,todo,4,726,True,100,60,Cụm từ khó suy nghĩa từ từng thành phần
worry about.phr.worry,worry about,lo lắng về,A1,todo,4,727,True,100,60,Cụm từ khó suy nghĩa từ từng thành phần
a few.det,a few,một vài,A1,todo,5,728,True,100,60,"Quan hệ ngữ pháp/cách dùng cần ngữ cảnh và lượt chọn câu; Cần đối chiếu cách dùng dễ nhầm, chỉ dạy nghĩa đã chọn"
a little.det,a little,một chút,A1,todo,5,729,True,100,60,"Quan hệ ngữ pháp/cách dùng cần ngữ cảnh và lượt chọn câu; Cần đối chiếu cách dùng dễ nhầm, chỉ dạy nghĩa đã chọn"
many.det,many,nhiều (đếm được),A1,todo,5,730,True,100,60,"Quan hệ ngữ pháp/cách dùng cần ngữ cảnh và lượt chọn câu; Cần đối chiếu cách dùng dễ nhầm, chỉ dạy nghĩa đã chọn"
much.det,much,nhiều (không đếm được),A1,todo,5,731,True,100,60,"Quan hệ ngữ pháp/cách dùng cần ngữ cảnh và lượt chọn câu; Cần đối chiếu cách dùng dễ nhầm, chỉ dạy nghĩa đã chọn"
a lot of.det,a lot of,nhiều,A1,todo,5,732,True,100,60,Quan hệ ngữ pháp/cách dùng cần ngữ cảnh và lượt chọn câu
enough.det,enough,đủ,A1,todo,5,733,True,100,60,"Quan hệ ngữ pháp/cách dùng cần ngữ cảnh và lượt chọn câu; Cần đối chiếu cách dùng dễ nhầm, chỉ dạy nghĩa đã chọn"
more.det,more,nhiều hơn,A1,todo,5,734,True,100,60,Quan hệ ngữ pháp/cách dùng cần ngữ cảnh và lượt chọn câu
of.prep,of,của,A1,todo,5,735,True,100,60,Quan hệ ngữ pháp/cách dùng cần ngữ cảnh và lượt chọn câu
to.prep,to,"đến, tới",A1,todo,5,736,True,100,60,Quan hệ ngữ pháp/cách dùng cần ngữ cảnh và lượt chọn câu
in.prep,in,trong,A1,todo,5,737,True,100,60,Quan hệ ngữ pháp/cách dùng cần ngữ cảnh và lượt chọn câu
on.prep,on,"trên, vào (ngày)",A1,todo,5,738,True,100,60,Quan hệ ngữ pháp/cách dùng cần ngữ cảnh và lượt chọn câu
at.prep,at,tại,A1,todo,5,739,True,100,60,Quan hệ ngữ pháp/cách dùng cần ngữ cảnh và lượt chọn câu
for.prep,for,"cho, vì",A1,todo,5,740,True,100,60,Quan hệ ngữ pháp/cách dùng cần ngữ cảnh và lượt chọn câu
with.prep,with,"với, cùng",A1,todo,5,741,True,100,60,Quan hệ ngữ pháp/cách dùng cần ngữ cảnh và lượt chọn câu
without.prep,without,không có,A1,todo,5,742,True,100,60,Quan hệ ngữ pháp/cách dùng cần ngữ cảnh và lượt chọn câu
from.prep,from,từ,A1,todo,5,743,True,100,60,Quan hệ ngữ pháp/cách dùng cần ngữ cảnh và lượt chọn câu
by.prep,by,"bởi, bằng (phương tiện)",A1,todo,5,744,True,100,60,Quan hệ ngữ pháp/cách dùng cần ngữ cảnh và lượt chọn câu
about.prep,about,về (chủ đề),A1,todo,5,745,True,100,60,Quan hệ ngữ pháp/cách dùng cần ngữ cảnh và lượt chọn câu
and.conj,and,và,A1,todo,5,746,True,100,60,Quan hệ ngữ pháp/cách dùng cần ngữ cảnh và lượt chọn câu
or.conj,or,hoặc,A1,todo,5,747,True,100,60,Quan hệ ngữ pháp/cách dùng cần ngữ cảnh và lượt chọn câu
but.conj,but,nhưng,A1,todo,5,748,True,100,60,Quan hệ ngữ pháp/cách dùng cần ngữ cảnh và lượt chọn câu
so.conj,so,"nên, vì vậy",A1,todo,5,749,True,100,60,Quan hệ ngữ pháp/cách dùng cần ngữ cảnh và lượt chọn câu
because.conj,because,bởi vì,A1,todo,5,750,True,100,60,Quan hệ ngữ pháp/cách dùng cần ngữ cảnh và lượt chọn câu
if.conj,if,nếu,A1,todo,5,751,True,100,60,Quan hệ ngữ pháp/cách dùng cần ngữ cảnh và lượt chọn câu
before.conj,before,trước khi,A1,todo,5,752,True,100,60,Quan hệ ngữ pháp/cách dùng cần ngữ cảnh và lượt chọn câu
after.conj,after,sau khi,A1,todo,5,753,True,100,60,Quan hệ ngữ pháp/cách dùng cần ngữ cảnh và lượt chọn câu
myself.pron,myself,chính tôi,A1,todo,5,754,True,100,60,Quan hệ ngữ pháp/cách dùng cần ngữ cảnh và lượt chọn câu
yourself.pron,yourself,chính bạn,A1,todo,5,755,True,100,60,Quan hệ ngữ pháp/cách dùng cần ngữ cảnh và lượt chọn câu
himself.pron,himself,chính anh ấy,A1,todo,5,756,True,100,60,Quan hệ ngữ pháp/cách dùng cần ngữ cảnh và lượt chọn câu
herself.pron,herself,chính cô ấy,A1,todo,5,757,True,100,60,Quan hệ ngữ pháp/cách dùng cần ngữ cảnh và lượt chọn câu
itself.pron,itself,chính nó,A1,todo,5,758,True,100,60,Quan hệ ngữ pháp/cách dùng cần ngữ cảnh và lượt chọn câu
ourselves.pron,ourselves,chính chúng tôi,A1,todo,5,759,True,100,60,Quan hệ ngữ pháp/cách dùng cần ngữ cảnh và lượt chọn câu
themselves.pron,themselves,chính họ,A1,todo,5,760,True,100,60,Quan hệ ngữ pháp/cách dùng cần ngữ cảnh và lượt chọn câu
someone.pron,someone,ai đó,A1,todo,5,761,True,100,60,Quan hệ ngữ pháp/cách dùng cần ngữ cảnh và lượt chọn câu
anyone.pron,anyone,bất kỳ ai,A1,todo,5,762,True,100,60,Quan hệ ngữ pháp/cách dùng cần ngữ cảnh và lượt chọn câu
everyone.pron,everyone,mọi người,A1,todo,5,763,True,100,60,Quan hệ ngữ pháp/cách dùng cần ngữ cảnh và lượt chọn câu
no one.pron,no one,không ai,A1,todo,5,764,True,100,60,Quan hệ ngữ pháp/cách dùng cần ngữ cảnh và lượt chọn câu
something.pron,something,thứ gì đó,A1,todo,5,765,True,100,60,Quan hệ ngữ pháp/cách dùng cần ngữ cảnh và lượt chọn câu
anything.pron,anything,bất cứ thứ gì,A1,todo,5,766,True,100,60,Quan hệ ngữ pháp/cách dùng cần ngữ cảnh và lượt chọn câu
everything.pron,everything,mọi thứ,A1,todo,5,767,True,100,60,Quan hệ ngữ pháp/cách dùng cần ngữ cảnh và lượt chọn câu
nothing.pron,nothing,không có gì,A1,todo,5,768,True,100,60,Quan hệ ngữ pháp/cách dùng cần ngữ cảnh và lượt chọn câu
somewhere.pron,somewhere,nơi nào đó,A1,todo,5,769,True,100,60,Quan hệ ngữ pháp/cách dùng cần ngữ cảnh và lượt chọn câu
anywhere.pron,anywhere,bất cứ đâu,A1,todo,5,770,True,100,60,Quan hệ ngữ pháp/cách dùng cần ngữ cảnh và lượt chọn câu
everywhere.pron,everywhere,khắp mọi nơi,A1,todo,5,771,True,100,60,Quan hệ ngữ pháp/cách dùng cần ngữ cảnh và lượt chọn câu
both.pron,both,cả hai,A1,todo,5,772,True,100,60,Quan hệ ngữ pháp/cách dùng cần ngữ cảnh và lượt chọn câu
the.det,the,"từ hạn định xác định (cái, con, người đã biết)",A1,todo,5,773,True,100,60,Quan hệ ngữ pháp/cách dùng cần ngữ cảnh và lượt chọn câu
a.det,a,từ hạn định không xác định (một),A1,todo,5,774,True,100,60,Quan hệ ngữ pháp/cách dùng cần ngữ cảnh và lượt chọn câu
an.det,an,từ hạn định không xác định trước nguyên âm,A1,todo,5,775,True,100,60,Quan hệ ngữ pháp/cách dùng cần ngữ cảnh và lượt chọn câu
this.det,this,cái này,A1,todo,5,776,True,100,60,Quan hệ ngữ pháp/cách dùng cần ngữ cảnh và lượt chọn câu
that.det,that,cái đó,A1,todo,5,777,True,100,60,Quan hệ ngữ pháp/cách dùng cần ngữ cảnh và lượt chọn câu
these.det,these,những cái này,A1,todo,5,778,True,100,60,Quan hệ ngữ pháp/cách dùng cần ngữ cảnh và lượt chọn câu
those.det,those,những cái đó,A1,todo,5,779,True,100,60,Quan hệ ngữ pháp/cách dùng cần ngữ cảnh và lượt chọn câu
each.det,each,mỗi,A1,todo,5,780,True,100,60,Quan hệ ngữ pháp/cách dùng cần ngữ cảnh và lượt chọn câu
every.det,every,mọi,A1,todo,5,781,True,100,60,Quan hệ ngữ pháp/cách dùng cần ngữ cảnh và lượt chọn câu
all.det,all,tất cả,A1,todo,5,782,True,100,60,Quan hệ ngữ pháp/cách dùng cần ngữ cảnh và lượt chọn câu
some.det,some,một số,A1,todo,5,783,True,100,60,Quan hệ ngữ pháp/cách dùng cần ngữ cảnh và lượt chọn câu
any.det,any,bất kỳ,A1,todo,5,784,True,100,60,Quan hệ ngữ pháp/cách dùng cần ngữ cảnh và lượt chọn câu
no.det,no,không có (phủ định danh từ),A1,todo,5,785,True,100,60,Quan hệ ngữ pháp/cách dùng cần ngữ cảnh và lượt chọn câu
other.det,other,khác,A1,todo,5,786,True,100,60,Quan hệ ngữ pháp/cách dùng cần ngữ cảnh và lượt chọn câu
another.det,another,một cái khác,A1,todo,5,787,True,100,60,Quan hệ ngữ pháp/cách dùng cần ngữ cảnh và lượt chọn câu
my.det,my,của tôi,A1,todo,5,788,True,100,60,Quan hệ ngữ pháp/cách dùng cần ngữ cảnh và lượt chọn câu
your.det,your,của bạn,A1,todo,5,789,True,100,60,Quan hệ ngữ pháp/cách dùng cần ngữ cảnh và lượt chọn câu
his.det,his,của anh ấy,A1,todo,5,790,True,100,60,Quan hệ ngữ pháp/cách dùng cần ngữ cảnh và lượt chọn câu
her.det,her,của cô ấy,A1,todo,5,791,True,100,60,Quan hệ ngữ pháp/cách dùng cần ngữ cảnh và lượt chọn câu
its.det,its,của nó,A1,todo,5,792,True,100,60,Quan hệ ngữ pháp/cách dùng cần ngữ cảnh và lượt chọn câu
our.det,our,của chúng tôi,A1,todo,5,793,True,100,60,Quan hệ ngữ pháp/cách dùng cần ngữ cảnh và lượt chọn câu
their.det,their,của họ,A1,todo,5,794,True,100,60,Quan hệ ngữ pháp/cách dùng cần ngữ cảnh và lượt chọn câu
alarm.n,alarm,chuông báo thức,A2,todo,1,795,False,60,45,Nghĩa có thể minh họa trực tiếp; ưu tiên bài ngắn
shampoo.n,shampoo,dầu gội,A2,todo,1,796,False,60,45,Nghĩa có thể minh họa trực tiếp; ưu tiên bài ngắn
snack.n,snack,"bữa phụ, đồ ăn vặt",A2,todo,1,797,False,60,45,Nghĩa có thể minh họa trực tiếp; ưu tiên bài ngắn
trash.n,trash,rác,A2,todo,1,798,False,60,45,Nghĩa có thể minh họa trực tiếp; ưu tiên bài ngắn
bin.n,bin,thùng rác,A2,todo,1,799,False,60,45,Nghĩa có thể minh họa trực tiếp; ưu tiên bài ngắn
midnight.n,midnight,nửa đêm,A2,todo,1,800,False,60,45,Nghĩa có thể minh họa trực tiếp; ưu tiên bài ngắn
noon.n,noon,giữa trưa,A2,todo,1,801,False,60,45,Nghĩa có thể minh họa trực tiếp; ưu tiên bài ngắn
weekday.n,weekday,ngày trong tuần,A2,todo,1,802,False,60,45,Nghĩa có thể minh họa trực tiếp; ưu tiên bài ngắn
doorbell.n,doorbell,chuông cửa,A2,todo,1,803,False,60,45,Nghĩa có thể minh họa trực tiếp; ưu tiên bài ngắn
neighbour.n,neighbour,hàng xóm,A2,todo,1,804,False,60,45,Nghĩa có thể minh họa trực tiếp; ưu tiên bài ngắn
tap.n.water,tap,vòi nước,A2,todo,1,805,False,60,45,Nghĩa có thể minh họa trực tiếp; ưu tiên bài ngắn
plug.n,plug,phích cắm điện,A2,todo,1,806,False,60,45,Nghĩa có thể minh họa trực tiếp; ưu tiên bài ngắn
battery.n,battery,pin,A2,todo,1,807,False,60,45,Nghĩa có thể minh họa trực tiếp; ưu tiên bài ngắn
calendar.n,calendar,lịch,A2,todo,1,808,False,60,45,Nghĩa có thể minh họa trực tiếp; ưu tiên bài ngắn
teenager.n,teenager,thiếu niên,A2,todo,1,809,False,60,45,Nghĩa có thể minh họa trực tiếp; ưu tiên bài ngắn
adult.n,adult,người trưởng thành,A2,todo,1,810,False,60,45,Nghĩa có thể minh họa trực tiếp; ưu tiên bài ngắn
twin.n,twin,anh chị em sinh đôi,A2,todo,1,811,False,60,45,Nghĩa có thể minh họa trực tiếp; ưu tiên bài ngắn
grandchild.n,grandchild,cháu nội ngoại,A2,todo,1,812,False,60,45,Nghĩa có thể minh họa trực tiếp; ưu tiên bài ngắn
nephew.n,nephew,cháu trai,A2,todo,1,813,False,60,45,Nghĩa có thể minh họa trực tiếp; ưu tiên bài ngắn
niece.n,niece,cháu gái,A2,todo,1,814,False,60,45,Nghĩa có thể minh họa trực tiếp; ưu tiên bài ngắn
relative.n,relative,người họ hàng,A2,todo,1,815,False,60,45,Nghĩa có thể minh họa trực tiếp; ưu tiên bài ngắn
wedding.n,wedding,đám cưới,A2,todo,1,816,False,60,45,Nghĩa có thể minh họa trực tiếp; ưu tiên bài ngắn
couple.n,couple,cặp đôi,A2,todo,1,817,False,60,45,Nghĩa có thể minh họa trực tiếp; ưu tiên bài ngắn
roommate.n,roommate,bạn cùng phòng,A2,todo,1,818,False,60,45,Nghĩa có thể minh họa trực tiếp; ưu tiên bài ngắn
guest.n,guest,khách,A2,todo,1,819,False,60,45,Nghĩa có thể minh họa trực tiếp; ưu tiên bài ngắn
gift.n,gift,món quà,A2,todo,1,820,False,60,45,Nghĩa có thể minh họa trực tiếp; ưu tiên bài ngắn
birth.n,birth,sự ra đời,A2,todo,1,821,False,60,45,Nghĩa có thể minh họa trực tiếp; ưu tiên bài ngắn
lip.n,lip,môi,A2,todo,1,822,False,60,45,Nghĩa có thể minh họa trực tiếp; ưu tiên bài ngắn
tongue.n,tongue,lưỡi,A2,todo,1,823,False,60,45,Nghĩa có thể minh họa trực tiếp; ưu tiên bài ngắn
shoulder.n,shoulder,vai,A2,todo,1,824,False,60,45,Nghĩa có thể minh họa trực tiếp; ưu tiên bài ngắn
thumb.n,thumb,ngón cái,A2,todo,1,825,False,60,45,Nghĩa có thể minh họa trực tiếp; ưu tiên bài ngắn
nail.n.finger,nail,móng tay,A2,todo,1,826,False,60,45,Nghĩa có thể minh họa trực tiếp; ưu tiên bài ngắn
chest.n,chest,ngực,A2,todo,1,827,False,60,45,Nghĩa có thể minh họa trực tiếp; ưu tiên bài ngắn
stomach.n,stomach,"bụng, dạ dày",A2,todo,1,828,False,60,45,Nghĩa có thể minh họa trực tiếp; ưu tiên bài ngắn
knee.n,knee,đầu gối,A2,todo,1,829,False,60,45,Nghĩa có thể minh họa trực tiếp; ưu tiên bài ngắn
toe.n,toe,ngón chân,A2,todo,1,830,False,60,45,Nghĩa có thể minh họa trực tiếp; ưu tiên bài ngắn
skin.n,skin,da,A2,todo,1,831,False,60,45,Nghĩa có thể minh họa trực tiếp; ưu tiên bài ngắn
bone.n,bone,xương,A2,todo,1,832,False,60,45,Nghĩa có thể minh họa trực tiếp; ưu tiên bài ngắn
blood.n,blood,máu,A2,todo,1,833,False,60,45,Nghĩa có thể minh họa trực tiếp; ưu tiên bài ngắn
brain.n,brain,não,A2,todo,1,834,False,60,45,Nghĩa có thể minh họa trực tiếp; ưu tiên bài ngắn
pain.n,pain,cơn đau,A2,todo,1,835,False,60,45,Nghĩa có thể minh họa trực tiếp; ưu tiên bài ngắn
fever.n,fever,cơn sốt,A2,todo,1,836,False,60,45,Nghĩa có thể minh họa trực tiếp; ưu tiên bài ngắn
flu.n,flu,cúm,A2,todo,1,837,False,60,45,Nghĩa có thể minh họa trực tiếp; ưu tiên bài ngắn
headache.n,headache,đau đầu,A2,todo,1,838,False,60,45,Nghĩa có thể minh họa trực tiếp; ưu tiên bài ngắn
stomachache.n,stomachache,đau bụng,A2,todo,1,839,False,60,45,Nghĩa có thể minh họa trực tiếp; ưu tiên bài ngắn
toothache.n,toothache,đau răng,A2,todo,1,840,False,60,45,Nghĩa có thể minh họa trực tiếp; ưu tiên bài ngắn
diet.n,diet,chế độ ăn,A2,todo,1,841,False,60,45,Nghĩa có thể minh họa trực tiếp; ưu tiên bài ngắn
vitamin.n,vitamin,vitamin,A2,todo,1,842,False,60,45,Nghĩa có thể minh họa trực tiếp; ưu tiên bài ngắn
weight.n,weight,cân nặng,A2,todo,1,843,False,60,45,Nghĩa có thể minh họa trực tiếp; ưu tiên bài ngắn
clinic.n,clinic,phòng khám,A2,todo,1,844,False,60,45,Nghĩa có thể minh họa trực tiếp; ưu tiên bài ngắn
dentist.n,dentist,nha sĩ,A2,todo,1,845,False,60,45,Nghĩa có thể minh họa trực tiếp; ưu tiên bài ngắn
patient.n.sick-person,patient,bệnh nhân,A2,todo,1,846,False,60,45,Nghĩa có thể minh họa trực tiếp; ưu tiên bài ngắn
pharmacy.n,pharmacy,hiệu thuốc,A2,todo,1,847,False,60,45,Nghĩa có thể minh họa trực tiếp; ưu tiên bài ngắn
pill.n,pill,viên thuốc,A2,todo,1,848,False,60,45,Nghĩa có thể minh họa trực tiếp; ưu tiên bài ngắn
ambulance.n,ambulance,xe cứu thương,A2,todo,1,849,False,60,45,Nghĩa có thể minh họa trực tiếp; ưu tiên bài ngắn
result.n.outcome,result,kết quả,A2,todo,1,850,False,60,45,Nghĩa có thể minh họa trực tiếp; ưu tiên bài ngắn
bill.n,bill,hoá đơn viện phí,A2,todo,1,851,False,60,45,Nghĩa có thể minh họa trực tiếp; ưu tiên bài ngắn
temperature.n.body,temperature,thân nhiệt,A2,todo,1,852,False,60,45,Nghĩa có thể minh họa trực tiếp; ưu tiên bài ngắn
mask.n,mask,khẩu trang,A2,todo,1,853,False,60,45,Nghĩa có thể minh họa trực tiếp; ưu tiên bài ngắn
glove.n,glove,găng tay,A2,todo,1,854,False,60,45,Nghĩa có thể minh họa trực tiếp; ưu tiên bài ngắn
shrimp.n,shrimp,tôm,A2,todo,1,855,False,60,45,Nghĩa có thể minh họa trực tiếp; ưu tiên bài ngắn
crab.n,crab,cua,A2,todo,1,856,False,60,45,Nghĩa có thể minh họa trực tiếp; ưu tiên bài ngắn
seafood.n,seafood,hải sản,A2,todo,1,857,False,60,45,Nghĩa có thể minh họa trực tiếp; ưu tiên bài ngắn
grape.n,grape,quả nho,A2,todo,1,858,False,60,45,Nghĩa có thể minh họa trực tiếp; ưu tiên bài ngắn
watermelon.n,watermelon,dưa hấu,A2,todo,1,859,False,60,45,Nghĩa có thể minh họa trực tiếp; ưu tiên bài ngắn
pineapple.n,pineapple,quả dứa,A2,todo,1,860,False,60,45,Nghĩa có thể minh họa trực tiếp; ưu tiên bài ngắn
strawberry.n,strawberry,quả dâu tây,A2,todo,1,861,False,60,45,Nghĩa có thể minh họa trực tiếp; ưu tiên bài ngắn
lemon.n,lemon,quả chanh vàng,A2,todo,1,862,False,60,45,Nghĩa có thể minh họa trực tiếp; ưu tiên bài ngắn
coconut.n,coconut,quả dừa,A2,todo,1,863,False,60,45,Nghĩa có thể minh họa trực tiếp; ưu tiên bài ngắn
onion.n,onion,hành tây,A2,todo,1,864,False,60,45,Nghĩa có thể minh họa trực tiếp; ưu tiên bài ngắn
garlic.n,garlic,tỏi,A2,todo,1,865,False,60,45,Nghĩa có thể minh họa trực tiếp; ưu tiên bài ngắn
chilli.n,chilli,ớt,A2,todo,1,866,False,60,45,Nghĩa có thể minh họa trực tiếp; ưu tiên bài ngắn
cabbage.n,cabbage,bắp cải,A2,todo,1,867,False,60,45,Nghĩa có thể minh họa trực tiếp; ưu tiên bài ngắn
lettuce.n,lettuce,xà lách,A2,todo,1,868,False,60,45,Nghĩa có thể minh họa trực tiếp; ưu tiên bài ngắn
mushroom.n,mushroom,nấm,A2,todo,1,869,False,60,45,Nghĩa có thể minh họa trực tiếp; ưu tiên bài ngắn
bean.n,bean,đậu,A2,todo,1,870,False,60,45,Nghĩa có thể minh họa trực tiếp; ưu tiên bài ngắn
corn.n,corn,ngô,A2,todo,1,871,False,60,45,Nghĩa có thể minh họa trực tiếp; ưu tiên bài ngắn
yogurt.n,yogurt,sữa chua,A2,todo,1,872,False,60,45,Nghĩa có thể minh họa trực tiếp; ưu tiên bài ngắn
cream.n,cream,kem béo,A2,todo,1,873,False,60,45,Nghĩa có thể minh họa trực tiếp; ưu tiên bài ngắn
pepper.n,pepper,hạt tiêu,A2,todo,1,874,False,60,45,Nghĩa có thể minh họa trực tiếp; ưu tiên bài ngắn
sauce.n,sauce,nước sốt,A2,todo,1,875,False,60,45,Nghĩa có thể minh họa trực tiếp; ưu tiên bài ngắn
oil.n.cooking,oil,dầu ăn,A2,todo,1,876,False,60,45,Nghĩa có thể minh họa trực tiếp; ưu tiên bài ngắn
honey.n,honey,mật ong,A2,todo,1,877,False,60,45,Nghĩa có thể minh họa trực tiếp; ưu tiên bài ngắn
jam.n.food,jam,mứt,A2,todo,1,878,False,60,45,Nghĩa có thể minh họa trực tiếp; ưu tiên bài ngắn
dessert.n,dessert,món tráng miệng,A2,todo,1,879,False,60,45,Nghĩa có thể minh họa trực tiếp; ưu tiên bài ngắn
soda.n,soda,nước ngọt có ga,A2,todo,1,880,False,60,45,Nghĩa có thể minh họa trực tiếp; ưu tiên bài ngắn
wine.n,wine,rượu vang,A2,todo,1,881,False,60,45,Nghĩa có thể minh họa trực tiếp; ưu tiên bài ngắn
straw.n,straw,ống hút,A2,todo,1,882,False,60,45,Nghĩa có thể minh họa trực tiếp; ưu tiên bài ngắn
bill.n.restaurant,bill,hoá đơn thanh toán,A2,todo,1,883,False,60,45,Nghĩa có thể minh họa trực tiếp; ưu tiên bài ngắn
taste.n,taste,vị,A2,todo,1,884,False,60,45,Nghĩa có thể minh họa trực tiếp; ưu tiên bài ngắn
vegetarian.n,vegetarian,người ăn chay,A2,todo,1,885,False,60,45,Nghĩa có thể minh họa trực tiếp; ưu tiên bài ngắn
steak.n,steak,miếng bít tết,A2,todo,1,886,False,60,45,Nghĩa có thể minh họa trực tiếp; ưu tiên bài ngắn
bacon.n,bacon,thịt xông khói,A2,todo,1,887,False,60,45,Nghĩa có thể minh họa trực tiếp; ưu tiên bài ngắn
sausage.n,sausage,xúc xích,A2,todo,1,888,False,60,45,Nghĩa có thể minh họa trực tiếp; ưu tiên bài ngắn
ham.n,ham,giăm bông,A2,todo,1,889,False,60,45,Nghĩa có thể minh họa trực tiếp; ưu tiên bài ngắn
tofu.n,tofu,đậu phụ,A2,todo,1,890,False,60,45,Nghĩa có thể minh họa trực tiếp; ưu tiên bài ngắn
peanut.n,peanut,hạt lạc,A2,todo,1,891,False,60,45,Nghĩa có thể minh họa trực tiếp; ưu tiên bài ngắn
cereal.n,cereal,ngũ cốc ăn sáng,A2,todo,1,892,False,60,45,Nghĩa có thể minh họa trực tiếp; ưu tiên bài ngắn
pancake.n,pancake,bánh kếp,A2,todo,1,893,False,60,45,Nghĩa có thể minh họa trực tiếp; ưu tiên bài ngắn
jelly.n,jelly,thạch,A2,todo,1,894,False,60,45,Nghĩa có thể minh họa trực tiếp; ưu tiên bài ngắn
toast.n.bread,toast,bánh mì nướng,A2,todo,1,895,False,60,45,Nghĩa có thể minh họa trực tiếp; ưu tiên bài ngắn
stove.n,stove,bếp nấu,A2,todo,1,896,False,60,45,Nghĩa có thể minh họa trực tiếp; ưu tiên bài ngắn
oven.n,oven,lò nướng,A2,todo,1,897,False,60,45,Nghĩa có thể minh họa trực tiếp; ưu tiên bài ngắn
microwave.n,microwave,lò vi sóng,A2,todo,1,898,False,60,45,Nghĩa có thể minh họa trực tiếp; ưu tiên bài ngắn
freezer.n,freezer,ngăn đá,A2,todo,1,899,False,60,45,Nghĩa có thể minh họa trực tiếp; ưu tiên bài ngắn
sink.n,sink,bồn rửa,A2,todo,1,900,False,60,45,Nghĩa có thể minh họa trực tiếp; ưu tiên bài ngắn
cupboard.n,cupboard,tủ chén,A2,todo,1,901,False,60,45,Nghĩa có thể minh họa trực tiếp; ưu tiên bài ngắn
shelf.n,shelf,kệ,A2,todo,1,902,False,60,45,Nghĩa có thể minh họa trực tiếp; ưu tiên bài ngắn
drawer.n,drawer,ngăn kéo,A2,todo,1,903,False,60,45,Nghĩa có thể minh họa trực tiếp; ưu tiên bài ngắn
kettle.n,kettle,ấm đun nước,A2,todo,1,904,False,60,45,Nghĩa có thể minh họa trực tiếp; ưu tiên bài ngắn
dish.n,dish,món ăn hoặc đĩa đựng,A2,todo,1,905,False,60,45,Nghĩa có thể minh họa trực tiếp; ưu tiên bài ngắn
mug.n,mug,cốc có quai,A2,todo,1,906,False,60,45,Nghĩa có thể minh họa trực tiếp; ưu tiên bài ngắn
can.n.container,can,"lon, hộp thiếc",A2,todo,1,907,False,60,45,Nghĩa có thể minh họa trực tiếp; ưu tiên bài ngắn
napkin.n,napkin,khăn ăn,A2,todo,1,908,False,60,45,Nghĩa có thể minh họa trực tiếp; ưu tiên bài ngắn
recipe.n,recipe,công thức nấu,A2,todo,1,909,False,60,45,Nghĩa có thể minh họa trực tiếp; ưu tiên bài ngắn
instruction.n,instruction,hướng dẫn từng bước,A2,todo,1,910,False,60,45,Nghĩa có thể minh họa trực tiếp; ưu tiên bài ngắn
heat.n,heat,độ nóng của bếp,A2,todo,1,911,False,60,45,Nghĩa có thể minh họa trực tiếp; ưu tiên bài ngắn
smoke.n,smoke,khói,A2,todo,1,912,False,60,45,Nghĩa có thể minh họa trực tiếp; ưu tiên bài ngắn
smell.n,smell,mùi,A2,todo,1,913,False,60,45,Nghĩa có thể minh họa trực tiếp; ưu tiên bài ngắn
teaspoon.n,teaspoon,thìa cà phê,A2,todo,1,914,False,60,45,Nghĩa có thể minh họa trực tiếp; ưu tiên bài ngắn
tablespoon.n,tablespoon,thìa canh,A2,todo,1,915,False,60,45,Nghĩa có thể minh họa trực tiếp; ưu tiên bài ngắn
flat.n,flat,căn hộ,A2,todo,1,916,False,60,45,Nghĩa có thể minh họa trực tiếp; ưu tiên bài ngắn
garage.n,garage,nhà để xe,A2,todo,1,917,False,60,45,Nghĩa có thể minh họa trực tiếp; ưu tiên bài ngắn
balcony.n,balcony,ban công,A2,todo,1,918,False,60,45,Nghĩa có thể minh họa trực tiếp; ưu tiên bài ngắn
yard.n,yard,sân,A2,todo,1,919,False,60,45,Nghĩa có thể minh họa trực tiếp; ưu tiên bài ngắn
gate.n,gate,cổng,A2,todo,1,920,False,60,45,Nghĩa có thể minh họa trực tiếp; ưu tiên bài ngắn
curtain.n.home,curtain,rèm cửa,A2,todo,1,921,False,60,45,Nghĩa có thể minh họa trực tiếp; ưu tiên bài ngắn
ceiling.n,ceiling,trần nhà,A2,todo,1,922,False,60,45,Nghĩa có thể minh họa trực tiếp; ưu tiên bài ngắn
roof.n,roof,mái nhà,A2,todo,1,923,False,60,45,Nghĩa có thể minh họa trực tiếp; ưu tiên bài ngắn
stairs.n,stairs,cầu thang,A2,todo,1,924,False,60,45,Nghĩa có thể minh họa trực tiếp; ưu tiên bài ngắn
lift.n,lift,thang máy,A2,todo,1,925,False,60,45,Nghĩa có thể minh họa trực tiếp; ưu tiên bài ngắn
entrance.n,entrance,lối vào,A2,todo,1,926,False,60,45,Nghĩa có thể minh họa trực tiếp; ưu tiên bài ngắn
exit.n,exit,lối ra,A2,todo,1,927,False,60,45,Nghĩa có thể minh họa trực tiếp; ưu tiên bài ngắn
furniture.n,furniture,đồ nội thất,A2,todo,1,928,False,60,45,Nghĩa có thể minh họa trực tiếp; ưu tiên bài ngắn
blanket.n,blanket,chăn,A2,todo,1,929,False,60,45,Nghĩa có thể minh họa trực tiếp; ưu tiên bài ngắn
sheet.n,sheet,ga trải giường,A2,todo,1,930,False,60,45,Nghĩa có thể minh họa trực tiếp; ưu tiên bài ngắn
wardrobe.n,wardrobe,tủ quần áo,A2,todo,1,931,False,60,45,Nghĩa có thể minh họa trực tiếp; ưu tiên bài ngắn
bookshelf.n,bookshelf,giá sách,A2,todo,1,932,False,60,45,Nghĩa có thể minh họa trực tiếp; ưu tiên bài ngắn
carpet.n,carpet,thảm trải sàn,A2,todo,1,933,False,60,45,Nghĩa có thể minh họa trực tiếp; ưu tiên bài ngắn
iron.n.appliance,iron,bàn là,A2,todo,1,934,False,60,45,Nghĩa có thể minh họa trực tiếp; ưu tiên bài ngắn
bill.n.utility,bill,hoá đơn điện nước,A2,todo,1,935,False,60,45,Nghĩa có thể minh họa trực tiếp; ưu tiên bài ngắn
wood.n,wood,gỗ,A2,todo,1,936,False,60,45,Nghĩa có thể minh họa trực tiếp; ưu tiên bài ngắn
neighbour.n.next-door,neighbour,người sống sát vách,A2,todo,1,937,False,60,45,Nghĩa có thể minh họa trực tiếp; ưu tiên bài ngắn
jumper.n,jumper,áo chui đầu,A2,todo,1,938,False,60,45,Nghĩa có thể minh họa trực tiếp; ưu tiên bài ngắn
hoodie.n,hoodie,áo trùm đầu,A2,todo,1,939,False,60,45,Nghĩa có thể minh họa trực tiếp; ưu tiên bài ngắn
raincoat.n,raincoat,áo mưa,A2,todo,1,940,False,60,45,Nghĩa có thể minh họa trực tiếp; ưu tiên bài ngắn
suit.n,suit,bộ com lê,A2,todo,1,941,False,60,45,Nghĩa có thể minh họa trực tiếp; ưu tiên bài ngắn
uniform.n,uniform,đồng phục,A2,todo,1,942,False,60,45,Nghĩa có thể minh họa trực tiếp; ưu tiên bài ngắn
underwear.n,underwear,đồ lót,A2,todo,1,943,False,60,45,Nghĩa có thể minh họa trực tiếp; ưu tiên bài ngắn
boot.n,boot,"ủng, bốt",A2,todo,1,944,False,60,45,Nghĩa có thể minh họa trực tiếp; ưu tiên bài ngắn
sandal.n,sandal,dép quai,A2,todo,1,945,False,60,45,Nghĩa có thể minh họa trực tiếp; ưu tiên bài ngắn
slipper.n,slipper,dép đi trong nhà,A2,todo,1,946,False,60,45,Nghĩa có thể minh họa trực tiếp; ưu tiên bài ngắn
sneaker.n,sneaker,giày thể thao,A2,todo,1,947,False,60,45,Nghĩa có thể minh họa trực tiếp; ưu tiên bài ngắn
scarf.n,scarf,khăn quàng,A2,todo,1,948,False,60,45,Nghĩa có thể minh họa trực tiếp; ưu tiên bài ngắn
belt.n,belt,thắt lưng,A2,todo,1,949,False,60,45,Nghĩa có thể minh họa trực tiếp; ưu tiên bài ngắn
tie.n,tie,cà vạt,A2,todo,1,950,False,60,45,Nghĩa có thể minh họa trực tiếp; ưu tiên bài ngắn
handbag.n,handbag,túi xách tay nữ,A2,todo,1,951,False,60,45,Nghĩa có thể minh họa trực tiếp; ưu tiên bài ngắn
wallet.n,wallet,ví,A2,todo,1,952,False,60,45,Nghĩa có thể minh họa trực tiếp; ưu tiên bài ngắn
purse.n,purse,ví nữ,A2,todo,1,953,False,60,45,Nghĩa có thể minh họa trực tiếp; ưu tiên bài ngắn
ring.n,ring,chiếc nhẫn,A2,todo,1,954,False,60,45,Nghĩa có thể minh họa trực tiếp; ưu tiên bài ngắn
necklace.n,necklace,dây chuyền,A2,todo,1,955,False,60,45,Nghĩa có thể minh họa trực tiếp; ưu tiên bài ngắn
earring.n,earring,bông tai,A2,todo,1,956,False,60,45,Nghĩa có thể minh họa trực tiếp; ưu tiên bài ngắn
sunglasses.n,sunglasses,kính râm,A2,todo,1,957,False,60,45,Nghĩa có thể minh họa trực tiếp; ưu tiên bài ngắn
button.n,button,cúc áo,A2,todo,1,958,False,60,45,Nghĩa có thể minh họa trực tiếp; ưu tiên bài ngắn
cotton.n,cotton,vải bông,A2,todo,1,959,False,60,45,Nghĩa có thể minh họa trực tiếp; ưu tiên bài ngắn
wool.n,wool,len,A2,todo,1,960,False,60,45,Nghĩa có thể minh họa trực tiếp; ưu tiên bài ngắn
brand.n,brand,thương hiệu,A2,todo,1,961,False,60,45,Nghĩa có thể minh họa trực tiếp; ưu tiên bài ngắn
perfume.n,perfume,nước hoa,A2,todo,1,962,False,60,45,Nghĩa có thể minh họa trực tiếp; ưu tiên bài ngắn
mall.n,mall,trung tâm thương mại,A2,todo,1,963,False,60,45,Nghĩa có thể minh họa trực tiếp; ưu tiên bài ngắn
counter.n.shop,counter,quầy thu ngân,A2,todo,1,964,False,60,45,Nghĩa có thể minh họa trực tiếp; ưu tiên bài ngắn
trolley.n,trolley,xe đẩy siêu thị,A2,todo,1,965,False,60,45,Nghĩa có thể minh họa trực tiếp; ưu tiên bài ngắn
basket.n,basket,giỏ đựng hàng,A2,todo,1,966,False,60,45,Nghĩa có thể minh họa trực tiếp; ưu tiên bài ngắn
cashier.n,cashier,thu ngân,A2,todo,1,967,False,60,45,Nghĩa có thể minh họa trực tiếp; ưu tiên bài ngắn
seller.n,seller,người bán,A2,todo,1,968,False,60,45,Nghĩa có thể minh họa trực tiếp; ưu tiên bài ngắn
cash.n,cash,tiền mặt,A2,todo,1,969,False,60,45,Nghĩa có thể minh họa trực tiếp; ưu tiên bài ngắn
coin.n,coin,đồng xu,A2,todo,1,970,False,60,45,Nghĩa có thể minh họa trực tiếp; ưu tiên bài ngắn
note.n.banknote,note,tờ tiền giấy,A2,todo,1,971,False,60,45,Nghĩa có thể minh họa trực tiếp; ưu tiên bài ngắn
change.n.money-back,change,tiền thừa trả lại,A2,todo,1,972,False,60,45,Nghĩa có thể minh họa trực tiếp; ưu tiên bài ngắn
cost.n.expense,cost,chi phí,A2,todo,1,973,False,60,45,Nghĩa có thể minh họa trực tiếp; ưu tiên bài ngắn
discount.n,discount,khoản giảm giá,A2,todo,1,974,False,60,45,Nghĩa có thể minh họa trực tiếp; ưu tiên bài ngắn
offer.n,offer,ưu đãi,A2,todo,1,975,False,60,45,Nghĩa có thể minh họa trực tiếp; ưu tiên bài ngắn
receipt.n,receipt,hoá đơn mua hàng,A2,todo,1,976,False,60,45,Nghĩa có thể minh họa trực tiếp; ưu tiên bài ngắn
order.n.purchase,order,đơn hàng,A2,todo,1,977,False,60,45,Nghĩa có thể minh họa trực tiếp; ưu tiên bài ngắn
cart.n,cart,giỏ hàng trực tuyến,A2,todo,1,978,False,60,45,Nghĩa có thể minh họa trực tiếp; ưu tiên bài ngắn
account.n,account,tài khoản ngân hàng,A2,todo,1,979,False,60,45,Nghĩa có thể minh họa trực tiếp; ưu tiên bài ngắn
ATM.n,ATM,máy rút tiền tự động,A2,todo,1,980,False,60,45,Nghĩa có thể minh họa trực tiếp; ưu tiên bài ngắn
PIN.n,PIN,mã pin,A2,todo,1,981,False,60,45,Nghĩa có thể minh họa trực tiếp; ưu tiên bài ngắn
bill.n.payment,bill,hoá đơn phải trả,A2,todo,1,982,False,60,45,Nghĩa có thể minh họa trực tiếp; ưu tiên bài ngắn
college.n,college,trường cao đẳng,A2,todo,1,983,False,60,45,Nghĩa có thể minh họa trực tiếp; ưu tiên bài ngắn
kindergarten.n,kindergarten,trường mẫu giáo,A2,todo,1,984,False,60,45,Nghĩa có thể minh họa trực tiếp; ưu tiên bài ngắn
gym.n,gym,phòng thể chất,A2,todo,1,985,False,60,45,Nghĩa có thể minh họa trực tiếp; ưu tiên bài ngắn
timetable.n,timetable,thời khoá biểu,A2,todo,1,986,False,60,45,Nghĩa có thể minh họa trực tiếp; ưu tiên bài ngắn
project.n,project,bài tập dự án,A2,todo,1,987,False,60,45,Nghĩa có thể minh họa trực tiếp; ưu tiên bài ngắn
report.n.paper,report,bản báo cáo,A2,todo,1,988,False,60,45,Nghĩa có thể minh họa trực tiếp; ưu tiên bài ngắn
quiz.n,quiz,bài kiểm tra ngắn,A2,todo,1,989,False,60,45,Nghĩa có thể minh họa trực tiếp; ưu tiên bài ngắn
mark.n,mark,điểm số,A2,todo,1,990,False,60,45,Nghĩa có thể minh họa trực tiếp; ưu tiên bài ngắn
grade.n,grade,điểm hoặc khối lớp,A2,todo,1,991,False,60,45,Nghĩa có thể minh họa trực tiếp; ưu tiên bài ngắn
score.n,score,số điểm đạt được,A2,todo,1,992,False,60,45,Nghĩa có thể minh họa trực tiếp; ưu tiên bài ngắn
textbook.n,textbook,sách giáo khoa,A2,todo,1,993,False,60,45,Nghĩa có thể minh họa trực tiếp; ưu tiên bài ngắn
highlighter.n,highlighter,bút dạ quang,A2,todo,1,994,False,60,45,Nghĩa có thể minh họa trực tiếp; ưu tiên bài ngắn
chalk.n,chalk,phấn,A2,todo,1,995,False,60,45,Nghĩa có thể minh họa trực tiếp; ưu tiên bài ngắn
marker.n,marker,bút lông bảng,A2,todo,1,996,False,60,45,Nghĩa có thể minh họa trực tiếp; ưu tiên bài ngắn
note.n.study,note,ghi chú bài học,A2,todo,1,997,False,60,45,Nghĩa có thể minh họa trực tiếp; ưu tiên bài ngắn
topic.n,topic,chủ đề bài,A2,todo,1,998,False,60,45,Nghĩa có thể minh họa trực tiếp; ưu tiên bài ngắn
mistake.n,mistake,lỗi sai,A2,todo,1,999,False,60,45,Nghĩa có thể minh họa trực tiếp; ưu tiên bài ngắn
skill.n,skill,kỹ năng,A2,todo,1,1000,False,60,45,Nghĩa có thể minh họa trực tiếp; ưu tiên bài ngắn
boss.n,boss,sếp,A2,todo,1,1001,False,60,45,Nghĩa có thể minh họa trực tiếp; ưu tiên bài ngắn
manager.n,manager,quản lý,A2,todo,1,1002,False,60,45,Nghĩa có thể minh họa trực tiếp; ưu tiên bài ngắn
team.n,team,nhóm làm việc,A2,todo,1,1003,False,60,45,Nghĩa có thể minh họa trực tiếp; ưu tiên bài ngắn
meeting.n,meeting,cuộc họp,A2,todo,1,1004,False,60,45,Nghĩa có thể minh họa trực tiếp; ưu tiên bài ngắn
inbox.n,inbox,hộp thư đến,A2,todo,1,1005,False,60,45,Nghĩa có thể minh họa trực tiếp; ưu tiên bài ngắn
document.n,document,tài liệu,A2,todo,1,1006,False,60,45,Nghĩa có thể minh họa trực tiếp; ưu tiên bài ngắn
folder.n,folder,thư mục,A2,todo,1,1007,False,60,45,Nghĩa có thể minh họa trực tiếp; ưu tiên bài ngắn
printer.n,printer,máy in,A2,todo,1,1008,False,60,45,Nghĩa có thể minh họa trực tiếp; ưu tiên bài ngắn
salary.n,salary,lương tháng,A2,todo,1,1009,False,60,45,Nghĩa có thể minh họa trực tiếp; ưu tiên bài ngắn
builder.n,builder,thợ xây,A2,todo,1,1010,False,60,45,Nghĩa có thể minh họa trực tiếp; ưu tiên bài ngắn
mechanic.n,mechanic,thợ máy,A2,todo,1,1011,False,60,45,Nghĩa có thể minh họa trực tiếp; ưu tiên bài ngắn
pilot.n,pilot,phi công,A2,todo,1,1012,False,60,45,Nghĩa có thể minh họa trực tiếp; ưu tiên bài ngắn
soldier.n,soldier,người lính,A2,todo,1,1013,False,60,45,Nghĩa có thể minh họa trực tiếp; ưu tiên bài ngắn
firefighter.n,firefighter,lính cứu hoả,A2,todo,1,1014,False,60,45,Nghĩa có thể minh họa trực tiếp; ưu tiên bài ngắn
lawyer.n,lawyer,luật sư,A2,todo,1,1015,False,60,45,Nghĩa có thể minh họa trực tiếp; ưu tiên bài ngắn
accountant.n,accountant,kế toán,A2,todo,1,1016,False,60,45,Nghĩa có thể minh họa trực tiếp; ưu tiên bài ngắn
photographer.n,photographer,nhiếp ảnh gia,A2,todo,1,1017,False,60,45,Nghĩa có thể minh họa trực tiếp; ưu tiên bài ngắn
painter.n,painter,hoạ sĩ,A2,todo,1,1018,False,60,45,Nghĩa có thể minh họa trực tiếp; ưu tiên bài ngắn
musician.n,musician,"nhạc sĩ, nhạc công",A2,todo,1,1019,False,60,45,Nghĩa có thể minh họa trực tiếp; ưu tiên bài ngắn
dancer.n,dancer,vũ công,A2,todo,1,1020,False,60,45,Nghĩa có thể minh họa trực tiếp; ưu tiên bài ngắn
chef.n,chef,đầu bếp chính,A2,todo,1,1021,False,60,45,Nghĩa có thể minh họa trực tiếp; ưu tiên bài ngắn
baker.n,baker,thợ làm bánh,A2,todo,1,1022,False,60,45,Nghĩa có thể minh họa trực tiếp; ưu tiên bài ngắn
hairdresser.n,hairdresser,thợ làm tóc,A2,todo,1,1023,False,60,45,Nghĩa có thể minh họa trực tiếp; ưu tiên bài ngắn
cleaner.n,cleaner,nhân viên vệ sinh,A2,todo,1,1024,False,60,45,Nghĩa có thể minh họa trực tiếp; ưu tiên bài ngắn
gardener.n,gardener,người làm vườn,A2,todo,1,1025,False,60,45,Nghĩa có thể minh họa trực tiếp; ưu tiên bài ngắn
babysitter.n,babysitter,người trông trẻ,A2,todo,1,1026,False,60,45,Nghĩa có thể minh họa trực tiếp; ưu tiên bài ngắn
receptionist.n,receptionist,lễ tân,A2,todo,1,1027,False,60,45,Nghĩa có thể minh họa trực tiếp; ưu tiên bài ngắn
secretary.n,secretary,thư ký,A2,todo,1,1028,False,60,45,Nghĩa có thể minh họa trực tiếp; ưu tiên bài ngắn
assistant.n,assistant,trợ lý,A2,todo,1,1029,False,60,45,Nghĩa có thể minh họa trực tiếp; ưu tiên bài ngắn
salesperson.n,salesperson,nhân viên bán hàng,A2,todo,1,1030,False,60,45,Nghĩa có thể minh họa trực tiếp; ưu tiên bài ngắn
scientist.n,scientist,nhà khoa học,A2,todo,1,1031,False,60,45,Nghĩa có thể minh họa trực tiếp; ưu tiên bài ngắn
programmer.n,programmer,lập trình viên,A2,todo,1,1032,False,60,45,Nghĩa có thể minh họa trực tiếp; ưu tiên bài ngắn
coach.n,coach,huấn luyện viên,A2,todo,1,1033,False,60,45,Nghĩa có thể minh họa trực tiếp; ưu tiên bài ngắn
postman.n,postman,người đưa thư,A2,todo,1,1034,False,60,45,Nghĩa có thể minh họa trực tiếp; ưu tiên bài ngắn
fisherman.n,fisherman,ngư dân,A2,todo,1,1035,False,60,45,Nghĩa có thể minh họa trực tiếp; ưu tiên bài ngắn
interview.n,interview,buổi phỏng vấn,A2,todo,1,1036,False,60,45,Nghĩa có thể minh họa trực tiếp; ưu tiên bài ngắn
desktop.n,desktop,máy bàn,A2,todo,1,1037,False,60,45,Nghĩa có thể minh họa trực tiếp; ưu tiên bài ngắn
tablet.n.device,tablet,máy tính bảng,A2,todo,1,1038,False,60,45,Nghĩa có thể minh họa trực tiếp; ưu tiên bài ngắn
smartphone.n,smartphone,điện thoại thông minh,A2,todo,1,1039,False,60,45,Nghĩa có thể minh họa trực tiếp; ưu tiên bài ngắn
speaker.n,speaker,loa,A2,todo,1,1040,False,60,45,Nghĩa có thể minh họa trực tiếp; ưu tiên bài ngắn
headphone.n,headphone,tai nghe,A2,todo,1,1041,False,60,45,Nghĩa có thể minh họa trực tiếp; ưu tiên bài ngắn
charger.n,charger,cục sạc,A2,todo,1,1042,False,60,45,Nghĩa có thể minh họa trực tiếp; ưu tiên bài ngắn
cable.n,cable,dây cáp,A2,todo,1,1043,False,60,45,Nghĩa có thể minh họa trực tiếp; ưu tiên bài ngắn
software.n,software,phần mềm,A2,todo,1,1044,False,60,45,Nghĩa có thể minh họa trực tiếp; ưu tiên bài ngắn
program.n,program,chương trình máy tính,A2,todo,1,1045,False,60,45,Nghĩa có thể minh họa trực tiếp; ưu tiên bài ngắn
browser.n,browser,trình duyệt,A2,todo,1,1046,False,60,45,Nghĩa có thể minh họa trực tiếp; ưu tiên bài ngắn
link.n,link,đường dẫn,A2,todo,1,1047,False,60,45,Nghĩa có thể minh họa trực tiếp; ưu tiên bài ngắn
connection.n,connection,kết nối,A2,todo,1,1048,False,60,45,Nghĩa có thể minh họa trực tiếp; ưu tiên bài ngắn
account.n.login,account,tài khoản người dùng,A2,todo,1,1049,False,60,45,Nghĩa có thể minh họa trực tiếp; ưu tiên bài ngắn
username.n,username,tên đăng nhập,A2,todo,1,1050,False,60,45,Nghĩa có thể minh họa trực tiếp; ưu tiên bài ngắn
profile.n,profile,trang cá nhân,A2,todo,1,1051,False,60,45,Nghĩa có thể minh họa trực tiếp; ưu tiên bài ngắn
setting.n,setting,thiết lập,A2,todo,1,1052,False,60,45,Nghĩa có thể minh họa trực tiếp; ưu tiên bài ngắn
notification.n,notification,thông báo,A2,todo,1,1053,False,60,45,Nghĩa có thể minh họa trực tiếp; ưu tiên bài ngắn
chat.n.app,chat,cuộc trò chuyện,A2,todo,1,1054,False,60,45,Nghĩa có thể minh họa trực tiếp; ưu tiên bài ngắn
robot.n,robot,người máy,A2,todo,1,1055,False,60,45,Nghĩa có thể minh họa trực tiếp; ưu tiên bài ngắn
volume.n,volume,âm lượng,A2,todo,1,1056,False,60,45,Nghĩa có thể minh họa trực tiếp; ưu tiên bài ngắn
bluetooth.n,bluetooth,kết nối không dây tầm ngắn,A2,todo,1,1057,False,60,45,Nghĩa có thể minh họa trực tiếp; ưu tiên bài ngắn
loading.n,loading,quá trình tải,A2,todo,1,1058,False,60,45,Nghĩa có thể minh họa trực tiếp; ưu tiên bài ngắn
tab.n,tab,thẻ trình duyệt,A2,todo,1,1059,False,60,45,Nghĩa có thể minh họa trực tiếp; ưu tiên bài ngắn
hashtag.n,hashtag,từ khoá gắn thẻ,A2,todo,1,1060,False,60,45,Nghĩa có thể minh họa trực tiếp; ưu tiên bài ngắn
playlist.n,playlist,danh sách phát,A2,todo,1,1061,False,60,45,Nghĩa có thể minh họa trực tiếp; ưu tiên bài ngắn
journey.n,journey,hành trình,A2,todo,1,1062,False,60,45,Nghĩa có thể minh họa trực tiếp; ưu tiên bài ngắn
tour.n.travel,tour,chuyến tham quan,A2,todo,1,1063,False,60,45,Nghĩa có thể minh họa trực tiếp; ưu tiên bài ngắn
vacation.n,vacation,kỳ nghỉ (Mỹ),A2,todo,1,1064,False,60,45,Nghĩa có thể minh họa trực tiếp; ưu tiên bài ngắn
guide.n,guide,hướng dẫn viên,A2,todo,1,1065,False,60,45,Nghĩa có thể minh họa trực tiếp; ưu tiên bài ngắn
distance.n,distance,khoảng cách,A2,todo,1,1066,False,60,45,Nghĩa có thể minh họa trực tiếp; ưu tiên bài ngắn
transport.n,transport,phương tiện đi lại,A2,todo,1,1067,False,60,45,Nghĩa có thể minh họa trực tiếp; ưu tiên bài ngắn
subway.n,subway,tàu điện ngầm,A2,todo,1,1068,False,60,45,Nghĩa có thể minh họa trực tiếp; ưu tiên bài ngắn
scooter.n,scooter,xe tay ga,A2,todo,1,1069,False,60,45,Nghĩa có thể minh họa trực tiếp; ưu tiên bài ngắn
truck.n,truck,xe tải,A2,todo,1,1070,False,60,45,Nghĩa có thể minh họa trực tiếp; ưu tiên bài ngắn
van.n,van,xe tải nhỏ,A2,todo,1,1071,False,60,45,Nghĩa có thể minh họa trực tiếp; ưu tiên bài ngắn
ship.n,ship,tàu thuỷ,A2,todo,1,1072,False,60,45,Nghĩa có thể minh họa trực tiếp; ưu tiên bài ngắn
gate.n.airport,gate,cửa lên máy bay,A2,todo,1,1073,False,60,45,Nghĩa có thể minh họa trực tiếp; ưu tiên bài ngắn
platform.n.travel,platform,sân ga,A2,todo,1,1074,False,60,45,Nghĩa có thể minh họa trực tiếp; ưu tiên bài ngắn
passenger.n,passenger,hành khách,A2,todo,1,1075,False,60,45,Nghĩa có thể minh họa trực tiếp; ưu tiên bài ngắn
luggage.n,luggage,hành lý,A2,todo,1,1076,False,60,45,Nghĩa có thể minh họa trực tiếp; ưu tiên bài ngắn
visa.n,visa,thị thực,A2,todo,1,1077,False,60,45,Nghĩa có thể minh họa trực tiếp; ưu tiên bài ngắn
traffic.n,traffic,giao thông,A2,todo,1,1078,False,60,45,Nghĩa có thể minh họa trực tiếp; ưu tiên bài ngắn
jam.n.travel,jam,kẹt xe,A2,todo,1,1079,False,60,45,Nghĩa có thể minh họa trực tiếp; ưu tiên bài ngắn
petrol.n,petrol,xăng,A2,todo,1,1080,False,60,45,Nghĩa có thể minh họa trực tiếp; ưu tiên bài ngắn
speed.n,speed,tốc độ,A2,todo,1,1081,False,60,45,Nghĩa có thể minh họa trực tiếp; ưu tiên bài ngắn
helmet.n,helmet,mũ bảo hiểm,A2,todo,1,1082,False,60,45,Nghĩa có thể minh họa trực tiếp; ưu tiên bài ngắn
accident.n,accident,tai nạn,A2,todo,1,1083,False,60,45,Nghĩa có thể minh họa trực tiếp; ưu tiên bài ngắn
hostel.n,hostel,nhà trọ giá rẻ,A2,todo,1,1084,False,60,45,Nghĩa có thể minh họa trực tiếp; ưu tiên bài ngắn
tent.n,tent,lều,A2,todo,1,1085,False,60,45,Nghĩa có thể minh họa trực tiếp; ưu tiên bài ngắn
check-in.n,check-in,giờ nhận phòng,A2,todo,1,1086,False,60,45,Nghĩa có thể minh họa trực tiếp; ưu tiên bài ngắn
check-out.n,check-out,giờ trả phòng,A2,todo,1,1087,False,60,45,Nghĩa có thể minh họa trực tiếp; ưu tiên bài ngắn
view.n,view,hướng nhìn từ phòng,A2,todo,1,1088,False,60,45,Nghĩa có thể minh họa trực tiếp; ưu tiên bài ngắn
kettle.n.hotel,kettle,ấm siêu tốc trong phòng,A2,todo,1,1089,False,60,45,Nghĩa có thể minh họa trực tiếp; ưu tiên bài ngắn
hairdryer.n,hairdryer,máy sấy tóc,A2,todo,1,1090,False,60,45,Nghĩa có thể minh họa trực tiếp; ưu tiên bài ngắn
parking.n,parking,chỗ đỗ xe,A2,todo,1,1091,False,60,45,Nghĩa có thể minh họa trực tiếp; ưu tiên bài ngắn
receipt.n.payment,receipt,biên nhận thanh toán,A2,todo,1,1092,False,60,45,Nghĩa có thể minh họa trực tiếp; ưu tiên bài ngắn
star.n,star,sao xếp hạng,A2,todo,1,1093,False,60,45,Nghĩa có thể minh họa trực tiếp; ưu tiên bài ngắn
slippers.n,slippers,dép khách sạn,A2,todo,1,1094,False,60,45,Nghĩa có thể minh họa trực tiếp; ưu tiên bài ngắn
capital.n.city,capital,thủ đô,A2,todo,1,1095,False,60,45,Nghĩa có thể minh họa trực tiếp; ưu tiên bài ngắn
crossing.n,crossing,vạch sang đường,A2,todo,1,1096,False,60,45,Nghĩa có thể minh họa trực tiếp; ưu tiên bài ngắn
sign.n,sign,biển báo,A2,todo,1,1097,False,60,45,Nghĩa có thể minh họa trực tiếp; ưu tiên bài ngắn
square.n,square,quảng trường,A2,todo,1,1098,False,60,45,Nghĩa có thể minh họa trực tiếp; ưu tiên bài ngắn
playground.n,playground,sân chơi,A2,todo,1,1099,False,60,45,Nghĩa có thể minh họa trực tiếp; ưu tiên bài ngắn
theatre.n,theatre,nhà hát,A2,todo,1,1100,False,60,45,Nghĩa có thể minh họa trực tiếp; ưu tiên bài ngắn
stadium.n,stadium,sân vận động,A2,todo,1,1101,False,60,45,Nghĩa có thể minh họa trực tiếp; ưu tiên bài ngắn
temple.n,temple,ngôi chùa,A2,todo,1,1102,False,60,45,Nghĩa có thể minh họa trực tiếp; ưu tiên bài ngắn
bakery.n,bakery,tiệm bánh,A2,todo,1,1103,False,60,45,Nghĩa có thể minh họa trực tiếp; ưu tiên bài ngắn
bookshop.n,bookshop,hiệu sách,A2,todo,1,1104,False,60,45,Nghĩa có thể minh họa trực tiếp; ưu tiên bài ngắn
direction.n,direction,hướng,A2,todo,1,1105,False,60,45,Nghĩa có thể minh họa trực tiếp; ưu tiên bài ngắn
nature.n.nature,nature,thiên nhiên,A2,todo,1,1106,False,60,45,Nghĩa có thể minh họa trực tiếp; ưu tiên bài ngắn
sunshine.n,sunshine,nắng,A2,todo,1,1107,False,60,45,Nghĩa có thể minh họa trực tiếp; ưu tiên bài ngắn
storm.n,storm,cơn bão,A2,todo,1,1108,False,60,45,Nghĩa có thể minh họa trực tiếp; ưu tiên bài ngắn
thunder.n,thunder,sấm,A2,todo,1,1109,False,60,45,Nghĩa có thể minh họa trực tiếp; ưu tiên bài ngắn
lightning.n,lightning,tia chớp,A2,todo,1,1110,False,60,45,Nghĩa có thể minh họa trực tiếp; ưu tiên bài ngắn
temperature.n.weather,temperature,nhiệt độ ngoài trời,A2,todo,1,1111,False,60,45,Nghĩa có thể minh họa trực tiếp; ưu tiên bài ngắn
degree.n.nature,degree,độ nhiệt,A2,todo,1,1112,False,60,45,Nghĩa có thể minh họa trực tiếp; ưu tiên bài ngắn
hill.n,hill,đồi,A2,todo,1,1113,False,60,45,Nghĩa có thể minh họa trực tiếp; ưu tiên bài ngắn
rock.n.nature,rock,tảng đá,A2,todo,1,1114,False,60,45,Nghĩa có thể minh họa trực tiếp; ưu tiên bài ngắn
stone.n,stone,hòn đá,A2,todo,1,1115,False,60,45,Nghĩa có thể minh họa trực tiếp; ưu tiên bài ngắn
sand.n,sand,cát,A2,todo,1,1116,False,60,45,Nghĩa có thể minh họa trực tiếp; ưu tiên bài ngắn
ocean.n,ocean,đại dương,A2,todo,1,1117,False,60,45,Nghĩa có thể minh họa trực tiếp; ưu tiên bài ngắn
wave.n,wave,con sóng,A2,todo,1,1118,False,60,45,Nghĩa có thể minh họa trực tiếp; ưu tiên bài ngắn
island.n,island,hòn đảo,A2,todo,1,1119,False,60,45,Nghĩa có thể minh họa trực tiếp; ưu tiên bài ngắn
desert.n,desert,sa mạc,A2,todo,1,1120,False,60,45,Nghĩa có thể minh họa trực tiếp; ưu tiên bài ngắn
field.n,field,cánh đồng,A2,todo,1,1121,False,60,45,Nghĩa có thể minh họa trực tiếp; ưu tiên bài ngắn
sunrise.n,sunrise,bình minh,A2,todo,1,1122,False,60,45,Nghĩa có thể minh họa trực tiếp; ưu tiên bài ngắn
sunset.n,sunset,hoàng hôn,A2,todo,1,1123,False,60,45,Nghĩa có thể minh họa trực tiếp; ưu tiên bài ngắn
rainbow.n,rainbow,cầu vồng,A2,todo,1,1124,False,60,45,Nghĩa có thể minh họa trực tiếp; ưu tiên bài ngắn
hamster.n,hamster,chuột hamster,A2,todo,1,1125,False,60,45,Nghĩa có thể minh họa trực tiếp; ưu tiên bài ngắn
rat.n,rat,con chuột cống,A2,todo,1,1126,False,60,45,Nghĩa có thể minh họa trực tiếp; ưu tiên bài ngắn
buffalo.n,buffalo,con trâu,A2,todo,1,1127,False,60,45,Nghĩa có thể minh họa trực tiếp; ưu tiên bài ngắn
goat.n,goat,con dê,A2,todo,1,1128,False,60,45,Nghĩa có thể minh họa trực tiếp; ưu tiên bài ngắn
wolf.n,wolf,chó sói,A2,todo,1,1129,False,60,45,Nghĩa có thể minh họa trực tiếp; ưu tiên bài ngắn
fox.n,fox,con cáo,A2,todo,1,1130,False,60,45,Nghĩa có thể minh họa trực tiếp; ưu tiên bài ngắn
deer.n,deer,con hươu,A2,todo,1,1131,False,60,45,Nghĩa có thể minh họa trực tiếp; ưu tiên bài ngắn
giraffe.n,giraffe,hươu cao cổ,A2,todo,1,1132,False,60,45,Nghĩa có thể minh họa trực tiếp; ưu tiên bài ngắn
zebra.n,zebra,ngựa vằn,A2,todo,1,1133,False,60,45,Nghĩa có thể minh họa trực tiếp; ưu tiên bài ngắn
kangaroo.n,kangaroo,chuột túi,A2,todo,1,1134,False,60,45,Nghĩa có thể minh họa trực tiếp; ưu tiên bài ngắn
snake.n,snake,con rắn,A2,todo,1,1135,False,60,45,Nghĩa có thể minh họa trực tiếp; ưu tiên bài ngắn
turtle.n,turtle,con rùa,A2,todo,1,1136,False,60,45,Nghĩa có thể minh họa trực tiếp; ưu tiên bài ngắn
frog.n,frog,con ếch,A2,todo,1,1137,False,60,45,Nghĩa có thể minh họa trực tiếp; ưu tiên bài ngắn
whale.n,whale,cá voi,A2,todo,1,1138,False,60,45,Nghĩa có thể minh họa trực tiếp; ưu tiên bài ngắn
dolphin.n,dolphin,cá heo,A2,todo,1,1139,False,60,45,Nghĩa có thể minh họa trực tiếp; ưu tiên bài ngắn
shark.n,shark,cá mập,A2,todo,1,1140,False,60,45,Nghĩa có thể minh họa trực tiếp; ưu tiên bài ngắn
insect.n,insect,côn trùng,A2,todo,1,1141,False,60,45,Nghĩa có thể minh họa trực tiếp; ưu tiên bài ngắn
bee.n,bee,con ong,A2,todo,1,1142,False,60,45,Nghĩa có thể minh họa trực tiếp; ưu tiên bài ngắn
ant.n,ant,con kiến,A2,todo,1,1143,False,60,45,Nghĩa có thể minh họa trực tiếp; ưu tiên bài ngắn
fly.n,fly,con ruồi,A2,todo,1,1144,False,60,45,Nghĩa có thể minh họa trực tiếp; ưu tiên bài ngắn
mosquito.n,mosquito,con muỗi,A2,todo,1,1145,False,60,45,Nghĩa có thể minh họa trực tiếp; ưu tiên bài ngắn
butterfly.n,butterfly,con bướm,A2,todo,1,1146,False,60,45,Nghĩa có thể minh họa trực tiếp; ưu tiên bài ngắn
spider.n,spider,con nhện,A2,todo,1,1147,False,60,45,Nghĩa có thể minh họa trực tiếp; ưu tiên bài ngắn
parrot.n,parrot,con vẹt,A2,todo,1,1148,False,60,45,Nghĩa có thể minh họa trực tiếp; ưu tiên bài ngắn
penguin.n,penguin,chim cánh cụt,A2,todo,1,1149,False,60,45,Nghĩa có thể minh họa trực tiếp; ưu tiên bài ngắn
wing.n,wing,cánh,A2,todo,1,1150,False,60,45,Nghĩa có thể minh họa trực tiếp; ưu tiên bài ngắn
tail.n,tail,cái đuôi,A2,todo,1,1151,False,60,45,Nghĩa có thể minh họa trực tiếp; ưu tiên bài ngắn
branch.n.tree,branch,cành cây,A2,todo,1,1152,False,60,45,Nghĩa có thể minh họa trực tiếp; ưu tiên bài ngắn
seed.n,seed,hạt giống,A2,todo,1,1153,False,60,45,Nghĩa có thể minh họa trực tiếp; ưu tiên bài ngắn
sunflower.n,sunflower,hoa hướng dương,A2,todo,1,1154,False,60,45,Nghĩa có thể minh họa trực tiếp; ưu tiên bài ngắn
bamboo.n,bamboo,cây tre,A2,todo,1,1155,False,60,45,Nghĩa có thể minh họa trực tiếp; ưu tiên bài ngắn
field.n.farm,field,thửa ruộng,A2,todo,1,1156,False,60,45,Nghĩa có thể minh họa trực tiếp; ưu tiên bài ngắn
tractor.n,tractor,máy kéo,A2,todo,1,1157,False,60,45,Nghĩa có thể minh họa trực tiếp; ưu tiên bài ngắn
pot.n.plant,pot,chậu cây,A2,todo,1,1158,False,60,45,Nghĩa có thể minh họa trực tiếp; ưu tiên bài ngắn
environment.n,environment,môi trường,A2,todo,1,1159,False,60,45,Nghĩa có thể minh họa trực tiếp; ưu tiên bài ngắn
coal.n,coal,than đá,A2,todo,1,1160,False,60,45,Nghĩa có thể minh họa trực tiếp; ưu tiên bài ngắn
gas.n.fuel,gas,khí đốt,A2,todo,1,1161,False,60,45,Nghĩa có thể minh họa trực tiếp; ưu tiên bài ngắn
energy.n,energy,năng lượng,A2,todo,1,1162,False,60,45,Nghĩa có thể minh họa trực tiếp; ưu tiên bài ngắn
electricity.n,electricity,điện,A2,todo,1,1163,False,60,45,Nghĩa có thể minh họa trực tiếp; ưu tiên bài ngắn
recycling.n,recycling,việc tái chế,A2,todo,1,1164,False,60,45,Nghĩa có thể minh họa trực tiếp; ưu tiên bài ngắn
waste.n,waste,rác thải,A2,todo,1,1165,False,60,45,Nghĩa có thể minh họa trực tiếp; ưu tiên bài ngắn
plastic.n,plastic,nhựa,A2,todo,1,1166,False,60,45,Nghĩa có thể minh họa trực tiếp; ưu tiên bài ngắn
plastic bag.n,plastic bag,túi ni lông,A2,todo,1,1167,False,60,45,Nghĩa có thể minh họa trực tiếp; ưu tiên bài ngắn
container.n.recycling,container,"hộp, bình chứa",A2,todo,1,1168,False,60,45,Nghĩa có thể minh họa trực tiếp; ưu tiên bài ngắn
can.n.recycling,can,lon nhôm,A2,todo,1,1169,False,60,45,Nghĩa có thể minh họa trực tiếp; ưu tiên bài ngắn
clean water.n,clean water,nước sạch,A2,todo,1,1170,False,60,45,Nghĩa có thể minh họa trực tiếp; ưu tiên bài ngắn
drinking water.n,drinking water,nước uống,A2,todo,1,1171,False,60,45,Nghĩa có thể minh họa trực tiếp; ưu tiên bài ngắn
metal.n,metal,kim loại,A2,todo,1,1172,False,60,45,Nghĩa có thể minh họa trực tiếp; ưu tiên bài ngắn
national park.n,national park,vườn quốc gia,A2,todo,1,1173,False,60,45,Nghĩa có thể minh họa trực tiếp; ưu tiên bài ngắn
light bulb.n,light bulb,bóng đèn,A2,todo,1,1174,False,60,45,Nghĩa có thể minh họa trực tiếp; ưu tiên bài ngắn
damage.n,damage,thiệt hại,A2,todo,1,1175,False,60,45,Nghĩa có thể minh họa trực tiếp; ưu tiên bài ngắn
planet.n,planet,"hành tinh, trái đất",A2,todo,1,1176,False,60,45,Nghĩa có thể minh họa trực tiếp; ưu tiên bài ngắn
public transport.n,public transport,phương tiện công cộng,A2,todo,1,1177,False,60,45,Nghĩa có thể minh họa trực tiếp; ưu tiên bài ngắn
match.n,match,trận đấu,A2,todo,1,1178,False,60,45,Nghĩa có thể minh họa trực tiếp; ưu tiên bài ngắn
team.n.sport,team,đội (thể thao),A2,todo,1,1179,False,60,45,Nghĩa có thể minh họa trực tiếp; ưu tiên bài ngắn
champion.n,champion,nhà vô địch,A2,todo,1,1180,False,60,45,Nghĩa có thể minh họa trực tiếp; ưu tiên bài ngắn
medal.n,medal,huy chương,A2,todo,1,1181,False,60,45,Nghĩa có thể minh họa trực tiếp; ưu tiên bài ngắn
gold medal.n,gold medal,huy chương vàng,A2,todo,1,1182,False,60,45,Nghĩa có thể minh họa trực tiếp; ưu tiên bài ngắn
season.n.sport,season,mùa giải,A2,todo,1,1183,False,60,45,Nghĩa có thể minh họa trực tiếp; ưu tiên bài ngắn
final.n,final,trận chung kết,A2,todo,1,1184,False,60,45,Nghĩa có thể minh họa trực tiếp; ưu tiên bài ngắn
score.n.sport,score,tỉ số,A2,todo,1,1185,False,60,45,Nghĩa có thể minh họa trực tiếp; ưu tiên bài ngắn
goalkeeper.n,goalkeeper,thủ môn,A2,todo,1,1186,False,60,45,Nghĩa có thể minh họa trực tiếp; ưu tiên bài ngắn
race.n,race,cuộc đua,A2,todo,1,1187,False,60,45,Nghĩa có thể minh họa trực tiếp; ưu tiên bài ngắn
court.n,court,"sân (quần vợt, bóng rổ)",A2,todo,1,1188,False,60,45,Nghĩa có thể minh họa trực tiếp; ưu tiên bài ngắn
field.n.sport,field,sân thi đấu,A2,todo,1,1189,False,60,45,Nghĩa có thể minh họa trực tiếp; ưu tiên bài ngắn
net.n,net,lưới,A2,todo,1,1190,False,60,45,Nghĩa có thể minh họa trực tiếp; ưu tiên bài ngắn
golf.n,golf,gôn,A2,todo,1,1191,False,60,45,Nghĩa có thể minh họa trực tiếp; ưu tiên bài ngắn
baseball.n,baseball,bóng chày,A2,todo,1,1192,False,60,45,Nghĩa có thể minh họa trực tiếp; ưu tiên bài ngắn
boxing.n,boxing,quyền anh,A2,todo,1,1193,False,60,45,Nghĩa có thể minh họa trực tiếp; ưu tiên bài ngắn
karate.n,karate,karate,A2,todo,1,1194,False,60,45,Nghĩa có thể minh họa trực tiếp; ưu tiên bài ngắn
judo.n,judo,judo,A2,todo,1,1195,False,60,45,Nghĩa có thể minh họa trực tiếp; ưu tiên bài ngắn
skiing.n,skiing,trượt tuyết,A2,todo,1,1196,False,60,45,Nghĩa có thể minh họa trực tiếp; ưu tiên bài ngắn
skating.n,skating,trượt băng,A2,todo,1,1197,False,60,45,Nghĩa có thể minh họa trực tiếp; ưu tiên bài ngắn
hiking.n,hiking,đi bộ đường dài,A2,todo,1,1198,False,60,45,Nghĩa có thể minh họa trực tiếp; ưu tiên bài ngắn
yoga.n,yoga,yoga,A2,todo,1,1199,False,60,45,Nghĩa có thể minh họa trực tiếp; ưu tiên bài ngắn
training.n,training,sự tập luyện,A2,todo,1,1200,False,60,45,Nghĩa có thể minh họa trực tiếp; ưu tiên bài ngắn
practice.n,practice,sự luyện tập,A2,todo,1,1201,False,60,45,Nghĩa có thể minh họa trực tiếp; ưu tiên bài ngắn
exercise.n,exercise,bài tập thể dục,A2,todo,1,1202,False,60,45,Nghĩa có thể minh họa trực tiếp; ưu tiên bài ngắn
weight.n.gym,weight,quả tạ,A2,todo,1,1203,False,60,45,Nghĩa có thể minh họa trực tiếp; ưu tiên bài ngắn
push-up.n,push-up,động tác chống đẩy,A2,todo,1,1204,False,60,45,Nghĩa có thể minh họa trực tiếp; ưu tiên bài ngắn
sit-up.n,sit-up,động tác gập bụng,A2,todo,1,1205,False,60,45,Nghĩa có thể minh họa trực tiếp; ưu tiên bài ngắn
sneakers.n,sneakers,giày thể thao,A2,todo,1,1206,False,60,45,Nghĩa có thể minh họa trực tiếp; ưu tiên bài ngắn
goggles.n,goggles,kính bơi,A2,todo,1,1207,False,60,45,Nghĩa có thể minh họa trực tiếp; ưu tiên bài ngắn
equipment.n,equipment,dụng cụ thể thao,A2,todo,1,1208,False,60,45,Nghĩa có thể minh họa trực tiếp; ưu tiên bài ngắn
club.n,club,câu lạc bộ,A2,todo,1,1209,False,60,45,Nghĩa có thể minh họa trực tiếp; ưu tiên bài ngắn
healthy lifestyle.n,healthy lifestyle,lối sống lành mạnh,A2,todo,1,1210,False,60,45,Nghĩa có thể minh họa trực tiếp; ưu tiên bài ngắn
scene.n,scene,cảnh phim,A2,todo,1,1211,False,60,45,Nghĩa có thể minh họa trực tiếp; ưu tiên bài ngắn
role.n.film,role,vai diễn,A2,todo,1,1212,False,60,45,Nghĩa có thể minh họa trực tiếp; ưu tiên bài ngắn
character.n.film,character,nhân vật,A2,todo,1,1213,False,60,45,Nghĩa có thể minh họa trực tiếp; ưu tiên bài ngắn
comedy.n,comedy,phim hài,A2,todo,1,1214,False,60,45,Nghĩa có thể minh họa trực tiếp; ưu tiên bài ngắn
horror.n,horror,phim kinh dị,A2,todo,1,1215,False,60,45,Nghĩa có thể minh họa trực tiếp; ưu tiên bài ngắn
cartoon.n,cartoon,"phim hoạt hình, tranh biếm hoạ",A2,todo,1,1216,False,60,45,Nghĩa có thể minh họa trực tiếp; ưu tiên bài ngắn
award.n,award,giải thưởng,A2,todo,1,1217,False,60,45,Nghĩa có thể minh họa trực tiếp; ưu tiên bài ngắn
program.n.tv,program,chương trình truyền hình,A2,todo,1,1218,False,60,45,Nghĩa có thể minh họa trực tiếp; ưu tiên bài ngắn
episode.n,episode,tập phim,A2,todo,1,1219,False,60,45,Nghĩa có thể minh họa trực tiếp; ưu tiên bài ngắn
series.n,series,"phim bộ, loạt phim",A2,todo,1,1220,False,60,45,Nghĩa có thể minh họa trực tiếp; ưu tiên bài ngắn
audience.n,audience,khán giả,A2,todo,1,1221,False,60,45,Nghĩa có thể minh họa trực tiếp; ưu tiên bài ngắn
viewer.n,viewer,người xem,A2,todo,1,1222,False,60,45,Nghĩa có thể minh họa trực tiếp; ưu tiên bài ngắn
star.n.celebrity,star,ngôi sao (nổi tiếng),A2,todo,1,1223,False,60,45,Nghĩa có thể minh họa trực tiếp; ưu tiên bài ngắn
social media.n,social media,mạng xã hội,A2,todo,1,1224,False,60,45,Nghĩa có thể minh họa trực tiếp; ưu tiên bài ngắn
account.n.social,account,tài khoản mạng xã hội,A2,todo,1,1225,False,60,45,Nghĩa có thể minh họa trực tiếp; ưu tiên bài ngắn
post.n,post,bài đăng,A2,todo,1,1226,False,60,45,Nghĩa có thể minh họa trực tiếp; ưu tiên bài ngắn
comment.n,comment,bình luận,A2,todo,1,1227,False,60,45,Nghĩa có thể minh họa trực tiếp; ưu tiên bài ngắn
gamer.n,gamer,người chơi game,A2,todo,1,1228,False,60,45,Nghĩa có thể minh họa trực tiếp; ưu tiên bài ngắn
level.n,level,"màn chơi, cấp độ",A2,todo,1,1229,False,60,45,Nghĩa có thể minh họa trực tiếp; ưu tiên bài ngắn
online game.n,online game,trò chơi trực tuyến,A2,todo,1,1230,False,60,45,Nghĩa có thể minh họa trực tiếp; ưu tiên bài ngắn
board game.n,board game,trò chơi cờ bàn,A2,todo,1,1231,False,60,45,Nghĩa có thể minh họa trực tiếp; ưu tiên bài ngắn
puzzle.n,puzzle,trò chơi giải đố,A2,todo,1,1232,False,60,45,Nghĩa có thể minh họa trực tiếp; ưu tiên bài ngắn
gaming.n,gaming,việc chơi game,A2,todo,1,1233,False,60,45,Nghĩa có thể minh họa trực tiếp; ưu tiên bài ngắn
event.n,event,sự kiện,A2,todo,1,1234,False,60,45,Nghĩa có thể minh họa trực tiếp; ưu tiên bài ngắn
festival.n,festival,lễ hội,A2,todo,1,1235,False,60,45,Nghĩa có thể minh họa trực tiếp; ưu tiên bài ngắn
concert.n,concert,buổi hoà nhạc,A2,todo,1,1236,False,60,45,Nghĩa có thể minh họa trực tiếp; ưu tiên bài ngắn
performance.n.media,performance,buổi biểu diễn,A2,todo,1,1237,False,60,45,Nghĩa có thể minh họa trực tiếp; ưu tiên bài ngắn
remote control.n,remote control,điều khiển từ xa,A2,todo,1,1238,False,60,45,Nghĩa có thể minh họa trực tiếp; ưu tiên bài ngắn
webcam.n,webcam,webcam,A2,todo,1,1239,False,60,45,Nghĩa có thể minh họa trực tiếp; ưu tiên bài ngắn
instrument.n,instrument,nhạc cụ,A2,todo,1,1240,False,60,45,Nghĩa có thể minh họa trực tiếp; ưu tiên bài ngắn
violin.n,violin,đàn vi-ô-lông,A2,todo,1,1241,False,60,45,Nghĩa có thể minh họa trực tiếp; ưu tiên bài ngắn
keyboard.n.art,keyboard,đàn phím điện tử,A2,todo,1,1242,False,60,45,Nghĩa có thể minh họa trực tiếp; ưu tiên bài ngắn
headphones.n,headphones,tai nghe,A2,todo,1,1243,False,60,45,Nghĩa có thể minh họa trực tiếp; ưu tiên bài ngắn
album.n,album,album nhạc,A2,todo,1,1244,False,60,45,Nghĩa có thể minh họa trực tiếp; ưu tiên bài ngắn
lyrics.n,lyrics,lời bài hát,A2,todo,1,1245,False,60,45,Nghĩa có thể minh họa trực tiếp; ưu tiên bài ngắn
note.n,note,nốt nhạc,A2,todo,1,1246,False,60,45,Nghĩa có thể minh họa trực tiếp; ưu tiên bài ngắn
recording.n.noun,recording,bản thu âm,A2,todo,1,1247,False,60,45,Nghĩa có thể minh họa trực tiếp; ưu tiên bài ngắn
stage.n,stage,sân khấu,A2,todo,1,1248,False,60,45,Nghĩa có thể minh họa trực tiếp; ưu tiên bài ngắn
jazz.n,jazz,nhạc jazz,A2,todo,1,1249,False,60,45,Nghĩa có thể minh họa trực tiếp; ưu tiên bài ngắn
hip hop.n,hip hop,nhạc hip hop,A2,todo,1,1250,False,60,45,Nghĩa có thể minh họa trực tiếp; ưu tiên bài ngắn
rap.n,rap,nhạc rap,A2,todo,1,1251,False,60,45,Nghĩa có thể minh họa trực tiếp; ưu tiên bài ngắn
brush.n,brush,cọ vẽ,A2,todo,1,1252,False,60,45,Nghĩa có thể minh họa trực tiếp; ưu tiên bài ngắn
paintbrush.n,paintbrush,cây cọ vẽ,A2,todo,1,1253,False,60,45,Nghĩa có thể minh họa trực tiếp; ưu tiên bài ngắn
frame.n,frame,khung tranh,A2,todo,1,1254,False,60,45,Nghĩa có thể minh họa trực tiếp; ưu tiên bài ngắn
photography.n,photography,nhiếp ảnh,A2,todo,1,1255,False,60,45,Nghĩa có thể minh họa trực tiếp; ưu tiên bài ngắn
image.n,image,hình ảnh,A2,todo,1,1256,False,60,45,Nghĩa có thể minh họa trực tiếp; ưu tiên bài ngắn
design.n,design,thiết kế,A2,todo,1,1257,False,60,45,Nghĩa có thể minh họa trực tiếp; ưu tiên bài ngắn
comic.n,comic,truyện tranh,A2,todo,1,1258,False,60,45,Nghĩa có thể minh họa trực tiếp; ưu tiên bài ngắn
play.n.drama,play,vở kịch,A2,todo,1,1259,False,60,45,Nghĩa có thể minh họa trực tiếp; ưu tiên bài ngắn
style.n,style,phong cách,A2,todo,1,1260,False,60,45,Nghĩa có thể minh họa trực tiếp; ưu tiên bài ngắn
prison.n,prison,nhà tù,A2,todo,1,1261,False,60,45,Nghĩa có thể minh họa trực tiếp; ưu tiên bài ngắn
jail.n,jail,nhà giam,A2,todo,1,1262,False,60,45,Nghĩa có thể minh họa trực tiếp; ưu tiên bài ngắn
president.n,president,tổng thống,A2,todo,1,1263,False,60,45,Nghĩa có thể minh họa trực tiếp; ưu tiên bài ngắn
document.n.administrative,document,"văn bản, giấy tờ",A2,todo,1,1264,False,60,45,Nghĩa có thể minh họa trực tiếp; ưu tiên bài ngắn
identity card.n,identity card,chứng minh thư,A2,todo,1,1265,False,60,45,Nghĩa có thể minh họa trực tiếp; ưu tiên bài ngắn
stamp.n,stamp,con dấu,A2,todo,1,1266,False,60,45,Nghĩa có thể minh họa trực tiếp; ưu tiên bài ngắn
moment.n,moment,khoảnh khắc,A2,todo,1,1267,False,60,45,Nghĩa có thể minh họa trực tiếp; ưu tiên bài ngắn
timer.n,timer,bộ đếm giờ,A2,todo,1,1268,False,60,45,Nghĩa có thể minh họa trực tiếp; ưu tiên bài ngắn
million.num,million,triệu,A2,todo,1,1269,False,60,45,Nghĩa có thể minh họa trực tiếp; ưu tiên bài ngắn
amount.n,amount,số lượng (không đếm được),A2,todo,1,1270,False,60,45,Nghĩa có thể minh họa trực tiếp; ưu tiên bài ngắn
total.n,total,tổng số,A2,todo,1,1271,False,60,45,Nghĩa có thể minh họa trực tiếp; ưu tiên bài ngắn
centimetre.n,centimetre,xăngtimét,A2,todo,1,1272,False,60,45,Nghĩa có thể minh họa trực tiếp; ưu tiên bài ngắn
inch.n,inch,inch,A2,todo,1,1273,False,60,45,Nghĩa có thể minh họa trực tiếp; ưu tiên bài ngắn
percent.n,percent,phần trăm,A2,todo,1,1274,False,60,45,Nghĩa có thể minh họa trực tiếp; ưu tiên bài ngắn
length.n,length,chiều dài,A2,todo,1,1275,False,60,45,Nghĩa có thể minh họa trực tiếp; ưu tiên bài ngắn
width.n,width,chiều rộng,A2,todo,1,1276,False,60,45,Nghĩa có thể minh họa trực tiếp; ưu tiên bài ngắn
area.n,area,diện tích,A2,todo,1,1277,False,60,45,Nghĩa có thể minh họa trực tiếp; ưu tiên bài ngắn
triangle.n,triangle,hình tam giác,A2,todo,1,1278,False,60,45,Nghĩa có thể minh họa trực tiếp; ưu tiên bài ngắn
rectangle.n,rectangle,hình chữ nhật,A2,todo,1,1279,False,60,45,Nghĩa có thể minh họa trực tiếp; ưu tiên bài ngắn
shape.n,shape,hình dạng,A2,todo,1,1280,False,60,45,Nghĩa có thể minh họa trực tiếp; ưu tiên bài ngắn
yawn.v,yawn,ngáp,A2,todo,2,1281,False,60,45,Nghĩa có thể minh họa trực tiếp; ưu tiên bài ngắn
comb.v,comb,chải tóc bằng lược,A2,todo,2,1282,False,60,45,Nghĩa có thể minh họa trực tiếp; ưu tiên bài ngắn
shave.v,shave,cạo râu,A2,todo,2,1283,False,60,45,Nghĩa có thể minh họa trực tiếp; ưu tiên bài ngắn
return.v.come-back,return,quay về,A2,todo,2,1284,False,60,45,Nghĩa có thể minh họa trực tiếp; ưu tiên bài ngắn
tidy.v,tidy,dọn cho gọn,A2,todo,2,1285,False,60,45,Nghĩa có thể minh họa trực tiếp; ưu tiên bài ngắn
sweep.v,sweep,quét,A2,todo,2,1286,False,60,45,Nghĩa có thể minh họa trực tiếp; ưu tiên bài ngắn
dry.v.make-dry,dry,làm khô,A2,todo,2,1287,False,60,45,Nghĩa có thể minh họa trực tiếp; ưu tiên bài ngắn
iron.v,iron,"là, ủi quần áo",A2,todo,2,1288,False,60,45,Nghĩa có thể minh họa trực tiếp; ưu tiên bài ngắn
hang.v,hang,treo lên,A2,todo,2,1289,False,60,45,Nghĩa có thể minh họa trực tiếp; ưu tiên bài ngắn
relax.v,relax,thư giãn,A2,todo,2,1290,False,60,45,Nghĩa có thể minh họa trực tiếp; ưu tiên bài ngắn
asleep.adj,asleep,đang ngủ,A2,todo,2,1291,False,60,45,Nghĩa có thể minh họa trực tiếp; ưu tiên bài ngắn
awake.adj,awake,đang thức,A2,todo,2,1292,False,60,45,Nghĩa có thể minh họa trực tiếp; ưu tiên bài ngắn
sleepy.adj,sleepy,buồn ngủ,A2,todo,2,1293,False,60,45,Nghĩa có thể minh họa trực tiếp; ưu tiên bài ngắn
daily.adj,daily,hằng ngày,A2,todo,2,1294,False,60,45,Nghĩa có thể minh họa trực tiếp; ưu tiên bài ngắn
weekly.adj,weekly,hằng tuần,A2,todo,2,1295,False,60,45,Nghĩa có thể minh họa trực tiếp; ưu tiên bài ngắn
monthly.adj,monthly,hằng tháng,A2,todo,2,1296,False,60,45,Nghĩa có thể minh họa trực tiếp; ưu tiên bài ngắn
lock.v,lock,khoá cửa,A2,todo,2,1297,False,60,45,Nghĩa có thể minh họa trực tiếp; ưu tiên bài ngắn
unlock.v,unlock,mở khoá,A2,todo,2,1298,False,60,45,Nghĩa có thể minh họa trực tiếp; ưu tiên bài ngắn
switch.v.toggle,switch,bật tắt công tắc,A2,todo,2,1299,False,60,45,Nghĩa có thể minh họa trực tiếp; ưu tiên bài ngắn
charge.v.battery,charge,sạc pin,A2,todo,2,1300,False,60,45,Nghĩa có thể minh họa trực tiếp; ưu tiên bài ngắn
set.v.adjust,set,"đặt, chỉnh (báo thức, giờ)",A2,todo,2,1301,False,60,45,Nghĩa có thể minh họa trực tiếp; ưu tiên bài ngắn
prepare.v,prepare,chuẩn bị,A2,todo,2,1302,False,60,45,Nghĩa có thể minh họa trực tiếp; ưu tiên bài ngắn
pack.v,pack,xếp đồ vào túi,A2,todo,2,1303,False,60,45,Nghĩa có thể minh họa trực tiếp; ưu tiên bài ngắn
hurry.v,hurry,vội,A2,todo,2,1304,False,60,45,Nghĩa có thể minh họa trực tiếp; ưu tiên bài ngắn
chat.v,chat,trò chuyện phiếm,A2,todo,2,1305,False,60,45,Nghĩa có thể minh họa trực tiếp; ưu tiên bài ngắn
water.v.plant,water,tưới nước,A2,todo,2,1306,False,60,45,Nghĩa có thể minh họa trực tiếp; ưu tiên bài ngắn
feed.v,feed,cho ăn,A2,todo,2,1307,False,60,45,Nghĩa có thể minh họa trực tiếp; ưu tiên bài ngắn
exercise.v,exercise,tập thể dục,A2,todo,2,1308,False,60,45,Nghĩa có thể minh họa trực tiếp; ưu tiên bài ngắn
marry.v,marry,kết hôn,A2,todo,2,1309,False,60,45,Nghĩa có thể minh họa trực tiếp; ưu tiên bài ngắn
single.adj,single,độc thân,A2,todo,2,1310,False,60,45,Nghĩa có thể minh họa trực tiếp; ưu tiên bài ngắn
close.adj.intimate,close,thân thiết,A2,todo,2,1311,False,60,45,Nghĩa có thể minh họa trực tiếp; ưu tiên bài ngắn
trust.v,trust,tin tưởng,A2,todo,2,1312,False,60,45,Nghĩa có thể minh họa trực tiếp; ưu tiên bài ngắn
support.v.back-up,support,"ủng hộ, chống lưng",A2,todo,2,1313,False,60,45,Nghĩa có thể minh họa trực tiếp; ưu tiên bài ngắn
care.v,care,quan tâm,A2,todo,2,1314,False,60,45,Nghĩa có thể minh họa trực tiếp; ưu tiên bài ngắn
apologise.v,apologise,xin lỗi,A2,todo,2,1315,False,60,45,Nghĩa có thể minh họa trực tiếp; ưu tiên bài ngắn
invite.v,invite,mời,A2,todo,2,1316,False,60,45,Nghĩa có thể minh họa trực tiếp; ưu tiên bài ngắn
celebrate.v,celebrate,ăn mừng,A2,todo,2,1317,False,60,45,Nghĩa có thể minh họa trực tiếp; ưu tiên bài ngắn
name.v,name,đặt tên,A2,todo,2,1318,False,60,45,Nghĩa có thể minh họa trực tiếp; ưu tiên bài ngắn
breathe.v,breathe,thở,A2,todo,2,1319,False,60,45,Nghĩa có thể minh họa trực tiếp; ưu tiên bài ngắn
fit.adj,fit,có thể lực tốt,A2,todo,2,1320,False,60,45,Nghĩa có thể minh họa trực tiếp; ưu tiên bài ngắn
weak.adj,weak,yếu,A2,todo,2,1321,False,60,45,Nghĩa có thể minh họa trực tiếp; ưu tiên bài ngắn
ill.adj,ill,"ốm, bệnh",A2,todo,2,1322,False,60,45,Nghĩa có thể minh họa trực tiếp; ưu tiên bài ngắn
hurt.v,hurt,"làm đau, thấy đau",A2,todo,2,1323,False,60,45,Nghĩa có thể minh họa trực tiếp; ưu tiên bài ngắn
cough.v,cough,ho,A2,todo,2,1324,False,60,45,Nghĩa có thể minh họa trực tiếp; ưu tiên bài ngắn
lose.v.reduce,lose,"giảm đi, mất",A2,todo,2,1325,False,60,45,Nghĩa có thể minh họa trực tiếp; ưu tiên bài ngắn
smoke.v,smoke,hút thuốc,A2,todo,2,1326,False,60,45,Nghĩa có thể minh họa trực tiếp; ưu tiên bài ngắn
slim.adj,slim,mảnh mai,A2,todo,2,1327,False,60,45,Nghĩa có thể minh họa trực tiếp; ưu tiên bài ngắn
public.adj,public,công lập,A2,todo,2,1328,False,60,45,Nghĩa có thể minh họa trực tiếp; ưu tiên bài ngắn
private.adj,private,tư nhân,A2,todo,2,1329,False,60,45,Nghĩa có thể minh họa trực tiếp; ưu tiên bài ngắn
painful.adj,painful,gây đau,A2,todo,2,1330,False,60,45,Nghĩa có thể minh họa trực tiếp; ưu tiên bài ngắn
sour.adj,sour,chua,A2,todo,2,1331,False,60,45,Nghĩa có thể minh họa trực tiếp; ưu tiên bài ngắn
salty.adj,salty,mặn,A2,todo,2,1332,False,60,45,Nghĩa có thể minh họa trực tiếp; ưu tiên bài ngắn
spicy.adj,spicy,cay,A2,todo,2,1333,False,60,45,Nghĩa có thể minh họa trực tiếp; ưu tiên bài ngắn
tasty.adj,tasty,"đậm đà, ngon miệng",A2,todo,2,1334,False,60,45,Nghĩa có thể minh họa trực tiếp; ưu tiên bài ngắn
peel.v,peel,gọt vỏ,A2,todo,2,1335,False,60,45,Nghĩa có thể minh họa trực tiếp; ưu tiên bài ngắn
mix.v,mix,trộn,A2,todo,2,1336,False,60,45,Nghĩa có thể minh họa trực tiếp; ưu tiên bài ngắn
pour.v,pour,rót,A2,todo,2,1337,False,60,45,Nghĩa có thể minh họa trực tiếp; ưu tiên bài ngắn
boil.v,boil,"luộc, đun sôi",A2,todo,2,1338,False,60,45,Nghĩa có thể minh họa trực tiếp; ưu tiên bài ngắn
fry.v,fry,rán,A2,todo,2,1339,False,60,45,Nghĩa có thể minh họa trực tiếp; ưu tiên bài ngắn
bake.v,bake,nướng bánh,A2,todo,2,1340,False,60,45,Nghĩa có thể minh họa trực tiếp; ưu tiên bài ngắn
burn.v,burn,làm cháy,A2,todo,2,1341,False,60,45,Nghĩa có thể minh họa trực tiếp; ưu tiên bài ngắn
smooth.adj.texture,smooth,"mịn, không lợn cợn",A2,todo,2,1342,False,60,45,Nghĩa có thể minh họa trực tiếp; ưu tiên bài ngắn
taste.v,taste,nếm thử,A2,todo,2,1343,False,60,45,Nghĩa có thể minh họa trực tiếp; ưu tiên bài ngắn
measure.v,measure,"đong, đo lượng",A2,todo,2,1344,False,60,45,Nghĩa có thể minh họa trực tiếp; ưu tiên bài ngắn
sharp.adj.blade,sharp,sắc bén,A2,todo,2,1345,False,60,45,Nghĩa có thể minh họa trực tiếp; ưu tiên bài ngắn
rent.v,rent,thuê nhà,A2,todo,2,1346,False,60,45,Nghĩa có thể minh họa trực tiếp; ưu tiên bài ngắn
repair.v,repair,sửa chữa,A2,todo,2,1347,False,60,45,Nghĩa có thể minh họa trực tiếp; ưu tiên bài ngắn
fix.v.repair,fix,sửa cho hỏng thành chạy,A2,todo,2,1348,False,60,45,Nghĩa có thể minh họa trực tiếp; ưu tiên bài ngắn
paint.v.home,paint,sơn,A2,todo,2,1349,False,60,45,Nghĩa có thể minh họa trực tiếp; ưu tiên bài ngắn
tidy.adj,tidy,gọn gàng,A2,todo,2,1350,False,60,45,Nghĩa có thể minh họa trực tiếp; ưu tiên bài ngắn
messy.adj,messy,bừa bộn,A2,todo,2,1351,False,60,45,Nghĩa có thể minh họa trực tiếp; ưu tiên bài ngắn
bright.adj.lighting,bright,sáng sủa,A2,todo,2,1352,False,60,45,Nghĩa có thể minh họa trực tiếp; ưu tiên bài ngắn
noisy.adj,noisy,ồn,A2,todo,2,1353,False,60,45,Nghĩa có thể minh họa trực tiếp; ưu tiên bài ngắn
fit.v.size,fit,vừa vặn,A2,todo,2,1354,False,60,45,Nghĩa có thể minh họa trực tiếp; ưu tiên bài ngắn
tight.adj,tight,"chật, bó",A2,todo,2,1355,False,60,45,Nghĩa có thể minh họa trực tiếp; ưu tiên bài ngắn
match.v,match,hợp tông với nhau,A2,todo,2,1356,False,60,45,Nghĩa có thể minh họa trực tiếp; ưu tiên bài ngắn
return.v.goods,return,trả lại hàng,A2,todo,2,1357,False,60,45,Nghĩa có thể minh họa trực tiếp; ưu tiên bài ngắn
pass.v,pass,thi đỗ,A2,todo,2,1358,False,60,45,Nghĩa có thể minh họa trực tiếp; ưu tiên bài ngắn
fail.v,fail,thi trượt,A2,todo,2,1359,False,60,45,Nghĩa có thể minh họa trực tiếp; ưu tiên bài ngắn
practise.v,practise,luyện tập,A2,todo,2,1360,False,60,45,Nghĩa có thể minh họa trực tiếp; ưu tiên bài ngắn
explain.v,explain,giải thích,A2,todo,2,1361,False,60,45,Nghĩa có thể minh họa trực tiếp; ưu tiên bài ngắn
correct.v,correct,sửa lỗi,A2,todo,2,1362,False,60,45,Nghĩa có thể minh họa trực tiếp; ưu tiên bài ngắn
improve.v,improve,cải thiện,A2,todo,2,1363,False,60,45,Nghĩa có thể minh họa trực tiếp; ưu tiên bài ngắn
reply.v,reply,trả lời thư,A2,todo,2,1364,False,60,45,Nghĩa có thể minh họa trực tiếp; ưu tiên bài ngắn
apply.v,apply,nộp đơn xin việc,A2,todo,2,1365,False,60,45,Nghĩa có thể minh họa trực tiếp; ưu tiên bài ngắn
full-time.adj,full-time,toàn thời gian,A2,todo,2,1366,False,60,45,Nghĩa có thể minh họa trực tiếp; ưu tiên bài ngắn
part-time.adj,part-time,bán thời gian,A2,todo,2,1367,False,60,45,Nghĩa có thể minh họa trực tiếp; ưu tiên bài ngắn
accept.v.offer,accept,nhận lời mời làm,A2,todo,2,1368,False,60,45,Nghĩa có thể minh họa trực tiếp; ưu tiên bài ngắn
install.v,install,cài đặt,A2,todo,2,1369,False,60,45,Nghĩa có thể minh họa trực tiếp; ưu tiên bài ngắn
update.v,update,cập nhật,A2,todo,2,1370,False,60,45,Nghĩa có thể minh họa trực tiếp; ưu tiên bài ngắn
upload.v,upload,tải lên,A2,todo,2,1371,False,60,45,Nghĩa có thể minh họa trực tiếp; ưu tiên bài ngắn
tap.v,tap,chạm màn hình,A2,todo,2,1372,False,60,45,Nghĩa có thể minh họa trực tiếp; ưu tiên bài ngắn
swipe.v,swipe,vuốt,A2,todo,2,1373,False,60,45,Nghĩa có thể minh họa trực tiếp; ưu tiên bài ngắn
paste.v,paste,dán,A2,todo,2,1374,False,60,45,Nghĩa có thể minh họa trực tiếp; ưu tiên bài ngắn
cut.v.clipboard,cut,cắt để di chuyển,A2,todo,2,1375,False,60,45,Nghĩa có thể minh họa trực tiếp; ưu tiên bài ngắn
undo.v,undo,hoàn tác,A2,todo,2,1376,False,60,45,Nghĩa có thể minh họa trực tiếp; ưu tiên bài ngắn
offline.adj,offline,ngoại tuyến,A2,todo,2,1377,False,60,45,Nghĩa có thể minh họa trực tiếp; ưu tiên bài ngắn
logout.v,logout,đăng xuất,A2,todo,2,1378,False,60,45,Nghĩa có thể minh họa trực tiếp; ưu tiên bài ngắn
post.v,post,đăng bài,A2,todo,2,1379,False,60,45,Nghĩa có thể minh họa trực tiếp; ưu tiên bài ngắn
comment.v,comment,bình luận,A2,todo,2,1380,False,60,45,Nghĩa có thể minh họa trực tiếp; ưu tiên bài ngắn
follow.v.social,follow,theo dõi ai đó,A2,todo,2,1381,False,60,45,Nghĩa có thể minh họa trực tiếp; ưu tiên bài ngắn
mute.v,mute,tắt tiếng,A2,todo,2,1382,False,60,45,Nghĩa có thể minh họa trực tiếp; ưu tiên bài ngắn
refresh.v,refresh,tải lại trang,A2,todo,2,1383,False,60,45,Nghĩa có thể minh họa trực tiếp; ưu tiên bài ngắn
unfollow.v,unfollow,bỏ theo dõi,A2,todo,2,1384,False,60,45,Nghĩa có thể minh họa trực tiếp; ưu tiên bài ngắn
cancel.v,cancel,huỷ chuyến,A2,todo,2,1385,False,60,45,Nghĩa có thể minh họa trực tiếp; ưu tiên bài ngắn
one-way.adj,one-way,một chiều,A2,todo,2,1386,False,60,45,Nghĩa có thể minh họa trực tiếp; ưu tiên bài ngắn
land.v,land,hạ cánh,A2,todo,2,1387,False,60,45,Nghĩa có thể minh họa trực tiếp; ưu tiên bài ngắn
cancel.v.booking,cancel,huỷ đặt phòng,A2,todo,2,1388,False,60,45,Nghĩa có thể minh họa trực tiếp; ưu tiên bài ngắn
comfortable.adj,comfortable,thoải mái,A2,todo,2,1389,False,60,45,Nghĩa có thể minh họa trực tiếp; ưu tiên bài ngắn
broken.adj,broken,bị hỏng,A2,todo,2,1390,False,60,45,Nghĩa có thể minh họa trực tiếp; ưu tiên bài ngắn
cross.v,cross,băng qua đường,A2,todo,2,1391,False,60,45,Nghĩa có thể minh họa trực tiếp; ưu tiên bài ngắn
follow.v.route,follow,"đi theo (đường, biển báo)",A2,todo,2,1392,False,60,45,Nghĩa có thể minh họa trực tiếp; ưu tiên bài ngắn
continue.v,continue,đi tiếp,A2,todo,2,1393,False,60,45,Nghĩa có thể minh họa trực tiếp; ưu tiên bài ngắn
pass.v.go-by,pass,đi qua,A2,todo,2,1394,False,60,45,Nghĩa có thể minh họa trực tiếp; ưu tiên bài ngắn
lost.adj,lost,bị lạc,A2,todo,2,1395,False,60,45,Nghĩa có thể minh họa trực tiếp; ưu tiên bài ngắn
crowded.adj,crowded,đông đúc,A2,todo,2,1396,False,60,45,Nghĩa có thể minh họa trực tiếp; ưu tiên bài ngắn
snowy.adj,snowy,có tuyết,A2,todo,2,1397,False,60,45,Nghĩa có thể minh họa trực tiếp; ưu tiên bài ngắn
wild.adj,wild,hoang dã,A2,todo,2,1398,False,60,45,Nghĩa có thể minh họa trực tiếp; ưu tiên bài ngắn
bite.v,bite,cắn,A2,todo,2,1399,False,60,45,Nghĩa có thể minh họa trực tiếp; ưu tiên bài ngắn
plant.v.grow,plant,trồng cây,A2,todo,2,1400,False,60,45,Nghĩa có thể minh họa trực tiếp; ưu tiên bài ngắn
water.v.garden,water,tưới cây,A2,todo,2,1401,False,60,45,Nghĩa có thể minh họa trực tiếp; ưu tiên bài ngắn
pick.v,pick,hái,A2,todo,2,1402,False,60,45,Nghĩa có thể minh họa trực tiếp; ưu tiên bài ngắn
dig.v,dig,đào,A2,todo,2,1403,False,60,45,Nghĩa có thể minh họa trực tiếp; ưu tiên bài ngắn
reduce.v.environment,reduce,giảm bớt,A2,todo,2,1404,False,60,45,Nghĩa có thể minh họa trực tiếp; ưu tiên bài ngắn
waste.v,waste,lãng phí,A2,todo,2,1405,False,60,45,Nghĩa có thể minh họa trực tiếp; ưu tiên bài ngắn
protect.v,protect,bảo vệ,A2,todo,2,1406,False,60,45,Nghĩa có thể minh họa trực tiếp; ưu tiên bài ngắn
green.adj.eco,green,thân thiện môi trường,A2,todo,2,1407,False,60,45,Nghĩa có thể minh họa trực tiếp; ưu tiên bài ngắn
volunteer.v,volunteer,làm tình nguyện,A2,todo,2,1408,False,60,45,Nghĩa có thể minh họa trực tiếp; ưu tiên bài ngắn
ban.v,ban,cấm,A2,todo,2,1409,False,60,45,Nghĩa có thể minh họa trực tiếp; ưu tiên bài ngắn
damage.v,damage,gây thiệt hại,A2,todo,2,1410,False,60,45,Nghĩa có thể minh họa trực tiếp; ưu tiên bài ngắn
lose.v,lose,thua (trận đấu),A2,todo,2,1411,False,60,45,Nghĩa có thể minh họa trực tiếp; ưu tiên bài ngắn
score.v,score,"ghi điểm, ghi bàn",A2,todo,2,1412,False,60,45,Nghĩa có thể minh họa trực tiếp; ưu tiên bài ngắn
compete.v,compete,thi đấu,A2,todo,2,1413,False,60,45,Nghĩa có thể minh họa trực tiếp; ưu tiên bài ngắn
pass.v.sport,pass,chuyền bóng,A2,todo,2,1414,False,60,45,Nghĩa có thể minh họa trực tiếp; ưu tiên bài ngắn
shoot.v.sport,shoot,"sút, ném bóng",A2,todo,2,1415,False,60,45,Nghĩa có thể minh họa trực tiếp; ưu tiên bài ngắn
train.v.sport,train,tập luyện,A2,todo,2,1416,False,60,45,Nghĩa có thể minh họa trực tiếp; ưu tiên bài ngắn
practice.v,practice,luyện tập,A2,todo,2,1417,False,60,45,Nghĩa có thể minh họa trực tiếp; ưu tiên bài ngắn
cheer.v,cheer,cổ vũ,A2,todo,2,1418,False,60,45,Nghĩa có thể minh họa trực tiếp; ưu tiên bài ngắn
live.adj,live,trực tiếp,A2,todo,2,1419,False,60,45,Nghĩa có thể minh họa trực tiếp; ưu tiên bài ngắn
subscribe.v,subscribe,đăng ký theo dõi,A2,todo,2,1420,False,60,45,Nghĩa có thể minh họa trực tiếp; ưu tiên bài ngắn
famous.adj,famous,nổi tiếng,A2,todo,2,1421,False,60,45,Nghĩa có thể minh họa trực tiếp; ưu tiên bài ngắn
perform.v,perform,biểu diễn,A2,todo,2,1422,False,60,45,Nghĩa có thể minh họa trực tiếp; ưu tiên bài ngắn
pause.v,pause,tạm dừng,A2,todo,2,1423,False,60,45,Nghĩa có thể minh họa trực tiếp; ưu tiên bài ngắn
record.v,record,thu âm,A2,todo,2,1424,False,60,45,Nghĩa có thể minh họa trực tiếp; ưu tiên bài ngắn
classical.adj,classical,(nhạc) cổ điển,A2,todo,2,1425,False,60,45,Nghĩa có thể minh họa trực tiếp; ưu tiên bài ngắn
edit.v,edit,"chỉnh sửa (ảnh, video)",A2,todo,2,1426,False,60,45,Nghĩa có thể minh họa trực tiếp; ưu tiên bài ngắn
act.v,act,diễn xuất,A2,todo,2,1427,False,60,45,Nghĩa có thể minh họa trực tiếp; ưu tiên bài ngắn
creative.adj,creative,sáng tạo,A2,todo,2,1428,False,60,45,Nghĩa có thể minh họa trực tiếp; ưu tiên bài ngắn
talented.adj,talented,có tài,A2,todo,2,1429,False,60,45,Nghĩa có thể minh họa trực tiếp; ưu tiên bài ngắn
pleased.adj,pleased,"hài lòng, vui",A2,todo,2,1430,False,60,45,Nghĩa có thể minh họa trực tiếp; ưu tiên bài ngắn
satisfied.adj,satisfied,hài lòng,A2,todo,2,1431,False,60,45,Nghĩa có thể minh họa trực tiếp; ưu tiên bài ngắn
proud.adj,proud,tự hào,A2,todo,2,1432,False,60,45,Nghĩa có thể minh họa trực tiếp; ưu tiên bài ngắn
calm.adj,calm,bình tĩnh,A2,todo,2,1433,False,60,45,Nghĩa có thể minh họa trực tiếp; ưu tiên bài ngắn
relaxed.adj,relaxed,"thư giãn, thoải mái",A2,todo,2,1434,False,60,45,Nghĩa có thể minh họa trực tiếp; ưu tiên bài ngắn
unhappy.adj,unhappy,không vui,A2,todo,2,1435,False,60,45,Nghĩa có thể minh họa trực tiếp; ưu tiên bài ngắn
upset.adj,upset,"buồn bực, khó chịu",A2,todo,2,1436,False,60,45,Nghĩa có thể minh họa trực tiếp; ưu tiên bài ngắn
disappointed.adj,disappointed,thất vọng,A2,todo,2,1437,False,60,45,Nghĩa có thể minh họa trực tiếp; ưu tiên bài ngắn
lonely.adj,lonely,cô đơn,A2,todo,2,1438,False,60,45,Nghĩa có thể minh họa trực tiếp; ưu tiên bài ngắn
mad.adj,mad,"điên tiết, tức giận",A2,todo,2,1439,False,60,45,Nghĩa có thể minh họa trực tiếp; ưu tiên bài ngắn
annoyed.adj,annoyed,"khó chịu, bực mình",A2,todo,2,1440,False,60,45,Nghĩa có thể minh họa trực tiếp; ưu tiên bài ngắn
frightened.adj,frightened,hoảng sợ,A2,todo,2,1441,False,60,45,Nghĩa có thể minh họa trực tiếp; ưu tiên bài ngắn
nervous.adj,nervous,"hồi hộp, lo lắng",A2,todo,2,1442,False,60,45,Nghĩa có thể minh họa trực tiếp; ưu tiên bài ngắn
amazed.adj,amazed,kinh ngạc,A2,todo,2,1443,False,60,45,Nghĩa có thể minh họa trực tiếp; ưu tiên bài ngắn
shocked.adj,shocked,"sốc, sửng sốt",A2,todo,2,1444,False,60,45,Nghĩa có thể minh họa trực tiếp; ưu tiên bài ngắn
confused.adj,confused,bối rối,A2,todo,2,1445,False,60,45,Nghĩa có thể minh họa trực tiếp; ưu tiên bài ngắn
embarrassed.adj,embarrassed,"xấu hổ, ngượng",A2,todo,2,1446,False,60,45,Nghĩa có thể minh họa trực tiếp; ưu tiên bài ngắn
curious.adj,curious,tò mò,A2,todo,2,1447,False,60,45,Nghĩa có thể minh họa trực tiếp; ưu tiên bài ngắn
hurt.adj,hurt,tổn thương,A2,todo,2,1448,False,60,45,Nghĩa có thể minh họa trực tiếp; ưu tiên bài ngắn
shake.v,shake,"run, lắc",A2,todo,2,1449,False,60,45,Nghĩa có thể minh họa trực tiếp; ưu tiên bài ngắn
scream.v,scream,hét lên (vì sợ),A2,todo,2,1450,False,60,45,Nghĩa có thể minh họa trực tiếp; ưu tiên bài ngắn
caring.adj,caring,hay quan tâm người khác,A2,todo,2,1451,False,60,45,Nghĩa có thể minh họa trực tiếp; ưu tiên bài ngắn
honest.adj,honest,trung thực,A2,todo,2,1452,False,60,45,Nghĩa có thể minh họa trực tiếp; ưu tiên bài ngắn
lying.adj,lying,hay nói dối,A2,todo,2,1453,False,60,45,Nghĩa có thể minh họa trực tiếp; ưu tiên bài ngắn
polite.adj,polite,lịch sự,A2,todo,2,1454,False,60,45,Nghĩa có thể minh họa trực tiếp; ưu tiên bài ngắn
rude.adj,rude,thô lỗ,A2,todo,2,1455,False,60,45,Nghĩa có thể minh họa trực tiếp; ưu tiên bài ngắn
confident.adj,confident,tự tin,A2,todo,2,1456,False,60,45,Nghĩa có thể minh họa trực tiếp; ưu tiên bài ngắn
brave.adj,brave,dũng cảm,A2,todo,2,1457,False,60,45,Nghĩa có thể minh họa trực tiếp; ưu tiên bài ngắn
shy.adj,shy,nhút nhát,A2,todo,2,1458,False,60,45,Nghĩa có thể minh họa trực tiếp; ưu tiên bài ngắn
quiet.adj.character,quiet,"trầm tính, ít nói",A2,todo,2,1459,False,60,45,Nghĩa có thể minh họa trực tiếp; ưu tiên bài ngắn
patient.adj,patient,kiên nhẫn,A2,todo,2,1460,False,60,45,Nghĩa có thể minh họa trực tiếp; ưu tiên bài ngắn
gentle.adj,gentle,"dịu dàng, hiền hoà",A2,todo,2,1461,False,60,45,Nghĩa có thể minh họa trực tiếp; ưu tiên bài ngắn
hard-working.adj,hard-working,chăm chỉ,A2,todo,2,1462,False,60,45,Nghĩa có thể minh họa trực tiếp; ưu tiên bài ngắn
careful.adj,careful,cẩn thận,A2,todo,2,1463,False,60,45,Nghĩa có thể minh họa trực tiếp; ưu tiên bài ngắn
serious.adj,serious,nghiêm túc,A2,todo,2,1464,False,60,45,Nghĩa có thể minh họa trực tiếp; ưu tiên bài ngắn
helpful.adj,helpful,hay giúp đỡ,A2,todo,2,1465,False,60,45,Nghĩa có thể minh họa trực tiếp; ưu tiên bài ngắn
funny.adj,funny,"hài hước, buồn cười",A2,todo,2,1466,False,60,45,Nghĩa có thể minh họa trực tiếp; ưu tiên bài ngắn
boring.adj,boring,nhàm chán,A2,todo,2,1467,False,60,45,Nghĩa có thể minh họa trực tiếp; ưu tiên bài ngắn
cold.adj,cold,lạnh lùng,A2,todo,2,1468,False,60,45,Nghĩa có thể minh họa trực tiếp; ưu tiên bài ngắn
independent.adj,independent,độc lập,A2,todo,2,1469,False,60,45,Nghĩa có thể minh họa trực tiếp; ưu tiên bài ngắn
weird.adj,weird,kỳ lạ,A2,todo,2,1470,False,60,45,Nghĩa có thể minh họa trực tiếp; ưu tiên bài ngắn
open.adj,open,"cởi mở, thẳng thắn",A2,todo,2,1471,False,60,45,Nghĩa có thể minh họa trực tiếp; ưu tiên bài ngắn
reply.v.response,reply,đáp lại,A2,todo,2,1472,False,60,45,Nghĩa có thể minh họa trực tiếp; ưu tiên bài ngắn
describe.v,describe,miêu tả,A2,todo,2,1473,False,60,45,Nghĩa có thể minh họa trực tiếp; ưu tiên bài ngắn
discuss.v,discuss,thảo luận,A2,todo,2,1474,False,60,45,Nghĩa có thể minh họa trực tiếp; ưu tiên bài ngắn
communicate.v,communicate,giao tiếp,A2,todo,2,1475,False,60,45,Nghĩa có thể minh họa trực tiếp; ưu tiên bài ngắn
announce.v,announce,thông báo,A2,todo,2,1476,False,60,45,Nghĩa có thể minh họa trực tiếp; ưu tiên bài ngắn
whisper.v,whisper,thì thầm,A2,todo,2,1477,False,60,45,Nghĩa có thể minh họa trực tiếp; ưu tiên bài ngắn
shout.v,shout,hét lên,A2,todo,2,1478,False,60,45,Nghĩa có thể minh họa trực tiếp; ưu tiên bài ngắn
pronounce.v,pronounce,phát âm,A2,todo,2,1479,False,60,45,Nghĩa có thể minh họa trực tiếp; ưu tiên bài ngắn
spell.v,spell,đánh vần,A2,todo,2,1480,False,60,45,Nghĩa có thể minh họa trực tiếp; ưu tiên bài ngắn
translate.v,translate,dịch,A2,todo,2,1481,False,60,45,Nghĩa có thể minh họa trực tiếp; ưu tiên bài ngắn
nod.v,nod,gật đầu,A2,todo,2,1482,False,60,45,Nghĩa có thể minh họa trực tiếp; ưu tiên bài ngắn
argue.v.debate,argue,tranh cãi,A2,todo,2,1483,False,60,45,Nghĩa có thể minh họa trực tiếp; ưu tiên bài ngắn
disagree.v,disagree,không đồng ý,A2,todo,2,1484,False,60,45,Nghĩa có thể minh họa trực tiếp; ưu tiên bài ngắn
complain.v.verbal,complain,phàn nàn,A2,todo,2,1485,False,60,45,Nghĩa có thể minh họa trực tiếp; ưu tiên bài ngắn
apologize.v,apologize,xin lỗi,A2,todo,2,1486,False,60,45,Nghĩa có thể minh họa trực tiếp; ưu tiên bài ngắn
introduce.v,introduce,giới thiệu,A2,todo,2,1487,False,60,45,Nghĩa có thể minh họa trực tiếp; ưu tiên bài ngắn
report.v,report,"tường thuật, báo cáo",A2,todo,2,1488,False,60,45,Nghĩa có thể minh họa trực tiếp; ưu tiên bài ngắn
lie.v,lie,nói dối,A2,todo,2,1489,False,60,45,Nghĩa có thể minh họa trực tiếp; ưu tiên bài ngắn
joke.v,joke,đùa,A2,todo,2,1490,False,60,45,Nghĩa có thể minh họa trực tiếp; ưu tiên bài ngắn
silent.adj,silent,im lặng,A2,todo,2,1491,False,60,45,Nghĩa có thể minh họa trực tiếp; ưu tiên bài ngắn
research.v,research,nghiên cứu,A2,todo,2,1492,False,60,45,Nghĩa có thể minh họa trực tiếp; ưu tiên bài ngắn
observe.v,observe,quan sát,A2,todo,2,1493,False,60,45,Nghĩa có thể minh họa trực tiếp; ưu tiên bài ngắn
measure.v.science,measure,đo lường,A2,todo,2,1494,False,60,45,Nghĩa có thể minh họa trực tiếp; ưu tiên bài ngắn
calculate.v,calculate,tính toán,A2,todo,2,1495,False,60,45,Nghĩa có thể minh họa trực tiếp; ưu tiên bài ngắn
test.v.science,test,thử nghiệm,A2,todo,2,1496,False,60,45,Nghĩa có thể minh họa trực tiếp; ưu tiên bài ngắn
discover.v,discover,"phát hiện, khám phá",A2,todo,2,1497,False,60,45,Nghĩa có thể minh họa trực tiếp; ưu tiên bài ngắn
invent.v,invent,phát minh,A2,todo,2,1498,False,60,45,Nghĩa có thể minh họa trực tiếp; ưu tiên bài ngắn
freeze.v.physics,freeze,"đông đặc, đóng băng",A2,todo,2,1499,False,60,45,Nghĩa có thể minh họa trực tiếp; ưu tiên bài ngắn
scientific.adj,scientific,thuộc khoa học,A2,todo,2,1500,False,60,45,Nghĩa có thể minh họa trực tiếp; ưu tiên bài ngắn
chemical.adj,chemical,thuộc hoá học,A2,todo,2,1501,False,60,45,Nghĩa có thể minh họa trực tiếp; ưu tiên bài ngắn
physical.adj,physical,thuộc vật lý,A2,todo,2,1502,False,60,45,Nghĩa có thể minh họa trực tiếp; ưu tiên bài ngắn
compare.v,compare,so sánh,A2,todo,2,1503,False,60,45,Nghĩa có thể minh họa trực tiếp; ưu tiên bài ngắn
increase.v.science,increase,tăng,A2,todo,2,1504,False,60,45,Nghĩa có thể minh họa trực tiếp; ưu tiên bài ngắn
decrease.v.science,decrease,giảm,A2,todo,2,1505,False,60,45,Nghĩa có thể minh họa trực tiếp; ưu tiên bài ngắn
whole.adj,whole,toàn bộ,A2,todo,2,1506,False,60,45,Nghĩa có thể minh họa trực tiếp; ưu tiên bài ngắn
single.adj.only-one,single,"chỉ một, duy nhất",A2,todo,2,1507,False,60,45,Nghĩa có thể minh họa trực tiếp; ưu tiên bài ngắn
double.adj,double,gấp đôi,A2,todo,2,1508,False,60,45,Nghĩa có thể minh họa trực tiếp; ưu tiên bài ngắn
extra.adj,extra,"thêm, phụ trội",A2,todo,2,1509,False,60,45,Nghĩa có thể minh họa trực tiếp; ưu tiên bài ngắn
weigh.v,weigh,"cân, có trọng lượng",A2,todo,2,1510,False,60,45,Nghĩa có thể minh họa trực tiếp; ưu tiên bài ngắn
huge.adj,huge,to lớn,A2,todo,2,1511,False,60,45,Nghĩa có thể minh họa trực tiếp; ưu tiên bài ngắn
tiny.adj,tiny,bé xíu,A2,todo,2,1512,False,60,45,Nghĩa có thể minh họa trực tiếp; ưu tiên bài ngắn
narrow.adj,narrow,hẹp,A2,todo,2,1513,False,60,45,Nghĩa có thể minh họa trực tiếp; ưu tiên bài ngắn
thick.adj,thick,dày,A2,todo,2,1514,False,60,45,Nghĩa có thể minh họa trực tiếp; ưu tiên bài ngắn
thin.adj,thin,mỏng,A2,todo,2,1515,False,60,45,Nghĩa có thể minh họa trực tiếp; ưu tiên bài ngắn
deep.adj,deep,sâu,A2,todo,2,1516,False,60,45,Nghĩa có thể minh họa trực tiếp; ưu tiên bài ngắn
flat.adj,flat,"phẳng, bẹt",A2,todo,2,1517,False,60,45,Nghĩa có thể minh họa trực tiếp; ưu tiên bài ngắn
equal.adj,equal,bằng nhau,A2,todo,2,1518,False,60,45,Nghĩa có thể minh họa trực tiếp; ưu tiên bài ngắn
have.v.consume,have,"ăn, uống (have breakfast)",A2,todo,2,1519,False,60,45,Nghĩa có thể minh họa trực tiếp; ưu tiên bài ngắn
have.v.experience,have,trải qua (have a good time),A2,todo,2,1520,False,60,45,Nghĩa có thể minh họa trực tiếp; ưu tiên bài ngắn
get.v.become,get,trở nên (get tired),A2,todo,2,1521,False,60,45,Nghĩa có thể minh họa trực tiếp; ưu tiên bài ngắn
get.v.arrive,get,đến nơi,A2,todo,2,1522,False,60,45,Nghĩa có thể minh họa trực tiếp; ưu tiên bài ngắn
get.v.catch-transport,get,"bắt, đón (phương tiện)",A2,todo,2,1523,False,60,45,Nghĩa có thể minh họa trực tiếp; ưu tiên bài ngắn
keep.v.continue,keep,tiếp tục làm việc gì,A2,todo,2,1524,False,60,45,Nghĩa có thể minh họa trực tiếp; ưu tiên bài ngắn
break.v.malfunction,break,hỏng (máy móc),A2,todo,2,1525,False,60,45,Nghĩa có thể minh họa trực tiếp; ưu tiên bài ngắn
set.v.place-down,set,đặt xuống,A2,todo,2,1526,False,60,45,Nghĩa có thể minh họa trực tiếp; ưu tiên bài ngắn
call.v.name,call,"gọi tên, đặt tên",A2,todo,2,1527,False,60,45,Nghĩa có thể minh họa trực tiếp; ưu tiên bài ngắn
move.v.relocate,move,chuyển nhà,A2,todo,2,1528,False,60,45,Nghĩa có thể minh họa trực tiếp; ưu tiên bài ngắn
try.v.test,try,"thử (nếm, mặc thử)",A2,todo,2,1529,False,60,45,Nghĩa có thể minh họa trực tiếp; ưu tiên bài ngắn
feel.v.touch-sense,feel,"sờ, cảm nhận bằng tay",A2,todo,2,1530,False,60,45,Nghĩa có thể minh họa trực tiếp; ưu tiên bài ngắn
leave.v.leave-behind,leave,để lại,A2,todo,2,1531,False,60,45,Nghĩa có thể minh họa trực tiếp; ưu tiên bài ngắn
come.v.originate,come,"xảy đến, xuất phát từ",A2,todo,2,1532,False,60,45,Nghĩa có thể minh họa trực tiếp; ưu tiên bài ngắn
work.v.function,work,"hoạt động tốt, có hiệu quả",A2,todo,2,1533,False,60,45,Nghĩa có thể minh họa trực tiếp; ưu tiên bài ngắn
become.v.turn-into,become,trở thành,A2,todo,2,1534,False,60,45,Nghĩa có thể minh họa trực tiếp; ưu tiên bài ngắn
start.v.start-engine,start,khởi động (máy),A2,todo,2,1535,False,60,45,Nghĩa có thể minh họa trực tiếp; ưu tiên bài ngắn
stop.v.prevent-basic,stop,ngăn chặn,A2,todo,2,1536,False,60,45,Nghĩa có thể minh họa trực tiếp; ưu tiên bài ngắn
continue.v.carry-on,continue,tiếp tục,A2,todo,2,1537,False,60,45,Nghĩa có thể minh họa trực tiếp; ưu tiên bài ngắn
change.v.exchange,change,"đổi (tiền, quần áo)",A2,todo,2,1538,False,60,45,Nghĩa có thể minh họa trực tiếp; ưu tiên bài ngắn
grow.v.cultivate,grow,trồng (cây),A2,todo,2,1539,False,60,45,Nghĩa có thể minh họa trực tiếp; ưu tiên bài ngắn
pay.v.attend,pay,chú ý (pay attention),A2,todo,2,1540,False,60,45,Nghĩa có thể minh họa trực tiếp; ưu tiên bài ngắn
receive.v.get-received,receive,nhận,A2,todo,2,1541,False,60,45,Nghĩa có thể minh họa trực tiếp; ưu tiên bài ngắn
fill.v.fill-up,fill,làm đầy,A2,todo,2,1542,False,60,45,Nghĩa có thể minh họa trực tiếp; ưu tiên bài ngắn
catch.v.catch-transport,catch,bắt kịp (phương tiện),A2,todo,2,1543,False,60,45,Nghĩa có thể minh họa trực tiếp; ưu tiên bài ngắn
drop.v.let-fall,drop,làm rơi,A2,todo,2,1544,False,60,45,Nghĩa có thể minh họa trực tiếp; ưu tiên bài ngắn
pick.v.choose-basic,pick,chọn,A2,todo,2,1545,False,60,45,Nghĩa có thể minh họa trực tiếp; ưu tiên bài ngắn
lift.v.raise-up,lift,nâng lên,A2,todo,2,1546,False,60,45,Nghĩa có thể minh họa trực tiếp; ưu tiên bài ngắn
raise.v.raise-basic,raise,"nâng, giơ lên",A2,todo,2,1547,False,60,45,Nghĩa có thể minh họa trực tiếp; ưu tiên bài ngắn
create.v.generate,create,tạo ra,A2,todo,2,1548,False,60,45,Nghĩa có thể minh họa trực tiếp; ưu tiên bài ngắn
fix.v.repair-item,fix,sửa chữa,A2,todo,2,1549,False,60,45,Nghĩa có thể minh họa trực tiếp; ưu tiên bài ngắn
join.v.participate,join,tham gia,A2,todo,2,1550,False,60,45,Nghĩa có thể minh họa trực tiếp; ưu tiên bài ngắn
connect.v.link,connect,kết nối,A2,todo,2,1551,False,60,45,Nghĩa có thể minh họa trực tiếp; ưu tiên bài ngắn
add.v.sum,add,cộng (số học),A2,todo,2,1552,False,60,45,Nghĩa có thể minh họa trực tiếp; ưu tiên bài ngắn
remove.v.take-away,remove,loại bỏ,A2,todo,2,1553,False,60,45,Nghĩa có thể minh họa trực tiếp; ưu tiên bài ngắn
save.v.rescue,save,cứu,A2,todo,2,1554,False,60,45,Nghĩa có thể minh họa trực tiếp; ưu tiên bài ngắn
spend.v.spend-time,spend,dành (thời gian),A2,todo,2,1555,False,60,45,Nghĩa có thể minh họa trực tiếp; ưu tiên bài ngắn
own.v.possess-own,own,sở hữu,A2,todo,2,1556,False,60,45,Nghĩa có thể minh họa trực tiếp; ưu tiên bài ngắn
accept.v.accept-basic,accept,chấp nhận,A2,todo,2,1557,False,60,45,Nghĩa có thể minh họa trực tiếp; ưu tiên bài ngắn
plan.v.arrange-plan,plan,lên kế hoạch,A2,todo,2,1558,False,60,45,Nghĩa có thể minh họa trực tiếp; ưu tiên bài ngắn
cancel.v.call-off,cancel,hủy bỏ,A2,todo,2,1559,False,60,45,Nghĩa có thể minh họa trực tiếp; ưu tiên bài ngắn
stay.v.remain-state,stay,duy trì trạng thái (stay calm),A2,todo,2,1560,False,60,45,Nghĩa có thể minh họa trực tiếp; ưu tiên bài ngắn
travel.v.travel-basic,travel,"đi du lịch, di chuyển xa",A2,todo,2,1561,False,60,45,Nghĩa có thể minh họa trực tiếp; ưu tiên bài ngắn
climb.v.climb-basic,climb,"leo, trèo",A2,todo,2,1562,False,60,45,Nghĩa có thể minh họa trực tiếp; ưu tiên bài ngắn
follow.v.follow-basic,follow,đi theo,A2,todo,2,1563,False,60,45,Nghĩa có thể minh họa trực tiếp; ưu tiên bài ngắn
fail.v.fail-basic,fail,thất bại,A2,todo,2,1564,False,60,45,Nghĩa có thể minh họa trực tiếp; ưu tiên bài ngắn
worry.v.worry-basic,worry,lo lắng,A2,todo,2,1565,False,60,45,Nghĩa có thể minh họa trực tiếp; ưu tiên bài ngắn
surprise.v.surprise-basic,surprise,làm ngạc nhiên,A2,todo,2,1566,False,60,45,Nghĩa có thể minh họa trực tiếp; ưu tiên bài ngắn
scare.v.frighten,scare,làm sợ,A2,todo,2,1567,False,60,45,Nghĩa có thể minh họa trực tiếp; ưu tiên bài ngắn
dream.v.dream-basic,dream,"mơ, mơ ước",A2,todo,2,1568,False,60,45,Nghĩa có thể minh họa trực tiếp; ưu tiên bài ngắn
guess.v.guess-basic,guess,đoán,A2,todo,2,1569,False,60,45,Nghĩa có thể minh họa trực tiếp; ưu tiên bài ngắn
notice.v.notice-basic,notice,"để ý, nhận thấy",A2,todo,2,1570,False,60,45,Nghĩa có thể minh họa trực tiếp; ưu tiên bài ngắn
miss.v.miss-emotion,miss,nhớ (ai đó),A2,todo,2,1571,False,60,45,Nghĩa có thể minh họa trực tiếp; ưu tiên bài ngắn
miss.v.miss-transport,miss,"lỡ (chuyến, cơ hội)",A2,todo,2,1572,False,60,45,Nghĩa có thể minh họa trực tiếp; ưu tiên bài ngắn
serve.v.serve-basic,serve,phục vụ,A2,todo,2,1573,False,60,45,Nghĩa có thể minh họa trực tiếp; ưu tiên bài ngắn
tie.v.tie-basic,tie,"buộc, thắt",A2,todo,2,1574,False,60,45,Nghĩa có thể minh họa trực tiếp; ưu tiên bài ngắn
mark.v.mark-basic,mark,đánh dấu,A2,todo,2,1575,False,60,45,Nghĩa có thể minh họa trực tiếp; ưu tiên bài ngắn
cover.v.cover-basic,cover,che phủ,A2,todo,2,1576,False,60,45,Nghĩa có thể minh họa trực tiếp; ưu tiên bài ngắn
burn.v.burn-basic,burn,"đốt, bị cháy",A2,todo,2,1577,False,60,45,Nghĩa có thể minh họa trực tiếp; ưu tiên bài ngắn
develop.v.develop-basic,develop,phát triển,A2,todo,2,1578,False,60,45,Nghĩa có thể minh họa trực tiếp; ưu tiên bài ngắn
provide.v.provide-basic,provide,cung cấp,A2,todo,2,1579,False,60,45,Nghĩa có thể minh họa trực tiếp; ưu tiên bài ngắn
deliver.v.deliver-basic,deliver,giao hàng,A2,todo,2,1580,False,60,45,Nghĩa có thể minh họa trực tiếp; ưu tiên bài ngắn
collect.v.collect-basic,collect,thu thập,A2,todo,2,1581,False,60,45,Nghĩa có thể minh họa trực tiếp; ưu tiên bài ngắn
welcome.v.welcome-basic,welcome,chào đón,A2,todo,2,1582,False,60,45,Nghĩa có thể minh họa trực tiếp; ưu tiên bài ngắn
organize.v.organize-basic,organize,"tổ chức, sắp xếp",A2,todo,2,1583,False,60,45,Nghĩa có thể minh họa trực tiếp; ưu tiên bài ngắn
solve.v.solve-basic,solve,"giải quyết (vấn đề, bài toán)",A2,todo,2,1584,False,60,45,Nghĩa có thể minh họa trực tiếp; ưu tiên bài ngắn
hide.v.hide-basic,hide,"giấu, trốn",A2,todo,2,1585,False,60,45,Nghĩa có thể minh họa trực tiếp; ưu tiên bài ngắn
search.v.search-basic,search,"tìm kiếm, lục soát",A2,todo,2,1586,False,60,45,Nghĩa có thể minh họa trực tiếp; ưu tiên bài ngắn
discover.v.discover-basic,discover,khám phá ra,A2,todo,2,1587,False,60,45,Nghĩa có thể minh họa trực tiếp; ưu tiên bài ngắn
appear.v.appear-basic,appear,xuất hiện,A2,todo,2,1588,False,60,45,Nghĩa có thể minh họa trực tiếp; ưu tiên bài ngắn
disappear.v.disappear-basic,disappear,biến mất,A2,todo,2,1589,False,60,45,Nghĩa có thể minh họa trực tiếp; ưu tiên bài ngắn
control.v.control-basic,control,kiểm soát,A2,todo,2,1590,False,60,45,Nghĩa có thể minh họa trực tiếp; ưu tiên bài ngắn
large.adj.size,large,"lớn, rộng (trang trọng hơn big)",A2,todo,2,1591,False,60,45,Nghĩa có thể minh họa trực tiếp; ưu tiên bài ngắn
tiny.adj.size-extreme,tiny,"rất nhỏ, tí hon",A2,todo,2,1592,False,60,45,Nghĩa có thể minh họa trực tiếp; ưu tiên bài ngắn
huge.adj.size-extreme,huge,"khổng lồ, rất to",A2,todo,2,1593,False,60,45,Nghĩa có thể minh họa trực tiếp; ưu tiên bài ngắn
hard.adj.texture-firm,hard,cứng (vật chất),A2,todo,2,1594,False,60,45,Nghĩa có thể minh họa trực tiếp; ưu tiên bài ngắn
difficult.adj.difficult-basic,difficult,khó (đồng nghĩa hard),A2,todo,2,1595,False,60,45,Nghĩa có thể minh họa trực tiếp; ưu tiên bài ngắn
simple.adj.simple-basic,simple,đơn giản,A2,todo,2,1596,False,60,45,Nghĩa có thể minh họa trực tiếp; ưu tiên bài ngắn
dark.adj.dark-color,dark,"đen, sẫm màu",A2,todo,2,1597,False,60,45,Nghĩa có thể minh họa trực tiếp; ưu tiên bài ngắn
light.adj.light-color,light,"sáng (màu sắc, ánh sáng)",A2,todo,2,1598,False,60,45,Nghĩa có thể minh họa trực tiếp; ưu tiên bài ngắn
dangerous.adj.danger-basic,dangerous,nguy hiểm,A2,todo,2,1599,False,60,45,Nghĩa có thể minh họa trực tiếp; ưu tiên bài ngắn
common.adj.common-frequent,common,"phổ biến, thường gặp",A2,todo,2,1600,False,60,45,Nghĩa có thể minh họa trực tiếp; ưu tiên bài ngắn
thin.adj.thin-body,thin,"gầy, ốm",A2,todo,2,1601,False,60,45,Nghĩa có thể minh họa trực tiếp; ưu tiên bài ngắn
spicy.adj.spicy-basic,spicy,"cay, nhiều gia vị",A2,todo,2,1602,False,60,45,Nghĩa có thể minh họa trực tiếp; ưu tiên bài ngắn
dry.adj.dry-basic,dry,khô,A2,todo,2,1603,False,60,45,Nghĩa có thể minh họa trực tiếp; ưu tiên bài ngắn
sharp.adj.sharp-physical,sharp,"sắc, nhọn",A2,todo,2,1604,False,60,45,Nghĩa có thể minh họa trực tiếp; ưu tiên bài ngắn
ugly.adj.ugly-basic,ugly,"xấu, xấu xí",A2,todo,2,1605,False,60,45,Nghĩa có thể minh họa trực tiếp; ưu tiên bài ngắn
handsome.adj.handsome-basic,handsome,đẹp trai,A2,todo,2,1606,False,60,45,Nghĩa có thể minh họa trực tiếp; ưu tiên bài ngắn
false.adj.false-basic,false,"sai, giả",A2,todo,2,1607,False,60,45,Nghĩa có thể minh họa trực tiếp; ưu tiên bài ngắn
hardworking.adj.hardworking-basic,hardworking,chăm chỉ,A2,todo,2,1608,False,60,45,Nghĩa có thể minh họa trực tiếp; ưu tiên bài ngắn
clever.adj.clever-basic,clever,"thông minh, khôn khéo",A2,todo,2,1609,False,60,45,Nghĩa có thể minh họa trực tiếp; ưu tiên bài ngắn
stupid.adj.stupid-basic,stupid,"ngu ngốc, ngớ ngẩn",A2,todo,2,1610,False,60,45,Nghĩa có thể minh họa trực tiếp; ưu tiên bài ngắn
crazy.adj.crazy-mental,crazy,"điên, mất trí",A2,todo,2,1611,False,60,45,Nghĩa có thể minh họa trực tiếp; ưu tiên bài ngắn
exciting.adj.exciting-basic,exciting,"hấp dẫn, thú vị",A2,todo,2,1612,False,60,45,Nghĩa có thể minh họa trực tiếp; ưu tiên bài ngắn
amazing.adj.amazing-basic,amazing,"tuyệt vời, kinh ngạc",A2,todo,2,1613,False,60,45,Nghĩa có thể minh họa trực tiếp; ưu tiên bài ngắn
wonderful.adj.wonderful-basic,wonderful,tuyệt vời,A2,todo,2,1614,False,60,45,Nghĩa có thể minh họa trực tiếp; ưu tiên bài ngắn
terrible.adj.terrible-basic,terrible,"kinh khủng, tệ hại",A2,todo,2,1615,False,60,45,Nghĩa có thể minh họa trực tiếp; ưu tiên bài ngắn
excellent.adj.excellent-basic,excellent,xuất sắc,A2,todo,2,1616,False,60,45,Nghĩa có thể minh họa trực tiếp; ưu tiên bài ngắn
perfect.adj.perfect-basic,perfect,hoàn hảo,A2,todo,2,1617,False,60,45,Nghĩa có thể minh họa trực tiếp; ưu tiên bài ngắn
clear.adj.clear-understand,clear,"rõ ràng, dễ hiểu",A2,todo,2,1618,False,60,45,Nghĩa có thể minh họa trực tiếp; ưu tiên bài ngắn
clear.adj.clear-transparent,clear,"trong, trong suốt",A2,todo,2,1619,False,60,45,Nghĩa có thể minh họa trực tiếp; ưu tiên bài ngắn
strange.adj.strange-basic,strange,"lạ, kỳ lạ",A2,todo,2,1620,False,60,45,Nghĩa có thể minh họa trực tiếp; ưu tiên bài ngắn
normal.adj.normal-basic,normal,bình thường,A2,todo,2,1621,False,60,45,Nghĩa có thể minh họa trực tiếp; ưu tiên bài ngắn
useful.adj.useful-basic,useful,hữu ích,A2,todo,2,1622,False,60,45,Nghĩa có thể minh họa trực tiếp; ưu tiên bài ngắn
able.adj.able-basic,able,có khả năng làm được,A2,todo,2,1623,False,60,45,Nghĩa có thể minh họa trực tiếp; ưu tiên bài ngắn
ill.adj.ill-basic,ill,"ốm, bệnh (trang trọng hơn sick)",A2,todo,2,1624,False,60,45,Nghĩa có thể minh họa trực tiếp; ưu tiên bài ngắn
plain.adj.plain-simple,plain,"đơn giản, không cầu kỳ",A2,todo,2,1625,False,60,45,Nghĩa có thể minh họa trực tiếp; ưu tiên bài ngắn
fair.adj.fair-just,fair,công bằng,A2,todo,2,1626,False,60,45,Nghĩa có thể minh họa trực tiếp; ưu tiên bài ngắn
odd.adj.odd-number,odd,lẻ (số),A2,todo,2,1627,False,60,45,Nghĩa có thể minh họa trực tiếp; ưu tiên bài ngắn
even.adj.even-number,even,chẵn (số),A2,todo,2,1628,False,60,45,Nghĩa có thể minh họa trực tiếp; ưu tiên bài ngắn
tight.adj.tight-clothes,tight,chật (quần áo),A2,todo,2,1629,False,60,45,Nghĩa có thể minh họa trực tiếp; ưu tiên bài ngắn
uncomfortable.adj.uncomfortable-basic,uncomfortable,"khó chịu, không thoải mái",A2,todo,2,1630,False,60,45,Nghĩa có thể minh họa trực tiếp; ưu tiên bài ngắn
modern.adj.modern-basic,modern,hiện đại,A2,todo,2,1631,False,60,45,Nghĩa có thể minh họa trực tiếp; ưu tiên bài ngắn
ancient.adj.ancient-basic,ancient,cổ xưa,A2,todo,2,1632,False,60,45,Nghĩa có thể minh họa trực tiếp; ưu tiên bài ngắn
traditional.adj.traditional-basic,traditional,truyền thống,A2,todo,2,1633,False,60,45,Nghĩa có thể minh họa trực tiếp; ưu tiên bài ngắn
popular.adj.popular-basic,popular,"nổi tiếng, được yêu thích",A2,todo,2,1634,False,60,45,Nghĩa có thể minh họa trực tiếp; ưu tiên bài ngắn
successful.adj.successful-basic,successful,thành công,A2,todo,2,1635,False,60,45,Nghĩa có thể minh họa trực tiếp; ưu tiên bài ngắn
unlucky.adj.unlucky-basic,unlucky,xui xẻo,A2,todo,2,1636,False,60,45,Nghĩa có thể minh họa trực tiếp; ưu tiên bài ngắn
active.adj.active-basic,active,"năng động, hoạt bát",A2,todo,2,1637,False,60,45,Nghĩa có thể minh họa trực tiếp; ưu tiên bài ngắn
positive.adj.positive-attitude,positive,tích cực,A2,todo,2,1638,False,60,45,Nghĩa có thể minh họa trực tiếp; ưu tiên bài ngắn
negative.adj.negative-attitude,negative,tiêu cực,A2,todo,2,1639,False,60,45,Nghĩa có thể minh họa trực tiếp; ưu tiên bài ngắn
frightened.adj.frightened-basic,frightened,sợ hãi,A2,todo,2,1640,False,60,45,Nghĩa có thể minh họa trực tiếp; ưu tiên bài ngắn
habit.n,habit,thói quen,A2,todo,3,1641,False,60,45,Nghĩa có thể minh họa trực tiếp; ưu tiên bài ngắn
schedule.n,schedule,lịch trình,A2,todo,3,1642,False,60,45,Nghĩa có thể minh họa trực tiếp; ưu tiên bài ngắn
housework.n,housework,việc nhà,A2,todo,3,1643,False,60,45,Nghĩa có thể minh họa trực tiếp; ưu tiên bài ngắn
laundry.n,laundry,"đồ giặt, việc giặt giũ",A2,todo,3,1644,False,60,45,Nghĩa có thể minh họa trực tiếp; ưu tiên bài ngắn
bedtime.n,bedtime,giờ đi ngủ,A2,todo,3,1645,False,60,45,Nghĩa có thể minh họa trực tiếp; ưu tiên bài ngắn
day off.phr,day off,ngày được nghỉ,A2,todo,3,1646,False,60,45,Nghĩa có thể minh họa trực tiếp; ưu tiên bài ngắn
on time.phr,on time,đúng giờ,A2,todo,3,1647,False,60,45,Nghĩa có thể minh họa trực tiếp; ưu tiên bài ngắn
make the bed.phr,make the bed,dọn giường,A2,todo,3,1648,False,60,45,Nghĩa có thể minh họa trực tiếp; ưu tiên bài ngắn
do the dishes.phr,do the dishes,rửa chén bát,A2,todo,3,1649,False,60,45,Nghĩa có thể minh họa trực tiếp; ưu tiên bài ngắn
take out the trash.phr,take out the trash,đem rác đi đổ,A2,todo,3,1650,False,60,45,Nghĩa có thể minh họa trực tiếp; ưu tiên bài ngắn
pick up.phr.collect-person,pick up,đón ai đó,A2,todo,3,1651,False,60,45,Nghĩa có thể minh họa trực tiếp; ưu tiên bài ngắn
take a break.phr,take a break,nghỉ một lát,A2,todo,3,1652,False,60,45,Nghĩa có thể minh họa trực tiếp; ưu tiên bài ngắn
catch the bus.phr,catch the bus,kịp chuyến xe buýt,A2,todo,3,1653,False,60,45,Nghĩa có thể minh họa trực tiếp; ưu tiên bài ngắn
miss the bus.phr,miss the bus,lỡ chuyến xe,A2,todo,3,1654,False,60,45,Nghĩa có thể minh họa trực tiếp; ưu tiên bài ngắn
put away.phr,put away,cất đồ về chỗ cũ,A2,todo,3,1655,False,60,45,Nghĩa có thể minh họa trực tiếp; ưu tiên bài ngắn
grow up.phr,grow up,lớn lên,A2,todo,3,1656,False,60,45,Nghĩa có thể minh họa trực tiếp; ưu tiên bài ngắn
sore throat.phr,sore throat,viêm họng,A2,todo,3,1657,False,60,45,Nghĩa có thể minh họa trực tiếp; ưu tiên bài ngắn
waiting room.phr,waiting room,phòng chờ,A2,todo,3,1658,False,60,45,Nghĩa có thể minh họa trực tiếp; ưu tiên bài ngắn
street food.phr,street food,đồ ăn đường phố,A2,todo,3,1659,False,60,45,Nghĩa có thể minh họa trực tiếp; ưu tiên bài ngắn
soy sauce.phr,soy sauce,nước tương,A2,todo,3,1660,False,60,45,Nghĩa có thể minh họa trực tiếp; ưu tiên bài ngắn
fish sauce.phr,fish sauce,nước mắm,A2,todo,3,1661,False,60,45,Nghĩa có thể minh họa trực tiếp; ưu tiên bài ngắn
chilli sauce.phr,chilli sauce,tương ớt,A2,todo,3,1662,False,60,45,Nghĩa có thể minh họa trực tiếp; ưu tiên bài ngắn
slice of cake.phr,slice of cake,miếng bánh,A2,todo,3,1663,False,60,45,Nghĩa có thể minh họa trực tiếp; ưu tiên bài ngắn
rice cooker.phr,rice cooker,nồi cơm điện,A2,todo,3,1664,False,60,45,Nghĩa có thể minh họa trực tiếp; ưu tiên bài ngắn
wash up.phr,wash up,rửa bát,A2,todo,3,1665,False,60,45,Nghĩa có thể minh họa trực tiếp; ưu tiên bài ngắn
dining room.phr,dining room,phòng ăn,A2,todo,3,1666,False,60,45,Nghĩa có thể minh họa trực tiếp; ưu tiên bài ngắn
air conditioner.phr,air conditioner,máy điều hoà,A2,todo,3,1667,False,60,45,Nghĩa có thể minh họa trực tiếp; ưu tiên bài ngắn
washing machine.phr,washing machine,máy giặt,A2,todo,3,1668,False,60,45,Nghĩa có thể minh họa trực tiếp; ưu tiên bài ngắn
move in.phr,move in,dọn vào ở,A2,todo,3,1669,False,60,45,Nghĩa có thể minh họa trực tiếp; ưu tiên bài ngắn
move out.phr.leave-home,move out,dọn đi,A2,todo,3,1670,False,60,45,Nghĩa có thể minh họa trực tiếp; ưu tiên bài ngắn
ground floor.phr,ground floor,tầng trệt,A2,todo,3,1671,False,60,45,Nghĩa có thể minh họa trực tiếp; ưu tiên bài ngắn
upstairs.adv,upstairs,trên lầu,A2,todo,3,1672,False,60,45,Nghĩa có thể minh họa trực tiếp; ưu tiên bài ngắn
downstairs.adv,downstairs,dưới nhà,A2,todo,3,1673,False,60,45,Nghĩa có thể minh họa trực tiếp; ưu tiên bài ngắn
try on.phr,try on,mặc thử,A2,todo,3,1674,False,60,45,Nghĩa có thể minh họa trực tiếp; ưu tiên bài ngắn
sold out.phr,sold out,hết hàng,A2,todo,3,1675,False,60,45,Nghĩa có thể minh họa trực tiếp; ưu tiên bài ngắn
brand new.phr,brand new,mới tinh,A2,todo,3,1676,False,60,45,Nghĩa có thể minh họa trực tiếp; ưu tiên bài ngắn
credit card.phr,credit card,thẻ tín dụng,A2,todo,3,1677,False,60,45,Nghĩa có thể minh họa trực tiếp; ưu tiên bài ngắn
primary school.phr,primary school,trường tiểu học,A2,todo,3,1678,False,60,45,Nghĩa có thể minh họa trực tiếp; ưu tiên bài ngắn
secondary school.phr,secondary school,trường trung học,A2,todo,3,1679,False,60,45,Nghĩa có thể minh họa trực tiếp; ưu tiên bài ngắn
lunch break.phr,lunch break,giờ nghỉ trưa,A2,todo,3,1680,False,60,45,Nghĩa có thể minh họa trực tiếp; ưu tiên bài ngắn
schedule.n.work,schedule,lịch làm việc,A2,todo,3,1681,False,60,45,Nghĩa có thể minh họa trực tiếp; ưu tiên bài ngắn
flight attendant.phr,flight attendant,tiếp viên hàng không,A2,todo,3,1682,False,60,45,Nghĩa có thể minh họa trực tiếp; ưu tiên bài ngắn
security guard.phr,security guard,bảo vệ,A2,todo,3,1683,False,60,45,Nghĩa có thể minh họa trực tiếp; ưu tiên bài ngắn
scroll down.phr,scroll down,kéo xuống,A2,todo,3,1684,False,60,45,Nghĩa có thể minh họa trực tiếp; ưu tiên bài ngắn
web page.phr,web page,trang trong website,A2,todo,3,1685,False,60,45,Nghĩa có thể minh họa trực tiếp; ưu tiên bài ngắn
search engine.phr,search engine,công cụ tìm kiếm,A2,todo,3,1686,False,60,45,Nghĩa có thể minh họa trực tiếp; ưu tiên bài ngắn
sign up.phr,sign up,đăng ký tài khoản,A2,todo,3,1687,False,60,45,Nghĩa có thể minh họa trực tiếp; ưu tiên bài ngắn
video call.phr,video call,cuộc gọi video,A2,todo,3,1688,False,60,45,Nghĩa có thể minh họa trực tiếp; ưu tiên bài ngắn
check in.phr,check in,làm thủ tục,A2,todo,3,1689,False,60,45,Nghĩa có thể minh họa trực tiếp; ưu tiên bài ngắn
return ticket.phr,return ticket,vé khứ hồi,A2,todo,3,1690,False,60,45,Nghĩa có thể minh họa trực tiếp; ưu tiên bài ngắn
abroad.adv,abroad,ở nước ngoài,A2,todo,3,1691,False,60,45,Nghĩa có thể minh họa trực tiếp; ưu tiên bài ngắn
reception desk.phr,reception desk,quầy lễ tân,A2,todo,3,1692,False,60,45,Nghĩa có thể minh họa trực tiếp; ưu tiên bài ngắn
single room.phr,single room,phòng đơn,A2,todo,3,1693,False,60,45,Nghĩa có thể minh họa trực tiếp; ưu tiên bài ngắn
double room.phr,double room,phòng đôi,A2,todo,3,1694,False,60,45,Nghĩa có thể minh họa trực tiếp; ưu tiên bài ngắn
per night.phr,per night,mỗi đêm,A2,todo,3,1695,False,60,45,Nghĩa có thể minh họa trực tiếp; ưu tiên bài ngắn
key card.phr,key card,thẻ mở cửa phòng,A2,todo,3,1696,False,60,45,Nghĩa có thể minh họa trực tiếp; ưu tiên bài ngắn
air conditioning.phr,air conditioning,hệ thống điều hoà,A2,todo,3,1697,False,60,45,Nghĩa có thể minh họa trực tiếp; ưu tiên bài ngắn
breakfast included.phr,breakfast included,đã gồm bữa sáng,A2,todo,3,1698,False,60,45,Nghĩa có thể minh họa trực tiếp; ưu tiên bài ngắn
quiet room.phr,quiet room,phòng yên tĩnh,A2,todo,3,1699,False,60,45,Nghĩa có thể minh họa trực tiếp; ưu tiên bài ngắn
front desk.phr,front desk,quầy trước sảnh,A2,todo,3,1700,False,60,45,Nghĩa có thể minh họa trực tiếp; ưu tiên bài ngắn
sea view.phr,sea view,nhìn ra biển,A2,todo,3,1701,False,60,45,Nghĩa có thể minh họa trực tiếp; ưu tiên bài ngắn
city view.phr,city view,nhìn ra thành phố,A2,todo,3,1702,False,60,45,Nghĩa có thể minh họa trực tiếp; ưu tiên bài ngắn
traffic light.phr,traffic light,đèn giao thông,A2,todo,3,1703,False,60,45,Nghĩa có thể minh họa trực tiếp; ưu tiên bài ngắn
police station.phr,police station,đồn cảnh sát,A2,todo,3,1704,False,60,45,Nghĩa có thể minh họa trực tiếp; ưu tiên bài ngắn
fire station.phr,fire station,trạm cứu hoả,A2,todo,3,1705,False,60,45,Nghĩa có thể minh họa trực tiếp; ưu tiên bài ngắn
petrol station.phr,petrol station,trạm xăng,A2,todo,3,1706,False,60,45,Nghĩa có thể minh họa trực tiếp; ưu tiên bài ngắn
car park.phr,car park,bãi đỗ xe,A2,todo,3,1707,False,60,45,Nghĩa có thể minh họa trực tiếp; ưu tiên bài ngắn
ahead.adv,ahead,phía trước,A2,todo,3,1708,False,60,45,Nghĩa có thể minh họa trực tiếp; ưu tiên bài ngắn
arrive at.phr,arrive at,đến một nơi,A2,todo,3,1709,False,60,45,Nghĩa có thể minh họa trực tiếp; ưu tiên bài ngắn
busy street.phr,busy street,phố đông xe,A2,todo,3,1710,False,60,45,Nghĩa có thể minh họa trực tiếp; ưu tiên bài ngắn
public transport.phr,public transport,giao thông công cộng,A2,todo,3,1711,False,60,45,Nghĩa có thể minh họa trực tiếp; ưu tiên bài ngắn
clear sky.phr,clear sky,trời quang,A2,todo,3,1712,False,60,45,Nghĩa có thể minh họa trực tiếp; ưu tiên bài ngắn
turn off.phr.environment,turn off,"tắt (điện, nước)",A2,todo,3,1713,False,60,45,Nghĩa có thể minh họa trực tiếp; ưu tiên bài ngắn
bike to work.phr,bike to work,đạp xe đi làm,A2,todo,3,1714,False,60,45,Nghĩa có thể minh họa trực tiếp; ưu tiên bài ngắn
save energy.phr,save energy,tiết kiệm năng lượng,A2,todo,3,1715,False,60,45,Nghĩa có thể minh họa trực tiếp; ưu tiên bài ngắn
work out.phr,work out,tập luyện thể hình,A2,todo,3,1716,False,60,45,Nghĩa có thể minh họa trực tiếp; ưu tiên bài ngắn
lift weights.phr,lift weights,nâng tạ,A2,todo,3,1717,False,60,45,Nghĩa có thể minh họa trực tiếp; ưu tiên bài ngắn
emotion.n,emotion,cảm xúc,A2,todo,3,1718,False,60,45,Nghĩa có thể minh họa trực tiếp; ưu tiên bài ngắn
mood.n,mood,tâm trạng,A2,todo,3,1719,False,60,45,Nghĩa có thể minh họa trực tiếp; ưu tiên bài ngắn
hate.n,hate,sự căm ghét,A2,todo,3,1720,False,60,45,Nghĩa có thể minh họa trực tiếp; ưu tiên bài ngắn
passion.n,passion,niềm đam mê,A2,todo,3,1721,False,60,45,Nghĩa có thể minh họa trực tiếp; ưu tiên bài ngắn
calm down.phr,calm down,bình tĩnh lại,A2,todo,3,1722,False,60,45,Nghĩa có thể minh họa trực tiếp; ưu tiên bài ngắn
cheer up.phr,cheer up,vui lên,A2,todo,3,1723,False,60,45,Nghĩa có thể minh họa trực tiếp; ưu tiên bài ngắn
joy.n,joy,niềm vui,A2,todo,3,1724,False,60,45,Nghĩa có thể minh họa trực tiếp; ưu tiên bài ngắn
personality.n,personality,tính cách,A2,todo,3,1725,False,60,45,Nghĩa có thể minh họa trực tiếp; ưu tiên bài ngắn
kindness.n,kindness,lòng tốt,A2,todo,3,1726,False,60,45,Nghĩa có thể minh họa trực tiếp; ưu tiên bài ngắn
attitude.n,attitude,thái độ sống,A2,todo,3,1727,False,60,45,Nghĩa có thể minh họa trực tiếp; ưu tiên bài ngắn
behaviour.n,behaviour,hành vi,A2,todo,3,1728,False,60,45,Nghĩa có thể minh họa trực tiếp; ưu tiên bài ngắn
strength.n,strength,điểm mạnh,A2,todo,3,1729,False,60,45,Nghĩa có thể minh họa trực tiếp; ưu tiên bài ngắn
weakness.n,weakness,điểm yếu,A2,todo,3,1730,False,60,45,Nghĩa có thể minh họa trực tiếp; ưu tiên bài ngắn
conversation.n,conversation,cuộc trò chuyện,A2,todo,3,1731,False,60,45,Nghĩa có thể minh họa trực tiếp; ưu tiên bài ngắn
discussion.n,discussion,cuộc thảo luận,A2,todo,3,1732,False,60,45,Nghĩa có thể minh họa trực tiếp; ưu tiên bài ngắn
speech.n,speech,bài phát biểu,A2,todo,3,1733,False,60,45,Nghĩa có thể minh họa trực tiếp; ưu tiên bài ngắn
vocabulary.n,vocabulary,vốn từ vựng,A2,todo,3,1734,False,60,45,Nghĩa có thể minh họa trực tiếp; ưu tiên bài ngắn
pronunciation.n,pronunciation,cách phát âm,A2,todo,3,1735,False,60,45,Nghĩa có thể minh họa trực tiếp; ưu tiên bài ngắn
translation.n,translation,bản dịch,A2,todo,3,1736,False,60,45,Nghĩa có thể minh họa trực tiếp; ưu tiên bài ngắn
speaker.n.person,speaker,người nói,A2,todo,3,1737,False,60,45,Nghĩa có thể minh họa trực tiếp; ưu tiên bài ngắn
listener.n,listener,người nghe,A2,todo,3,1738,False,60,45,Nghĩa có thể minh họa trực tiếp; ưu tiên bài ngắn
spelling.n,spelling,"cách đánh vần, chính tả",A2,todo,3,1739,False,60,45,Nghĩa có thể minh họa trực tiếp; ưu tiên bài ngắn
adverb.n,adverb,trạng từ,A2,todo,3,1740,False,60,45,Nghĩa có thể minh họa trực tiếp; ưu tiên bài ngắn
pronoun.n,pronoun,đại từ,A2,todo,3,1741,False,60,45,Nghĩa có thể minh họa trực tiếp; ưu tiên bài ngắn
preposition.n,preposition,giới từ,A2,todo,3,1742,False,60,45,Nghĩa có thể minh họa trực tiếp; ưu tiên bài ngắn
research.n,research,nghiên cứu,A2,todo,3,1743,False,60,45,Nghĩa có thể minh họa trực tiếp; ưu tiên bài ngắn
experiment.n,experiment,thí nghiệm,A2,todo,3,1744,False,60,45,Nghĩa có thể minh họa trực tiếp; ưu tiên bài ngắn
lab.n,lab,phòng thí nghiệm (viết tắt),A2,todo,3,1745,False,60,45,Nghĩa có thể minh họa trực tiếp; ưu tiên bài ngắn
graph.n,graph,đồ thị,A2,todo,3,1746,False,60,45,Nghĩa có thể minh họa trực tiếp; ưu tiên bài ngắn
chart.n.data,chart,biểu đồ,A2,todo,3,1747,False,60,45,Nghĩa có thể minh họa trực tiếp; ưu tiên bài ngắn
average.n.statistics,average,giá trị trung bình,A2,todo,3,1748,False,60,45,Nghĩa có thể minh họa trực tiếp; ưu tiên bài ngắn
physics.n,physics,vật lý,A2,todo,3,1749,False,60,45,Nghĩa có thể minh họa trực tiếp; ưu tiên bài ngắn
force.n,force,lực,A2,todo,3,1750,False,60,45,Nghĩa có thể minh họa trực tiếp; ưu tiên bài ngắn
weight.n.physics,weight,trọng lượng (vật lý),A2,todo,3,1751,False,60,45,Nghĩa có thể minh họa trực tiếp; ưu tiên bài ngắn
heat.n.physics,heat,nhiệt (vật lý),A2,todo,3,1752,False,60,45,Nghĩa có thể minh họa trực tiếp; ưu tiên bài ngắn
chemistry.n,chemistry,hoá học,A2,todo,3,1753,False,60,45,Nghĩa có thể minh họa trực tiếp; ưu tiên bài ngắn
gas.n,gas,"khí, chất khí",A2,todo,3,1754,False,60,45,Nghĩa có thể minh họa trực tiếp; ưu tiên bài ngắn
liquid.n,liquid,chất lỏng,A2,todo,3,1755,False,60,45,Nghĩa có thể minh họa trực tiếp; ưu tiên bài ngắn
solid.n,solid,chất rắn,A2,todo,3,1756,False,60,45,Nghĩa có thể minh họa trực tiếp; ưu tiên bài ngắn
oxygen.n,oxygen,oxy,A2,todo,3,1757,False,60,45,Nghĩa có thể minh họa trực tiếp; ưu tiên bài ngắn
biology.n,biology,sinh học,A2,todo,3,1758,False,60,45,Nghĩa có thể minh họa trực tiếp; ưu tiên bài ngắn
virus.n.biology,virus,virus,A2,todo,3,1759,False,60,45,Nghĩa có thể minh họa trực tiếp; ưu tiên bài ngắn
universe.n,universe,vũ trụ,A2,todo,3,1760,False,60,45,Nghĩa có thể minh họa trực tiếp; ưu tiên bài ngắn
solar system.n,solar system,hệ mặt trời,A2,todo,3,1761,False,60,45,Nghĩa có thể minh họa trực tiếp; ưu tiên bài ngắn
astronaut.n,astronaut,phi hành gia,A2,todo,3,1762,False,60,45,Nghĩa có thể minh họa trực tiếp; ưu tiên bài ngắn
rocket.n,rocket,tên lửa,A2,todo,3,1763,False,60,45,Nghĩa có thể minh họa trực tiếp; ưu tiên bài ngắn
invention.n,invention,phát minh,A2,todo,3,1764,False,60,45,Nghĩa có thể minh họa trực tiếp; ưu tiên bài ngắn
inventor.n,inventor,nhà phát minh,A2,todo,3,1765,False,60,45,Nghĩa có thể minh họa trực tiếp; ưu tiên bài ngắn
discovery.n,discovery,"phát hiện, khám phá",A2,todo,3,1766,False,60,45,Nghĩa có thể minh họa trực tiếp; ưu tiên bài ngắn
technology.n,technology,công nghệ,A2,todo,3,1767,False,60,45,Nghĩa có thể minh họa trực tiếp; ưu tiên bài ngắn
several times.phr,several times,vài lần,A2,todo,3,1768,False,60,45,Nghĩa có thể minh họa trực tiếp; ưu tiên bài ngắn
nowadays.adv,nowadays,ngày nay,A2,todo,3,1769,False,60,45,Nghĩa có thể minh họa trực tiếp; ưu tiên bài ngắn
recently.adv,recently,gần đây,A2,todo,3,1770,False,60,45,Nghĩa có thể minh họa trực tiếp; ưu tiên bài ngắn
immediately.adv,immediately,ngay lập tức,A2,todo,3,1771,False,60,45,Nghĩa có thể minh họa trực tiếp; ưu tiên bài ngắn
suddenly.adv,suddenly,đột nhiên,A2,todo,3,1772,False,60,45,Nghĩa có thể minh họa trực tiếp; ưu tiên bài ngắn
earlier.adv,earlier,sớm hơn,A2,todo,3,1773,False,60,45,Nghĩa có thể minh họa trực tiếp; ưu tiên bài ngắn
at least.phr,at least,ít nhất,A2,todo,3,1774,False,60,45,Nghĩa có thể minh họa trực tiếp; ưu tiên bài ngắn
around.adv.approx-number,around,khoảng chừng (với số liệu),A2,todo,3,1775,False,60,45,Nghĩa có thể minh họa trực tiếp; ưu tiên bài ngắn
part.n.component,part,"bộ phận, linh kiện (máy móc)",A2,todo,3,1776,False,60,45,Nghĩa có thể minh họa trực tiếp; ưu tiên bài ngắn
line.n.drawn-line,line,"đường kẻ, vạch",A2,todo,3,1777,False,60,45,Nghĩa có thể minh họa trực tiếp; ưu tiên bài ngắn
line.n.queue,line,hàng người xếp chờ,A2,todo,3,1778,False,60,45,Nghĩa có thể minh họa trực tiếp; ưu tiên bài ngắn
point.n.location,point,"điểm, vị trí cụ thể",A2,todo,3,1779,False,60,45,Nghĩa có thể minh họa trực tiếp; ưu tiên bài ngắn
space.n.room,space,"khoảng trống, chỗ trống",A2,todo,3,1780,False,60,45,Nghĩa có thể minh họa trực tiếp; ưu tiên bài ngắn
space.n.outer-space,space,không gian vũ trụ,A2,todo,3,1781,False,60,45,Nghĩa có thể minh họa trực tiếp; ưu tiên bài ngắn
turn.n.opportunity-to-act,turn,"lượt, phiên (đến lượt ai)",A2,todo,3,1782,False,60,45,Nghĩa có thể minh họa trực tiếp; ưu tiên bài ngắn
case.n.instance,case,"trường hợp, tình huống",A2,todo,3,1783,False,60,45,Nghĩa có thể minh họa trực tiếp; ưu tiên bài ngắn
level.n.degree-of,level,"mức độ, trình độ",A2,todo,3,1784,False,60,45,Nghĩa có thể minh họa trực tiếp; ưu tiên bài ngắn
figure.n.number-value,figure,con số,A2,todo,3,1785,False,60,45,Nghĩa có thể minh họa trực tiếp; ưu tiên bài ngắn
light.n.daylight,light,"ánh sáng ban ngày, ánh mặt trời",A2,todo,3,1786,False,60,45,Nghĩa có thể minh họa trực tiếp; ưu tiên bài ngắn
order.n.arrangement,order,"trật tự, sự ngăn nắp",A2,todo,3,1787,False,60,45,Nghĩa có thể minh họa trực tiếp; ưu tiên bài ngắn
sign.n.indication,sign,"dấu hiệu, triệu chứng",A2,todo,3,1788,False,60,45,Nghĩa có thể minh họa trực tiếp; ưu tiên bài ngắn
change.n.alteration,change,sự thay đổi,A2,todo,3,1789,False,60,45,Nghĩa có thể minh họa trực tiếp; ưu tiên bài ngắn
charge.n.fee,charge,"phí, khoản tiền phải trả",A2,todo,3,1790,False,60,45,Nghĩa có thể minh họa trực tiếp; ưu tiên bài ngắn
hand.n.assistance,hand,sự giúp đỡ (give someone a hand),A2,todo,3,1791,False,60,45,Nghĩa có thể minh họa trực tiếp; ưu tiên bài ngắn
note.n.message,note,lời nhắn ngắn,A2,todo,3,1792,False,60,45,Nghĩa có thể minh họa trực tiếp; ưu tiên bài ngắn
thing.n.matter-basic,thing,"việc, chuyện (do the right thing)",A2,todo,3,1793,False,60,45,Nghĩa có thể minh họa trực tiếp; ưu tiên bài ngắn
view.n.scenery,view,"cảnh quan, phong cảnh",A2,todo,3,1794,False,60,45,Nghĩa có thể minh họa trực tiếp; ưu tiên bài ngắn
present.n.now,present,"hiện tại, thời điểm hiện tại",A2,todo,3,1795,False,60,45,Nghĩa có thể minh họa trực tiếp; ưu tiên bài ngắn
date.n.romantic,date,buổi hẹn hò,A2,todo,3,1796,False,60,45,Nghĩa có thể minh họa trực tiếp; ưu tiên bài ngắn
fire.n.blaze,fire,vụ hoả hoạn,A2,todo,3,1797,False,60,45,Nghĩa có thể minh họa trực tiếp; ưu tiên bài ngắn
rest.n.remainder,rest,phần còn lại,A2,todo,3,1798,False,60,45,Nghĩa có thể minh họa trực tiếp; ưu tiên bài ngắn
mark.n.trace,mark,"vết, dấu vết",A2,todo,3,1799,False,60,45,Nghĩa có thể minh họa trực tiếp; ưu tiên bài ngắn
model.n.fashion-person,model,người mẫu,A2,todo,3,1800,False,60,45,Nghĩa có thể minh họa trực tiếp; ưu tiên bài ngắn
period.n.class-session,period,tiết học,A2,todo,3,1801,False,60,45,Nghĩa có thể minh họa trực tiếp; ưu tiên bài ngắn
post.n.mail,post,"thư từ, bưu điện",A2,todo,3,1802,False,60,45,Nghĩa có thể minh họa trực tiếp; ưu tiên bài ngắn
step.n.stair,step,bậc thang,A2,todo,3,1803,False,60,45,Nghĩa có thể minh họa trực tiếp; ưu tiên bài ngắn
step.n.procedure-step,step,"bước, giai đoạn trong quy trình",A2,todo,3,1804,False,60,45,Nghĩa có thể minh họa trực tiếp; ưu tiên bài ngắn
title.n.name-of-work,title,"tên (sách, phim, bài hát)",A2,todo,3,1805,False,60,45,Nghĩa có thể minh họa trực tiếp; ưu tiên bài ngắn
top.n.clothing,top,áo (quần áo),A2,todo,3,1806,False,60,45,Nghĩa có thể minh họa trực tiếp; ưu tiên bài ngắn
wave.n.hand-gesture,wave,cái vẫy tay,A2,todo,3,1807,False,60,45,Nghĩa có thể minh họa trực tiếp; ưu tiên bài ngắn
answer.n.solution,answer,"lời giải, đáp án (bài toán)",A2,todo,3,1808,False,60,45,Nghĩa có thể minh họa trực tiếp; ưu tiên bài ngắn
area.n.region-zone,area,"khu vực, vùng",A2,todo,3,1809,False,60,45,Nghĩa có thể minh họa trực tiếp; ưu tiên bài ngắn
attack.n.assault,attack,cuộc tấn công,A2,todo,3,1810,False,60,45,Nghĩa có thể minh họa trực tiếp; ưu tiên bài ngắn
match.n.matchstick,match,que diêm,A2,todo,3,1811,False,60,45,Nghĩa có thể minh họa trực tiếp; ưu tiên bài ngắn
object.n.item-basic,object,đồ vật,A2,todo,3,1812,False,60,45,Nghĩa có thể minh họa trực tiếp; ưu tiên bài ngắn
set.n.collection-set,set,bộ (đồ vật đi cùng nhau),A2,todo,3,1813,False,60,45,Nghĩa có thể minh họa trực tiếp; ưu tiên bài ngắn
check.n.inspection,check,sự kiểm tra,A2,todo,3,1814,False,60,45,Nghĩa có thể minh họa trực tiếp; ưu tiên bài ngắn
cover.n.book-cover,cover,"bìa (sách, tạp chí)",A2,todo,3,1815,False,60,45,Nghĩa có thể minh họa trực tiếp; ưu tiên bài ngắn
cut.n.wound,cut,"vết cắt, vết thương",A2,todo,3,1816,False,60,45,Nghĩa có thể minh họa trực tiếp; ưu tiên bài ngắn
fall.n.physical-fall,fall,cú ngã,A2,todo,3,1817,False,60,45,Nghĩa có thể minh họa trực tiếp; ưu tiên bài ngắn
out of.phr,out of,ra khỏi,A2,todo,3,1818,False,60,45,Nghĩa có thể minh họa trực tiếp; ưu tiên bài ngắn
for example.phr,for example,ví dụ như,A2,todo,3,1819,False,60,45,Nghĩa có thể minh họa trực tiếp; ưu tiên bài ngắn
each other.phr,each other,lẫn nhau,A2,todo,3,1820,False,60,45,Nghĩa có thể minh họa trực tiếp; ưu tiên bài ngắn
a bit.phr,a bit,một chút,A2,todo,3,1821,False,60,45,Nghĩa có thể minh họa trực tiếp; ưu tiên bài ngắn
a little bit.phr,a little bit,một chút xíu,A2,todo,3,1822,False,60,45,Nghĩa có thể minh họa trực tiếp; ưu tiên bài ngắn
so.adv,so,"quá, đến mức (nhấn mạnh)",A2,todo,3,1823,False,60,45,Nghĩa có thể minh họa trực tiếp; ưu tiên bài ngắn
get away.phr.escape,get away,"trốn thoát, đi khỏi",A2,todo,3,1824,False,60,45,Nghĩa có thể minh họa trực tiếp; ưu tiên bài ngắn
put back.phr.return-place,put back,đặt trở lại chỗ cũ,A2,todo,3,1825,False,60,45,Nghĩa có thể minh họa trực tiếp; ưu tiên bài ngắn
put together.phr.assemble,put together,"lắp ráp, ghép lại",A2,todo,3,1826,False,60,45,Nghĩa có thể minh họa trực tiếp; ưu tiên bài ngắn
take down.phr.remove,take down,"gỡ xuống, tháo xuống",A2,todo,3,1827,False,60,45,Nghĩa có thể minh họa trực tiếp; ưu tiên bài ngắn
call back.phr.phone-again,call back,gọi điện lại,A2,todo,3,1828,False,60,45,Nghĩa có thể minh họa trực tiếp; ưu tiên bài ngắn
come along.phr.accompany,come along,đi theo cùng,A2,todo,3,1829,False,60,45,Nghĩa có thể minh họa trực tiếp; ưu tiên bài ngắn
come over.phr.visit-casual,come over,ghé qua nhà chơi,A2,todo,3,1830,False,60,45,Nghĩa có thể minh họa trực tiếp; ưu tiên bài ngắn
go up.phr.increase-price,go up,"tăng lên (giá cả, số liệu)",A2,todo,3,1831,False,60,45,Nghĩa có thể minh họa trực tiếp; ưu tiên bài ngắn
go down.phr.decrease-price,go down,"giảm xuống (giá cả, số liệu)",A2,todo,3,1832,False,60,45,Nghĩa có thể minh họa trực tiếp; ưu tiên bài ngắn
turn up.phr.increase-volume,turn up,"vặn to lên (âm lượng, nhiệt độ)",A2,todo,3,1833,False,60,45,Nghĩa có thể minh họa trực tiếp; ưu tiên bài ngắn
turn down.phr.decrease-volume,turn down,vặn nhỏ lại (âm lượng),A2,todo,3,1834,False,60,45,Nghĩa có thể minh họa trực tiếp; ưu tiên bài ngắn
turn around.phr.face-around,turn around,quay người lại,A2,todo,3,1835,False,60,45,Nghĩa có thể minh họa trực tiếp; ưu tiên bài ngắn
give back.phr.return-item,give back,trả lại,A2,todo,3,1836,False,60,45,Nghĩa có thể minh họa trực tiếp; ưu tiên bài ngắn
clean up.phr.tidy,clean up,dọn dẹp sạch sẽ,A2,todo,3,1837,False,60,45,Nghĩa có thể minh họa trực tiếp; ưu tiên bài ngắn
fill in.phr.complete-form,fill in,điền vào (biểu mẫu),A2,todo,3,1838,False,60,45,Nghĩa có thể minh họa trực tiếp; ưu tiên bài ngắn
fill out.phr.complete-form-full,fill out,điền đầy đủ (biểu mẫu),A2,todo,3,1839,False,60,45,Nghĩa có thể minh họa trực tiếp; ưu tiên bài ngắn
hand in.phr.submit,hand in,"nộp (bài tập, hồ sơ)",A2,todo,3,1840,False,60,45,Nghĩa có thể minh họa trực tiếp; ưu tiên bài ngắn
keep away from.phr.stay-away,keep away from,tránh xa,A2,todo,3,1841,False,60,45,Nghĩa có thể minh họa trực tiếp; ưu tiên bài ngắn
let in.phr.allow-enter,let in,cho vào trong,A2,todo,3,1842,False,60,45,Nghĩa có thể minh họa trực tiếp; ưu tiên bài ngắn
let out.phr.release,let out,"thả ra, cho ra ngoài",A2,todo,3,1843,False,60,45,Nghĩa có thể minh họa trực tiếp; ưu tiên bài ngắn
log in.phr.sign-in-account,log in,đăng nhập,A2,todo,3,1844,False,60,45,Nghĩa có thể minh họa trực tiếp; ưu tiên bài ngắn
log out.phr.sign-out-account,log out,đăng xuất,A2,todo,3,1845,False,60,45,Nghĩa có thể minh họa trực tiếp; ưu tiên bài ngắn
pass by.phr.go-past,pass by,đi ngang qua,A2,todo,3,1846,False,60,45,Nghĩa có thể minh họa trực tiếp; ưu tiên bài ngắn
run away.phr.flee,run away,bỏ trốn,A2,todo,3,1847,False,60,45,Nghĩa có thể minh họa trực tiếp; ưu tiên bài ngắn
throw away.phr.discard,throw away,vứt bỏ,A2,todo,3,1848,False,60,45,Nghĩa có thể minh họa trực tiếp; ưu tiên bài ngắn
laugh at.phr.mock,laugh at,cười nhạo,A2,todo,3,1849,False,60,45,Nghĩa có thể minh họa trực tiếp; ưu tiên bài ngắn
slow down.phr.decelerate,slow down,chậm lại,A2,todo,3,1850,False,60,45,Nghĩa có thể minh họa trực tiếp; ưu tiên bài ngắn
speed up.phr.accelerate,speed up,tăng tốc,A2,todo,3,1851,False,60,45,Nghĩa có thể minh họa trực tiếp; ưu tiên bài ngắn
eat out.phr.dine-out,eat out,đi ăn ngoài,A2,todo,3,1852,False,60,45,Nghĩa có thể minh họa trực tiếp; ưu tiên bài ngắn
join in.phr.participate-casual,join in,tham gia cùng,A2,todo,3,1853,False,60,45,Nghĩa có thể minh họa trực tiếp; ưu tiên bài ngắn
sleep over.phr.stay-overnight,sleep over,ngủ lại qua đêm ở nhà người khác,A2,todo,3,1854,False,60,45,Nghĩa có thể minh họa trực tiếp; ưu tiên bài ngắn
zip up.phr.zip-close,zip up,kéo khoá lên,A2,todo,3,1855,False,60,45,Nghĩa có thể minh họa trực tiếp; ưu tiên bài ngắn
look after.phr,look after,"trông nom, chăm sóc",A2,todo,4,1856,True,100,70,Cụm từ khó suy nghĩa từ từng thành phần
lend.v,lend,cho mượn,A2,todo,4,1857,True,100,70,"Cần đối chiếu cách dùng dễ nhầm, chỉ dạy nghĩa đã chọn"
borrow.v,borrow,mượn,A2,todo,4,1858,True,100,70,"Cần đối chiếu cách dùng dễ nhầm, chỉ dạy nghĩa đã chọn"
available.adj,available,có sẵn,A2,todo,4,1859,True,100,70,Nghĩa trừu tượng hoặc quan hệ xã hội cần tình huống và hậu quả
quality.n,quality,chất lượng,A2,todo,4,1860,True,100,70,Nghĩa trừu tượng hoặc quan hệ xã hội cần tình huống và hậu quả
experience.n,experience,kinh nghiệm,A2,todo,4,1861,True,100,70,Nghĩa trừu tượng hoặc quan hệ xã hội cần tình huống và hậu quả
market.n.economy,market,thị trường,A2,todo,4,1862,True,100,70,Nghĩa trừu tượng hoặc quan hệ xã hội cần tình huống và hậu quả
product.n,product,sản phẩm,A2,todo,4,1863,True,100,70,Nghĩa trừu tượng hoặc quan hệ xã hội cần tình huống và hậu quả
service.n,service,dịch vụ,A2,todo,4,1864,True,100,70,Nghĩa trừu tượng hoặc quan hệ xã hội cần tình huống và hậu quả
brand.n.company,brand,nhãn hiệu,A2,todo,4,1865,True,100,70,Nghĩa trừu tượng hoặc quan hệ xã hội cần tình huống và hậu quả
sign.v,sign,ký,A2,todo,4,1866,True,100,70,Nghĩa trừu tượng hoặc quan hệ xã hội cần tình huống và hậu quả
take off.phr,take off,cất cánh,A2,todo,4,1867,True,100,70,"Cần đối chiếu cách dùng dễ nhầm, chỉ dạy nghĩa đã chọn"
available.adj.booking,available,còn trống để đặt,A2,todo,4,1868,True,100,70,Nghĩa trừu tượng hoặc quan hệ xã hội cần tình huống và hậu quả
mean.adj,mean,"keo kiệt, ác ý",A2,todo,4,1869,True,100,70,Nghĩa trừu tượng hoặc quan hệ xã hội cần tình huống và hậu quả
promise.v,promise,hứa,A2,todo,4,1870,True,100,70,Nghĩa trừu tượng hoặc quan hệ xã hội cần tình huống và hậu quả
talk.n,talk,buổi nói chuyện,A2,todo,4,1871,True,100,70,"Cần đối chiếu cách dùng dễ nhầm, chỉ dạy nghĩa đã chọn"
opinion.n,opinion,ý kiến,A2,todo,4,1872,True,100,70,Nghĩa trừu tượng hoặc quan hệ xã hội cần tình huống và hậu quả
grammar.n,grammar,ngữ pháp,A2,todo,4,1873,True,100,70,Nghĩa trừu tượng hoặc quan hệ xã hội cần tình huống và hậu quả
meaning.n,meaning,ý nghĩa,A2,todo,4,1874,True,100,70,Nghĩa trừu tượng hoặc quan hệ xã hội cần tình huống và hậu quả
agreement.n.consent,agreement,sự đồng ý,A2,todo,4,1875,True,100,70,Nghĩa trừu tượng hoặc quan hệ xã hội cần tình huống và hậu quả
suggestion.n,suggestion,gợi ý,A2,todo,4,1876,True,100,70,Nghĩa trừu tượng hoặc quan hệ xã hội cần tình huống và hậu quả
promise.n,promise,lời hứa,A2,todo,4,1877,True,100,70,Nghĩa trừu tượng hoặc quan hệ xã hội cần tình huống và hậu quả
explanation.n,explanation,lời giải thích,A2,todo,4,1878,True,100,70,Nghĩa trừu tượng hoặc quan hệ xã hội cần tình huống và hậu quả
tense.n,tense,thì (ngữ pháp),A2,todo,4,1879,True,100,70,Nghĩa trừu tượng hoặc quan hệ xã hội cần tình huống và hậu quả
keep in touch.phr,keep in touch,giữ liên lạc,A2,todo,4,1880,True,100,70,Cụm từ khó suy nghĩa từ từng thành phần
law.n,law,"luật, pháp luật",A2,todo,4,1881,True,100,70,Nghĩa trừu tượng hoặc quan hệ xã hội cần tình huống và hậu quả
case.n.legal,case,"vụ án, vụ kiện",A2,todo,4,1882,True,100,70,Nghĩa trừu tượng hoặc quan hệ xã hội cần tình huống và hậu quả
fine.n,fine,tiền phạt,A2,todo,4,1883,True,100,70,Nghĩa trừu tượng hoặc quan hệ xã hội cần tình huống và hậu quả
crime.n,crime,tội phạm,A2,todo,4,1884,True,100,70,Nghĩa trừu tượng hoặc quan hệ xã hội cần tình huống và hậu quả
criminal.n,criminal,tội phạm (người),A2,todo,4,1885,True,100,70,Nghĩa trừu tượng hoặc quan hệ xã hội cần tình huống và hậu quả
right.n,right,quyền (con người),A2,todo,4,1886,True,100,70,Nghĩa trừu tượng hoặc quan hệ xã hội cần tình huống và hậu quả
freedom.n,freedom,tự do,A2,todo,4,1887,True,100,70,Nghĩa trừu tượng hoặc quan hệ xã hội cần tình huống và hậu quả
citizen.n,citizen,công dân,A2,todo,4,1888,True,100,70,Nghĩa trừu tượng hoặc quan hệ xã hội cần tình huống và hậu quả
nationality.n,nationality,quốc tịch,A2,todo,4,1889,True,100,70,Nghĩa trừu tượng hoặc quan hệ xã hội cần tình huống và hậu quả
government.n,government,chính phủ,A2,todo,4,1890,True,100,70,Nghĩa trừu tượng hoặc quan hệ xã hội cần tình huống và hậu quả
state.n.nation,state,"nhà nước, tiểu bang",A2,todo,4,1891,True,100,70,Nghĩa trừu tượng hoặc quan hệ xã hội cần tình huống và hậu quả
nation.n,nation,quốc gia,A2,todo,4,1892,True,100,70,Nghĩa trừu tượng hoặc quan hệ xã hội cần tình huống và hậu quả
election.n,election,cuộc bầu cử,A2,todo,4,1893,True,100,70,Nghĩa trừu tượng hoặc quan hệ xã hội cần tình huống và hậu quả
vote.n,vote,"lá phiếu, sự bỏ phiếu",A2,todo,4,1894,True,100,70,Nghĩa trừu tượng hoặc quan hệ xã hội cần tình huống và hậu quả
candidate.n.election,candidate,ứng cử viên (chính trị),A2,todo,4,1895,True,100,70,Nghĩa trừu tượng hoặc quan hệ xã hội cần tình huống và hậu quả
form.n,form,biểu mẫu,A2,todo,4,1896,True,100,70,Nghĩa trừu tượng hoặc quan hệ xã hội cần tình huống và hậu quả
application.n.administrative,application,đơn xin,A2,todo,4,1897,True,100,70,Nghĩa trừu tượng hoặc quan hệ xã hội cần tình huống và hậu quả
certificate.n.administrative,certificate,giấy chứng nhận,A2,todo,4,1898,True,100,70,Nghĩa trừu tượng hoặc quan hệ xã hội cần tình huống và hậu quả
fee.n.administrative,fee,lệ phí,A2,todo,4,1899,True,100,70,Nghĩa trừu tượng hoặc quan hệ xã hội cần tình huống và hậu quả
elect.v,elect,bầu cử,A2,todo,4,1900,True,100,70,Nghĩa trừu tượng hoặc quan hệ xã hội cần tình huống và hậu quả
vote.v,vote,bỏ phiếu,A2,todo,4,1901,True,100,70,Nghĩa trừu tượng hoặc quan hệ xã hội cần tình huống và hậu quả
register.v,register,đăng ký,A2,todo,4,1902,True,100,70,Nghĩa trừu tượng hoặc quan hệ xã hội cần tình huống và hậu quả
legal.adj,legal,hợp pháp,A2,todo,4,1903,True,100,70,Nghĩa trừu tượng hoặc quan hệ xã hội cần tình huống và hậu quả
illegal.adj,illegal,bất hợp pháp,A2,todo,4,1904,True,100,70,Nghĩa trừu tượng hoặc quan hệ xã hội cần tình huống và hậu quả
guilty.adj.legal,guilty,có tội,A2,todo,4,1905,True,100,70,Nghĩa trừu tượng hoặc quan hệ xã hội cần tình huống và hậu quả
innocent.adj,innocent,vô tội,A2,todo,4,1906,True,100,70,Nghĩa trừu tượng hoặc quan hệ xã hội cần tình huống và hậu quả
official.adj,official,chính thức,A2,todo,4,1907,True,100,70,Nghĩa trừu tượng hoặc quan hệ xã hội cần tình huống và hậu quả
public.adj.government,public,công khai,A2,todo,4,1908,True,100,70,Nghĩa trừu tượng hoặc quan hệ xã hội cần tình huống và hậu quả
theory.n,theory,"học thuyết, lý thuyết",A2,todo,4,1909,True,100,70,Nghĩa trừu tượng hoặc quan hệ xã hội cần tình huống và hậu quả
method.n,method,phương pháp,A2,todo,4,1910,True,100,70,Nghĩa trừu tượng hoặc quan hệ xã hội cần tình huống và hậu quả
cause.n,cause,nguyên nhân,A2,todo,4,1911,True,100,70,Nghĩa trừu tượng hoặc quan hệ xã hội cần tình huống và hậu quả
already.adv,already,"đã, rồi",A2,todo,4,1912,True,100,70,"Cần đối chiếu cách dùng dễ nhầm, chỉ dạy nghĩa đã chọn"
still.adv,still,vẫn còn,A2,todo,4,1913,True,100,70,"Cần đối chiếu cách dùng dễ nhầm, chỉ dạy nghĩa đã chọn"
yet.adv,yet,chưa,A2,todo,4,1914,True,100,70,"Cần đối chiếu cách dùng dễ nhầm, chỉ dạy nghĩa đã chọn"
exactly.adv,exactly,chính xác,A2,todo,4,1915,True,100,70,Phạm vi/tần suất hoặc sắc thái cần đối chiếu trong câu
nearly.adv,nearly,gần như,A2,todo,4,1916,True,100,70,Phạm vi/tần suất hoặc sắc thái cần đối chiếu trong câu
mind.n.intellect,mind,"tâm trí, đầu óc",A2,todo,4,1917,True,100,70,Nghĩa trừu tượng hoặc quan hệ xã hội cần tình huống và hậu quả
power.n.authority,power,"quyền lực, quyền hành",A2,todo,4,1918,True,100,70,Nghĩa trừu tượng hoặc quan hệ xã hội cần tình huống và hậu quả
power.n.electricity,power,"điện, nguồn điện",A2,todo,4,1919,True,100,70,Nghĩa trừu tượng hoặc quan hệ xã hội cần tình huống và hậu quả
state.n.condition,state,"trạng thái, tình trạng",A2,todo,4,1920,True,100,70,Nghĩa trừu tượng hoặc quan hệ xã hội cần tình huống và hậu quả
matter.n.issue-topic,matter,"vấn đề, chuyện",A2,todo,4,1921,True,100,70,Nghĩa trừu tượng hoặc quan hệ xã hội cần tình huống và hậu quả
form.n.shape,form,"hình dạng, hình thể",A2,todo,4,1922,True,100,70,Nghĩa trừu tượng hoặc quan hệ xã hội cần tình huống và hậu quả
idea.n.notion,idea,khái niệm mơ hồ (have no idea),A2,todo,4,1923,True,100,70,Nghĩa trừu tượng hoặc quan hệ xã hội cần tình huống và hậu quả
interest.n.curiosity,interest,"sự quan tâm, hứng thú",A2,todo,4,1924,True,100,70,Nghĩa trừu tượng hoặc quan hệ xã hội cần tình huống và hậu quả
course.n.meal-course,course,"món ăn (trong bữa, main course)",A2,todo,4,1925,True,100,70,Nghĩa trừu tượng hoặc quan hệ xã hội cần tình huống và hậu quả
process.n.procedure,process,"quá trình, quy trình",A2,todo,4,1926,True,100,70,Nghĩa trừu tượng hoặc quan hệ xã hội cần tình huống và hậu quả
system.n.system-basic,system,hệ thống,A2,todo,4,1927,True,100,70,Nghĩa trừu tượng hoặc quan hệ xã hội cần tình huống và hậu quả
look.n.glance-noun,look,"cái nhìn, ánh mắt",A2,todo,4,1928,True,100,70,"Cần đối chiếu cách dùng dễ nhầm, chỉ dạy nghĩa đã chọn"
make.v.cause,make,"khiến, làm cho ai đó thế nào",A2,todo,4,1929,True,100,70,"Cần đối chiếu cách dùng dễ nhầm, chỉ dạy nghĩa đã chọn"
take.v.require-time,take,"mất, cần (thời gian)",A2,todo,4,1930,True,100,70,"Cần đối chiếu cách dùng dễ nhầm, chỉ dạy nghĩa đã chọn"
take.v.medicine,take,uống (thuốc),A2,todo,4,1931,True,100,70,"Cần đối chiếu cách dùng dễ nhầm, chỉ dạy nghĩa đã chọn"
mean.v.signify,mean,có nghĩa là,A2,todo,4,1932,True,100,70,Nghĩa trừu tượng hoặc quan hệ xã hội cần tình huống và hậu quả
seem.v.appear,seem,có vẻ như,A2,todo,4,1933,True,100,70,Nghĩa trừu tượng hoặc quan hệ xã hội cần tình huống và hậu quả
allow.v.permit,allow,cho phép,A2,todo,4,1934,True,100,70,Nghĩa trừu tượng hoặc quan hệ xã hội cần tình huống và hậu quả
avoid.v.evade,avoid,tránh,A2,todo,4,1935,True,100,70,Nghĩa trừu tượng hoặc quan hệ xã hội cần tình huống và hậu quả
see.v.understand,see,hiểu (I see),A2,todo,4,1936,True,100,70,"Cần đối chiếu cách dùng dễ nhầm, chỉ dạy nghĩa đã chọn"
see.v.visit-professional,see,gặp (bác sĩ),A2,todo,4,1937,True,100,70,"Cần đối chiếu cách dùng dễ nhầm, chỉ dạy nghĩa đã chọn"
decide.v.determine-basic,decide,quyết định,A2,todo,4,1938,True,100,70,Nghĩa trừu tượng hoặc quan hệ xã hội cần tình huống và hậu quả
expect.v.expect-basic,expect,"mong đợi, dự đoán",A2,todo,4,1939,True,100,70,Nghĩa trừu tượng hoặc quan hệ xã hội cần tình huống và hậu quả
include.v.include-basic,include,bao gồm,A2,todo,4,1940,True,100,70,Nghĩa trừu tượng hoặc quan hệ xã hội cần tình huống và hậu quả
imagine.v.imagine-basic,imagine,tưởng tượng,A2,todo,4,1941,True,100,70,Nghĩa trừu tượng hoặc quan hệ xã hội cần tình huống và hậu quả
encourage.v.encourage-basic,encourage,khuyến khích,A2,todo,4,1942,True,100,70,Nghĩa trừu tượng hoặc quan hệ xã hội cần tình huống và hậu quả
necessary.adj.necessary-basic,necessary,cần thiết,A2,todo,4,1943,True,100,70,Nghĩa trừu tượng hoặc quan hệ xã hội cần tình huống và hậu quả
possible.adj.possible-basic,possible,có thể xảy ra,A2,todo,4,1944,True,100,70,Nghĩa trừu tượng hoặc quan hệ xã hội cần tình huống và hậu quả
impossible.adj.impossible-basic,impossible,không thể,A2,todo,4,1945,True,100,70,Nghĩa trừu tượng hoặc quan hệ xã hội cần tình huống và hậu quả
because of.phr,because of,"vì, bởi vì",A2,todo,4,1946,True,100,70,Cụm từ khó suy nghĩa từ từng thành phần
instead of.phr,instead of,thay vì,A2,todo,4,1947,True,100,70,Cụm từ khó suy nghĩa từ từng thành phần
however.adv,however,"tuy nhiên, dùng nối hai câu đối lập",A2,todo,4,1948,True,100,70,Phạm vi/tần suất hoặc sắc thái cần đối chiếu trong câu
actually.adv,actually,thực ra,A2,todo,4,1949,True,100,70,Phạm vi/tần suất hoặc sắc thái cần đối chiếu trong câu
quite.adv,quite,khá là,A2,todo,4,1950,True,100,70,Phạm vi/tần suất hoặc sắc thái cần đối chiếu trong câu
completely.adv,completely,hoàn toàn,A2,todo,4,1951,True,100,70,Phạm vi/tần suất hoặc sắc thái cần đối chiếu trong câu
enough.adv,enough,đủ,A2,todo,4,1952,True,100,70,"Cần đối chiếu cách dùng dễ nhầm, chỉ dạy nghĩa đã chọn"
even.adv,even,thậm chí,A2,todo,4,1953,True,100,70,Phạm vi/tần suất hoặc sắc thái cần đối chiếu trong câu
almost.adv,almost,gần như,A2,todo,4,1954,True,100,70,Phạm vi/tần suất hoặc sắc thái cần đối chiếu trong câu
especially.adv,especially,đặc biệt là,A2,todo,4,1955,True,100,70,Phạm vi/tần suất hoặc sắc thái cần đối chiếu trong câu
put off.phr.postpone,put off,hoãn lại,A2,todo,4,1956,True,100,70,Cụm từ khó suy nghĩa từ từng thành phần
put up.phr.hang,put up,"treo lên, dựng lên",A2,todo,4,1957,True,100,70,Cụm từ khó suy nghĩa từ từng thành phần
put down.phr.write-note,put down,ghi chú lại,A2,todo,4,1958,True,100,70,Cụm từ khó suy nghĩa từ từng thành phần
take off.phr.remove-clothes,take off,cởi bỏ quần áo,A2,todo,4,1959,True,100,70,"Cần đối chiếu cách dùng dễ nhầm, chỉ dạy nghĩa đã chọn"
go on.phr.continue,go on,tiếp tục,A2,todo,4,1960,True,100,70,Cụm từ khó suy nghĩa từ từng thành phần
go out with.phr.dating,go out with,hẹn hò với ai,A2,todo,4,1961,True,100,70,Cụm từ khó suy nghĩa từ từng thành phần
look forward to.phr.anticipate,look forward to,"mong chờ, háo hức chờ",A2,todo,4,1962,True,100,70,Cụm từ khó suy nghĩa từ từng thành phần
look up.phr.search-reference,look up,"tra cứu (từ điển, thông tin)",A2,todo,4,1963,True,100,70,Cụm từ khó suy nghĩa từ từng thành phần
give up.phr.abandon,give up,từ bỏ,A2,todo,4,1964,True,100,70,Cụm từ khó suy nghĩa từ từng thành phần
check out.phr.hotel-checkout,check out,trả phòng khách sạn,A2,todo,4,1965,True,100,70,Cụm từ khó suy nghĩa từ từng thành phần
clear up.phr.tidy-up,clear up,dọn dẹp gọn gàng,A2,todo,4,1966,True,100,70,Cụm từ khó suy nghĩa từ từng thành phần
find out.phr.discover,find out,"phát hiện ra, tìm hiểu",A2,todo,4,1967,True,100,70,Cụm từ khó suy nghĩa từ từng thành phần
hang on.phr.wait-informal,hang on,chờ một chút,A2,todo,4,1968,True,100,70,Cụm từ khó suy nghĩa từ từng thành phần
hang up.phr.end-call,hang up,cúp máy điện thoại,A2,todo,4,1969,True,100,70,Cụm từ khó suy nghĩa từ từng thành phần
hold on.phr.wait-hold,hold on,"chờ đã, cầm giữ chặt",A2,todo,4,1970,True,100,70,Cụm từ khó suy nghĩa từ từng thành phần
run out of.phr.deplete,run out of,"dùng hết, hết sạch",A2,todo,4,1971,True,100,70,Cụm từ khó suy nghĩa từ từng thành phần
set up.phr.establish,set up,"thành lập, thiết lập",A2,todo,4,1972,True,100,70,Cụm từ khó suy nghĩa từ từng thành phần
show up.phr.appear,show up,"xuất hiện, đến nơi",A2,todo,4,1973,True,100,70,Cụm từ khó suy nghĩa từ từng thành phần
depend on.phr.rely,depend on,phụ thuộc vào,A2,todo,4,1974,True,100,70,Cụm từ khó suy nghĩa từ từng thành phần
focus on.phr.concentrate,focus on,tập trung vào,A2,todo,4,1975,True,100,70,Cụm từ khó suy nghĩa từ từng thành phần
think of.phr.think-idea,think of,"nghĩ đến, nảy ra ý",A2,todo,4,1976,True,100,70,Cụm từ khó suy nghĩa từ từng thành phần
watch out for.phr.be-careful,watch out for,"coi chừng, cẩn thận với",A2,todo,4,1977,True,100,70,Cụm từ khó suy nghĩa từ từng thành phần
wrap up.phr.wrap-gift,wrap up,gói lại,A2,todo,4,1978,True,100,70,Cụm từ khó suy nghĩa từ từng thành phần
pay back.phr.repay,pay back,trả lại (tiền đã vay),A2,todo,4,1979,True,100,70,Cụm từ khó suy nghĩa từ từng thành phần
save up.phr.save-money,save up,tiết kiệm dần dần,A2,todo,4,1980,True,100,70,Cụm từ khó suy nghĩa từ từng thành phần
believe in.phr.believe-exist,believe in,tin tưởng vào sự tồn tại hoặc đúng đắn của,A2,todo,4,1981,True,100,70,Cụm từ khó suy nghĩa từ từng thành phần
complain about.phr.complain,complain about,than phiền về,A2,todo,4,1982,True,100,70,Cụm từ khó suy nghĩa từ từng thành phần
hear from.phr.receive-news,hear from,"nhận được tin, thư từ ai",A2,todo,4,1983,True,100,70,Cụm từ khó suy nghĩa từ từng thành phần
opposite.prep,opposite,đối diện,A2,todo,5,1984,True,100,70,Quan hệ ngữ pháp/cách dùng cần ngữ cảnh và lượt chọn câu
along.prep,along,dọc theo,A2,todo,5,1985,True,100,70,Quan hệ ngữ pháp/cách dùng cần ngữ cảnh và lượt chọn câu
across.prep,across,băng qua,A2,todo,5,1986,True,100,70,Quan hệ ngữ pháp/cách dùng cần ngữ cảnh và lượt chọn câu
past.prep,past,đi ngang qua,A2,todo,5,1987,True,100,70,Quan hệ ngữ pháp/cách dùng cần ngữ cảnh và lượt chọn câu
around.prep,around,quanh,A2,todo,5,1988,True,100,70,Quan hệ ngữ pháp/cách dùng cần ngữ cảnh và lượt chọn câu
few.det,few,"ít, không nhiều",A2,todo,5,1989,True,100,70,"Quan hệ ngữ pháp/cách dùng cần ngữ cảnh và lượt chọn câu; Cần đối chiếu cách dùng dễ nhầm, chỉ dạy nghĩa đã chọn"
little.det,little,"ít, không nhiều (không đếm được)",A2,todo,5,1990,True,100,70,"Quan hệ ngữ pháp/cách dùng cần ngữ cảnh và lượt chọn câu; Cần đối chiếu cách dùng dễ nhầm, chỉ dạy nghĩa đã chọn"
several.det,several,"vài, một số",A2,todo,5,1991,True,100,70,Quan hệ ngữ pháp/cách dùng cần ngữ cảnh và lượt chọn câu
a couple of.det,a couple of,"một vài, hai ba",A2,todo,5,1992,True,100,70,Quan hệ ngữ pháp/cách dùng cần ngữ cảnh và lượt chọn câu
over.prep,over,"hơn, trên (số lượng)",A2,todo,5,1993,True,100,70,Quan hệ ngữ pháp/cách dùng cần ngữ cảnh và lượt chọn câu
under.prep,under,"dưới, chưa tới (số lượng)",A2,todo,5,1994,True,100,70,Quan hệ ngữ pháp/cách dùng cần ngữ cảnh và lượt chọn câu
into.prep,into,vào trong,A2,todo,5,1995,True,100,70,Quan hệ ngữ pháp/cách dùng cần ngữ cảnh và lượt chọn câu
against.prep,against,"chống lại, tựa vào",A2,todo,5,1996,True,100,70,Quan hệ ngữ pháp/cách dùng cần ngữ cảnh và lượt chọn câu
while.conj,while,trong khi,A2,todo,5,1997,True,100,70,"Quan hệ ngữ pháp/cách dùng cần ngữ cảnh và lượt chọn câu; Cần đối chiếu cách dùng dễ nhầm, chỉ dạy nghĩa đã chọn"
as.conj,as,"khi, vì, như là",A2,todo,5,1998,True,100,70,"Quan hệ ngữ pháp/cách dùng cần ngữ cảnh và lượt chọn câu; Cần đối chiếu cách dùng dễ nhầm, chỉ dạy nghĩa đã chọn"
since.conj,since,"từ khi, bởi vì",A2,todo,5,1999,True,100,70,"Quan hệ ngữ pháp/cách dùng cần ngữ cảnh và lượt chọn câu; Cần đối chiếu cách dùng dễ nhầm, chỉ dạy nghĩa đã chọn"
until.conj,until,cho đến khi,A2,todo,5,2000,True,100,70,"Quan hệ ngữ pháp/cách dùng cần ngữ cảnh và lượt chọn câu; Cần đối chiếu cách dùng dễ nhầm, chỉ dạy nghĩa đã chọn"
as soon as.conj,as soon as,ngay khi,A2,todo,5,2001,True,100,70,Quan hệ ngữ pháp/cách dùng cần ngữ cảnh và lượt chọn câu
yourselves.pron,yourselves,chính các bạn,A2,todo,5,2002,True,100,70,Quan hệ ngữ pháp/cách dùng cần ngữ cảnh và lượt chọn câu
nowhere.pron,nowhere,không nơi nào,A2,todo,5,2003,True,100,70,Quan hệ ngữ pháp/cách dùng cần ngữ cảnh và lượt chọn câu
that.pron.relative,that,"cái mà, người mà (mệnh đề quan hệ)",A2,todo,5,2004,True,100,70,Quan hệ ngữ pháp/cách dùng cần ngữ cảnh và lượt chọn câu
which.pron,which,"cái mà (mệnh đề quan hệ, không phải người)",A2,todo,5,2005,True,100,70,Quan hệ ngữ pháp/cách dùng cần ngữ cảnh và lượt chọn câu
who.pron,who,người mà (mệnh đề quan hệ),A2,todo,5,2006,True,100,70,Quan hệ ngữ pháp/cách dùng cần ngữ cảnh và lượt chọn câu
none.pron,none,"không cái nào, không ai",A2,todo,5,2007,True,100,70,Quan hệ ngữ pháp/cách dùng cần ngữ cảnh và lượt chọn câu
either.pron,either,một trong hai,A2,todo,5,2008,True,100,70,"Quan hệ ngữ pháp/cách dùng cần ngữ cảnh và lượt chọn câu; Cần đối chiếu cách dùng dễ nhầm, chỉ dạy nghĩa đã chọn"
neither.pron,neither,không cái nào trong hai,A2,todo,5,2009,True,100,70,"Quan hệ ngữ pháp/cách dùng cần ngữ cảnh và lượt chọn câu; Cần đối chiếu cách dùng dễ nhầm, chỉ dạy nghĩa đã chọn"
